Age,Gender,Family_Income,Internet_Access,Study_Hours_per_Day,Attendance_Rate,Assignment_Delay_Days,Travel_Time_Minutes,Part_Time_Job,Scholarship,Stress_Index,GPA,CGPA,Dropout,Semester_Year 2,Semester_Year 3,Semester_Year 4,Department_Business,Department_CS,Department_Engineering,Department_Science,Parental_Education_High School,Parental_Education_Master,Parental_Education_PhD
22.1,1,25000.0,1,3.36,86.1,2,20.4,1,0,5.5,0.96,0.9,0,0,0,0,0,0,0,0,1,0,0
20.7,1,25000.0,1,4.3,68.0,2,44.0,0,0,6.8,1.28,1.19,1,0,1,0,0,0,1,0,0,0,0
22.4,1,40183.0,1,4.4,70.9,0,48.9,1,0,5.5,1.68,1.32,0,0,0,0,0,0,0,0,0,1,0
24.4,1,29740.5,1,4.0,82.2,2,38.6,0,0,5.5,1.78,1.77,1,0,0,0,0,1,0,0,1,0,0
20.5,0,25319.0,1,4.19,75.7,1,23.0,0,0,7.0,1.48,0.87,0,0,0,1,1,0,0,0,0,0,0
20.5,1,25000.0,1,4.11,89.1,2,47.1,0,1,6.0,2.52,2.69,0,0,1,0,1,0,0,0,0,0,0
24.5,1,25000.0,1,3.0,78.2,1,37.4,1,1,7.3,0.64,0.44,0,0,0,1,0,1,0,0,0,0,0
22.7,0,25000.0,1,2.12,86.4,1,34.0,0,1,6.5,1.79,1.14,0,0,0,0,0,0,0,0,1,0,0
20.0,1,57413.0,1,4.07,97.5,3,52.1,0,0,4.2,3.08,2.81,0,0,0,0,0,1,0,0,1,0,0
22.2,0,44930.0,1,2.98,82.2,1,19.7,0,0,6.7,1.59,1.73,0,0,0,0,0,0,0,1,0,1,0
20.0,0,25000.0,1,5.27,73.9,3,39.3,1,0,7.2,1.52,1.46,1,0,1,0,1,0,0,0,0,0,0
20.0,1,46056.0,1,2.37,85.2,6,20.2,1,1,8.0,0.0,0.15,1,1,0,0,0,0,1,0,0,0,0
21.5,0,50644.0,1,3.54,84.3,1,22.7,0,1,4.6,2.56,2.72,0,0,0,1,0,1,0,0,0,0,0
17.0,0,27000.0,1,4.2,84.0,1,61.2,0,1,4.8,2.68,2.7,0,0,0,0,1,0,0,0,0,0,0
17.2,1,29740.5,1,4.0,92.9,1,36.0,1,0,5.5,2.6,2.92,0,0,1,0,0,0,1,0,0,0,0
19.8,1,26246.0,0,3.49,72.5,2,52.2,0,0,7.0,2.81,3.15,0,0,0,0,0,0,0,0,0,1,0
18.8,0,28037.0,1,4.24,90.0,2,36.5,0,1,4.6,2.55,2.2,0,0,0,0,0,0,1,0,1,0,0
21.7,0,25000.0,1,4.8,77.2,0,34.8,1,1,4.3,1.99,1.78,0,0,0,1,1,0,0,0,0,1,0
19.0,0,37058.0,1,4.99,93.0,2,22.5,0,0,4.7,3.25,3.59,0,0,0,0,0,0,0,0,0,0,0
17.9,1,35168.0,1,4.48,65.0,1,41.7,0,0,5.6,1.71,1.63,1,0,0,0,1,0,0,0,0,0,0
24.2,0,38833.0,1,6.35,99.8,2,30.3,0,1,3.9,2.63,2.23,0,0,0,0,0,1,0,0,0,0,0
20.5,1,35149.0,1,3.48,79.8,0,31.0,1,0,6.3,2.09,2.0,0,0,1,0,0,0,0,0,0,1,0
21.1,0,46069.0,1,6.25,72.3,2,26.9,1,1,2.4,4.0,3.92,0,0,1,0,0,1,0,0,0,0,0
17.9,0,26700.0,1,4.9,89.3,3,28.8,0,1,4.0,3.14,3.04,0,0,0,1,1,0,0,0,0,0,0
19.8,0,33559.0,1,4.32,86.1,3,30.3,1,0,5.8,0.42,0.43,1,0,0,1,1,0,0,0,0,0,1
21.2,0,25000.0,1,4.42,85.6,2,31.5,0,0,3.8,3.47,3.66,0,1,0,0,0,1,0,0,0,1,0
18.5,0,25000.0,1,5.22,89.4,0,29.4,0,0,4.7,1.66,1.67,0,0,1,0,0,0,0,1,0,0,0
21.8,0,66367.0,1,3.07,82.3,4,11.3,0,0,5.3,1.01,0.82,0,0,1,0,0,1,0,0,1,0,0
19.7,1,25000.0,1,4.19,79.7,1,36.5,1,0,9.3,1.15,0.76,0,0,1,0,1,0,0,0,1,0,0
20.4,0,29740.5,0,4.0,72.7,3,28.5,0,0,5.5,2.78,3.03,0,0,0,0,0,1,0,0,1,0,0
19.7,0,25000.0,1,6.08,81.1,7,5.0,1,0,5.9,3.96,3.82,0,0,0,1,0,1,0,0,0,0,0
25.1,1,29740.5,1,4.0,77.9,3,10.9,0,1,5.5,2.56,2.48,1,0,1,0,0,0,0,1,0,0,0
21.0,1,34785.0,1,6.6,81.9,2,24.3,0,0,3.6,3.62,3.53,0,0,0,1,0,0,0,0,0,0,1
18.7,1,29740.5,1,4.0,67.9,1,45.3,1,1,5.5,1.64,1.65,0,0,1,0,0,0,0,0,0,0,0
22.8,0,25000.0,1,2.19,95.9,2,37.3,1,1,5.2,0.76,0.02,0,0,1,0,0,0,0,1,0,0,0
18.3,0,29740.5,1,4.0,61.0,1,21.8,0,1,5.5,0.81,0.97,1,0,1,0,0,0,0,0,0,0,0
21.5,1,26034.0,0,2.9,80.9,1,27.7,0,1,7.6,1.61,1.45,0,0,0,1,1,0,0,0,0,0,0
17.0,0,25000.0,1,6.16,78.5,0,43.3,0,0,4.7,3.66,3.42,0,1,0,0,0,0,0,1,1,0,0
18.1,1,77705.0,1,2.25,70.8,1,22.6,0,0,5.0,2.16,2.01,0,1,0,0,1,0,0,0,0,0,0
21.4,0,29740.5,1,4.0,85.0,3,17.0,1,0,5.5,3.1,3.55,0,1,0,0,1,0,0,0,0,1,0
22.6,1,25000.0,0,5.91,74.5,2,40.6,0,0,5.6,2.29,2.35,0,1,0,0,0,0,1,0,0,0,0
21.4,1,41216.0,1,7.6,85.0,1,43.4,1,1,4.4,1.62,1.69,0,0,0,0,1,0,0,0,1,0,0
20.7,1,49772.0,1,3.86,95.6,6,22.7,0,1,6.7,2.34,2.71,0,0,0,0,1,0,0,0,0,0,0
20.3,1,41183.0,1,4.15,72.1,2,35.9,1,1,8.4,2.32,2.82,1,0,1,0,1,0,0,0,1,0,0
17.7,0,25000.0,1,2.48,89.0,1,29.5,0,1,7.4,0.63,0.5,0,0,0,1,0,0,1,0,0,1,0
19.4,0,25682.0,1,3.51,69.7,2,22.9,0,0,7.9,1.58,1.43,0,0,0,0,1,0,0,0,0,1,0
20.0,1,25000.0,1,6.84,75.6,1,44.0,1,0,5.2,3.36,3.66,0,0,0,1,1,0,0,0,0,0,0
23.3,1,25000.0,1,5.13,86.5,1,22.0,1,0,3.6,4.0,4.0,0,0,0,1,0,1,0,0,0,0,0
21.8,1,25000.0,1,5.58,79.8,2,39.1,1,0,1.9,4.0,3.77,0,1,0,0,1,0,0,0,0,0,0
17.1,0,27754.0,1,4.84,93.6,3,30.8,0,0,1.8,2.8,3.38,0,0,0,0,0,0,1,0,1,0,0
21.7,0,25000.0,1,5.39,83.0,1,27.9,1,0,5.1,4.0,3.94,0,0,0,1,0,1,0,0,0,0,0
20.2,1,26368.0,1,6.52,86.2,1,23.3,0,0,6.4,2.89,2.65,0,0,1,0,1,0,0,0,0,0,0
19.5,0,25000.0,1,3.41,76.5,2,18.2,1,0,7.0,2.28,2.05,0,0,1,0,1,0,0,0,1,0,0
22.3,1,33661.0,1,4.96,73.7,4,27.0,0,0,5.9,2.16,2.47,1,0,0,1,1,0,0,0,0,1,0
23.3,0,25000.0,1,3.1,72.8,0,23.9,0,1,4.2,0.35,0.0,1,0,0,0,1,0,0,0,0,0,0
23.0,0,35396.0,1,1.35,74.5,0,31.1,1,1,6.7,0.68,0.93,1,0,0,0,0,0,0,1,1,0,0
19.2,0,56894.0,1,4.34,76.4,1,15.6,0,0,3.3,2.64,2.68,0,0,0,1,0,0,0,1,0,0,0
20.3,0,77162.0,1,4.16,91.3,3,28.2,0,1,3.5,2.09,2.57,0,0,0,1,0,0,1,0,0,0,0
21.7,0,25000.0,1,3.9,85.2,5,34.9,0,0,6.6,0.26,0.42,1,1,0,0,1,0,0,0,0,1,0
23.1,0,25000.0,1,3.17,71.8,2,21.9,0,0,3.3,0.73,0.35,0,0,0,0,0,0,0,1,1,0,0
19.9,0,25000.0,1,4.18,78.7,2,38.9,1,0,4.1,3.73,4.0,0,0,1,0,0,0,0,0,1,0,0
20.6,1,39191.0,1,4.55,81.8,3,40.2,1,1,3.7,2.03,2.32,0,1,0,0,0,0,0,1,0,0,1
18.6,1,25000.0,1,6.55,100.0,0,15.5,1,1,5.8,3.17,3.13,0,0,0,0,0,0,1,0,0,0,0
18.4,1,25000.0,1,4.7,82.1,1,20.9,0,0,6.6,1.52,1.71,0,0,1,0,0,0,1,0,0,0,1
22.8,0,32151.0,0,4.76,85.6,1,13.9,0,0,6.6,1.55,1.63,0,1,0,0,0,0,0,0,1,0,0
24.0,1,31286.0,1,3.03,74.1,2,35.1,0,1,4.5,3.64,3.04,0,0,0,1,0,1,0,0,0,0,0
20.8,1,37293.0,1,2.76,87.8,0,31.5,0,0,5.2,3.64,3.68,0,0,0,1,0,0,0,1,0,0,0
23.2,1,38801.0,1,2.72,93.0,2,10.8,1,0,6.8,4.0,4.0,0,0,1,0,0,0,0,0,1,0,0
21.8,1,36430.0,1,3.61,80.8,1,22.2,0,0,4.5,1.9,1.48,0,0,0,0,0,0,1,0,0,1,0
19.6,0,33396.0,1,4.08,86.9,4,33.7,0,0,3.9,2.82,2.97,0,0,0,0,0,0,1,0,0,0,1
21.8,0,30744.0,1,4.28,86.6,3,31.4,0,1,4.3,2.02,2.28,0,0,0,1,1,0,0,0,0,0,0
24.4,0,44305.0,1,2.94,82.6,1,44.5,0,0,4.4,3.87,3.55,0,0,1,0,0,1,0,0,0,0,0
20.9,0,25000.0,1,1.09,92.3,1,16.2,1,0,5.6,2.5,2.33,0,0,0,0,0,0,0,0,0,0,0
24.4,0,75102.0,1,3.45,75.6,2,29.9,1,0,5.5,4.0,4.0,0,0,0,0,0,0,1,0,0,0,0
17.0,1,25000.0,0,5.22,75.0,1,18.0,0,0,5.2,4.0,3.97,0,0,0,1,0,1,0,0,0,1,0
22.8,1,25000.0,1,3.51,82.0,2,31.3,1,0,4.1,2.35,2.52,0,1,0,0,0,0,0,1,0,0,0
21.2,0,29740.5,1,4.0,79.0,2,27.8,0,0,5.5,3.72,3.59,0,0,1,0,0,0,0,1,0,0,0
20.3,1,44514.0,1,1.93,58.7,3,33.3,1,0,6.7,1.88,1.8,1,0,0,0,0,0,0,1,0,0,0
21.2,1,25000.0,1,4.16,76.1,2,25.1,0,0,6.1,0.7,1.27,0,0,0,1,0,0,1,0,1,0,0
17.0,0,29235.0,1,4.53,65.0,0,39.1,0,1,4.7,1.57,1.17,0,0,0,0,0,1,0,0,1,0,0
20.5,1,29740.5,0,4.0,79.4,2,21.4,0,0,5.5,2.06,1.85,0,0,0,0,0,1,0,0,0,1,0
21.8,1,53998.0,1,5.25,87.7,1,17.8,0,0,7.7,0.87,0.76,0,0,0,0,0,1,0,0,0,1,0
24.3,1,25000.0,1,5.56,82.4,2,32.7,0,1,5.4,0.83,0.89,0,0,1,0,0,0,1,0,0,0,0
19.9,1,25000.0,1,6.75,83.1,0,52.2,0,0,5.5,1.96,1.86,0,0,0,1,0,0,0,1,0,1,0
19.2,1,25000.0,1,2.8,80.8,2,11.7,0,0,8.2,3.0,3.11,0,0,0,1,0,0,0,0,0,0,0
19.9,1,25000.0,1,4.37,83.7,0,16.3,0,0,7.4,3.03,2.94,0,1,0,0,0,0,1,0,0,1,0
23.0,0,25000.0,1,2.46,100.0,1,32.8,0,1,4.3,3.12,3.2,0,0,1,0,0,0,0,0,0,1,0
21.7,0,25000.0,1,4.79,79.2,3,43.5,1,0,7.4,1.22,1.42,1,0,0,1,0,1,0,0,0,1,0
19.8,1,29740.5,1,4.0,81.9,0,33.7,0,0,5.5,2.96,2.7,1,0,1,0,0,0,0,0,1,0,0
22.1,0,32176.0,1,1.49,75.1,1,22.7,0,0,3.6,2.96,2.94,0,0,0,0,0,0,0,1,0,0,0
21.2,1,39933.0,1,4.35,66.8,1,35.0,0,0,7.8,2.37,2.64,0,0,1,0,0,0,0,0,1,0,0
23.1,1,33807.0,0,3.74,84.1,0,36.2,1,0,4.2,0.75,0.67,1,0,0,1,1,0,0,0,1,0,0
19.5,1,29740.5,0,4.0,91.1,3,21.8,0,0,5.5,3.54,3.8,0,0,0,0,0,1,0,0,1,0,0
20.3,0,50359.0,1,3.62,100.0,0,39.9,0,0,4.8,3.28,3.63,0,0,1,0,1,0,0,0,1,0,0
20.1,1,25000.0,1,6.68,80.5,3,29.6,0,1,9.2,0.32,0.01,0,0,0,0,0,0,0,0,1,0,0
17.8,0,25000.0,1,4.75,79.9,0,9.0,0,0,3.8,0.31,0.43,1,0,0,1,0,1,0,0,0,1,0
21.7,0,29740.5,1,4.0,74.5,0,28.4,1,0,5.5,1.52,1.5,0,0,0,1,0,1,0,0,0,0,0
21.6,0,29331.0,0,3.57,95.7,4,23.2,0,0,4.9,2.78,2.62,0,1,0,0,1,0,0,0,0,0,1
21.0,0,25000.0,1,1.48,72.1,2,45.7,0,1,6.4,1.86,2.13,0,0,0,0,0,0,1,0,0,0,1
20.5,0,51391.0,1,2.6,87.3,0,14.1,1,1,5.4,1.29,1.4,0,1,0,0,0,1,0,0,1,0,0
17.9,1,97535.0,1,6.19,96.6,1,24.2,0,1,4.3,4.0,4.0,1,0,1,0,1,0,0,0,0,1,0
20.1,1,29740.5,1,4.0,80.0,2,33.1,1,1,5.5,2.3,2.3,0,0,1,0,0,0,0,1,1,0,0
20.2,0,31276.0,1,4.59,72.7,1,59.0,1,0,7.9,2.1,2.3,0,0,0,0,0,0,1,0,0,0,0
19.2,0,49497.0,1,4.51,88.3,2,53.5,0,1,2.6,3.2,3.24,0,0,0,1,1,0,0,0,0,0,0
20.6,1,25000.0,1,5.84,71.2,2,29.5,0,0,4.3,1.92,1.92,0,0,0,1,0,0,0,1,0,0,0
21.9,1,30245.0,1,4.42,91.5,0,34.2,1,0,6.4,1.36,1.01,0,0,0,0,0,0,0,0,0,0,0
25.1,1,29740.5,1,4.0,97.9,4,37.2,1,1,5.5,3.55,3.36,1,0,0,0,0,0,1,0,0,1,0
21.4,1,29740.5,1,4.0,63.0,3,17.9,1,0,5.5,1.82,1.66,1,1,0,0,0,0,1,0,1,0,0
21.6,1,29740.5,0,4.0,95.3,1,30.1,0,0,5.5,1.35,1.55,0,1,0,0,0,0,0,1,0,0,0
20.8,0,26596.0,1,3.64,87.1,2,46.3,0,0,6.6,1.59,1.43,0,1,0,0,1,0,0,0,0,0,0
17.0,0,28669.0,0,6.21,93.1,0,31.7,0,1,6.4,3.82,4.0,0,0,0,0,1,0,0,0,0,0,0
20.9,1,25000.0,0,2.63,76.8,1,53.4,1,0,6.8,0.96,1.19,1,0,0,0,1,0,0,0,0,0,0
21.1,0,104579.0,1,3.34,87.0,2,24.7,1,0,6.1,2.47,2.68,0,0,1,0,0,0,0,1,0,1,0
26.4,0,25000.0,1,1.63,83.9,2,28.9,0,0,4.9,1.34,2.13,1,1,0,0,0,0,0,0,1,0,0
20.6,1,25000.0,1,5.31,75.7,1,29.0,1,0,7.2,1.81,1.49,0,0,0,1,1,0,0,0,1,0,0
21.7,1,28108.0,1,4.45,79.2,3,14.4,0,1,4.6,3.06,2.83,0,0,0,0,1,0,0,0,0,0,0
20.9,0,51263.0,1,6.26,86.6,0,43.3,0,1,5.2,2.45,2.48,0,0,0,1,0,1,0,0,1,0,0
18.4,0,30045.0,0,3.17,73.0,2,26.0,1,0,2.5,3.4,2.69,0,0,0,1,0,0,0,1,0,1,0
23.5,1,39789.0,1,2.97,72.4,2,33.1,1,1,4.6,2.9,2.96,0,0,1,0,0,0,0,1,0,0,0
22.7,0,29740.5,1,4.0,56.8,0,22.8,1,1,5.5,0.5,0.0,0,0,0,0,0,0,1,0,0,1,0
22.7,1,72592.0,0,4.59,75.8,3,50.7,0,1,5.5,2.31,1.83,1,1,0,0,0,0,0,0,0,0,0
19.0,1,41649.0,1,3.54,84.3,4,44.8,0,0,7.2,2.54,2.67,1,1,0,0,0,0,1,0,0,0,0
24.1,1,55749.0,1,4.39,77.9,0,30.7,0,0,4.7,0.0,0.0,0,0,0,1,0,0,0,0,0,0,0
17.9,1,37016.0,1,3.45,92.2,1,15.3,1,0,4.8,1.42,1.18,0,0,0,0,0,1,0,0,0,0,0
22.3,0,48773.0,1,5.87,70.4,2,38.9,0,0,4.5,1.96,1.87,1,0,0,1,0,0,0,0,1,0,0
25.8,0,25000.0,1,5.64,86.1,3,43.0,1,0,5.9,3.4,3.41,0,0,0,1,0,0,0,1,0,1,0
18.8,1,25000.0,1,4.11,79.1,1,18.9,1,0,8.3,2.14,1.92,0,1,0,0,0,1,0,0,0,1,0
19.8,0,66695.0,1,5.37,81.2,0,28.3,0,0,1.3,3.86,4.0,0,0,0,0,0,0,0,1,0,0,0
21.2,0,75799.0,1,3.83,87.5,1,30.9,0,1,4.6,1.93,1.8,0,1,0,0,0,0,0,0,1,0,0
19.9,1,25000.0,1,3.94,60.9,2,43.0,0,0,4.9,1.89,1.92,1,0,1,0,0,0,0,0,1,0,0
17.6,0,34539.0,1,1.19,64.9,1,28.2,0,0,1.7,1.94,1.93,0,0,1,0,1,0,0,0,0,0,0
21.2,1,25000.0,1,4.66,81.5,2,41.5,0,0,5.3,1.7,1.5,0,0,0,1,0,1,0,0,0,0,0
18.7,0,25000.0,1,4.03,80.2,2,20.7,0,1,4.9,2.3,2.28,0,0,0,0,0,0,0,0,1,0,0
22.0,1,35274.0,1,5.14,70.6,3,17.3,0,0,4.7,2.45,2.56,0,0,0,0,0,0,1,0,1,0,0
19.0,0,58958.0,1,4.93,98.0,1,52.0,0,0,3.5,2.8,2.72,0,0,0,1,0,0,0,1,0,1,0
24.4,1,38988.0,1,3.03,72.7,1,14.3,1,1,5.3,1.89,1.79,0,0,1,0,0,0,1,0,0,1,0
19.3,0,25000.0,1,3.75,77.7,2,21.0,1,0,3.4,2.18,2.29,0,0,1,0,0,1,0,0,0,0,1
20.3,0,40494.0,0,3.38,91.2,2,39.4,0,1,4.0,1.9,1.88,0,1,0,0,0,1,0,0,0,0,0
22.8,1,25000.0,1,5.36,76.6,3,23.6,0,0,5.1,3.36,3.95,0,0,1,0,0,0,0,0,0,0,0
18.3,1,38073.0,1,6.05,75.1,1,23.3,0,0,7.3,1.17,1.01,0,0,1,0,1,0,0,0,1,0,0
21.5,1,68726.0,1,5.04,85.1,1,27.6,1,0,6.2,0.72,0.83,1,0,1,0,0,1,0,0,0,0,0
23.9,0,25000.0,0,6.58,76.1,1,5.0,0,0,6.6,3.6,3.93,0,0,0,0,0,1,0,0,0,0,0
17.5,1,47971.0,1,4.68,85.2,2,43.4,0,0,9.0,3.09,2.96,0,1,0,0,0,0,0,1,0,0,0
21.4,0,25000.0,1,2.73,86.1,1,32.1,0,1,6.3,2.39,2.63,0,0,1,0,1,0,0,0,1,0,0
21.6,1,62131.0,1,2.2,85.0,4,20.3,1,0,3.6,0.9,0.97,0,0,0,1,0,0,0,0,1,0,0
22.7,1,25000.0,1,2.8,91.4,3,9.4,0,1,4.5,2.11,2.73,0,1,0,0,0,0,1,0,0,1,0
18.3,1,25000.0,1,3.41,78.9,1,13.6,0,1,4.0,1.81,1.91,0,1,0,0,1,0,0,0,1,0,0
18.1,1,45124.0,1,3.12,78.0,0,10.9,0,1,5.3,2.68,2.27,0,1,0,0,0,0,1,0,0,1,0
22.1,0,36994.0,1,4.07,81.3,3,32.7,0,0,4.8,2.89,3.09,0,1,0,0,0,0,0,1,1,0,0
21.7,0,25000.0,1,3.77,59.4,5,32.8,0,0,3.8,3.15,3.26,0,0,0,0,0,1,0,0,0,0,0
21.6,1,25000.0,1,4.1,83.7,0,37.3,1,1,7.2,2.21,2.53,0,0,0,1,0,1,0,0,1,0,0
21.8,0,26569.0,1,7.17,79.4,2,38.8,1,1,7.3,0.92,1.25,0,0,0,0,1,0,0,0,0,0,0
19.5,1,25000.0,1,5.14,85.1,1,37.5,1,1,5.8,3.84,3.86,0,0,0,1,0,0,1,0,0,1,0
21.5,0,25000.0,1,4.35,74.8,1,48.5,0,0,3.7,3.68,3.42,0,1,0,0,0,0,0,0,0,0,0
21.6,1,31868.0,1,5.38,92.8,4,44.3,0,1,5.7,4.0,4.0,0,0,0,0,1,0,0,0,0,0,0
19.4,0,25000.0,0,2.95,80.3,2,41.5,1,0,4.4,3.72,3.87,0,0,0,0,1,0,0,0,0,1,0
25.1,0,38404.0,1,2.9,88.7,1,32.8,0,0,7.8,0.63,0.88,1,0,0,0,1,0,0,0,0,0,1
22.0,1,72699.0,1,5.19,77.9,2,38.6,0,0,3.3,3.6,3.55,0,0,0,0,0,0,0,1,0,1,0
18.4,0,27197.0,1,4.0,85.7,2,25.1,0,0,6.7,2.34,2.42,0,0,1,0,0,0,1,0,0,0,0
22.4,1,32148.0,1,4.16,69.6,0,27.3,1,1,6.6,1.7,1.54,0,0,0,0,1,0,0,0,1,0,0
18.9,1,99793.0,1,2.51,64.4,4,50.7,0,1,7.1,2.51,2.29,0,0,0,0,0,0,0,1,1,0,0
22.7,1,25000.0,1,3.38,80.3,1,23.3,0,0,5.9,2.79,2.77,0,0,1,0,1,0,0,0,0,1,0
23.5,1,60763.0,1,3.47,81.8,1,22.4,1,0,4.9,1.29,1.16,0,1,0,0,0,1,0,0,0,0,0
19.2,1,56529.0,1,3.37,81.2,1,25.7,0,0,9.8,1.17,1.06,1,1,0,0,1,0,0,0,0,0,0
23.1,1,49642.0,1,6.79,79.7,3,23.4,1,0,3.9,2.11,2.18,0,0,1,0,0,0,0,1,0,1,0
21.9,1,64541.0,1,6.76,78.8,2,24.4,0,0,6.8,2.74,2.62,0,0,1,0,0,1,0,0,0,0,0
22.8,1,35184.0,1,5.48,87.4,1,32.9,1,1,5.5,2.56,3.08,0,0,0,0,0,0,0,0,1,0,0
25.2,0,25000.0,1,4.13,96.3,0,33.3,0,0,6.1,2.24,2.24,1,0,1,0,0,0,1,0,0,0,0
20.5,0,57339.0,1,3.24,100.0,2,40.9,0,1,6.1,4.0,4.0,0,1,0,0,0,0,0,0,0,0,0
19.3,1,58671.0,1,2.65,90.8,1,56.3,1,0,3.6,4.0,3.81,0,0,1,0,0,0,0,0,0,0,0
19.0,1,57710.0,1,4.44,63.7,0,25.6,1,1,3.1,0.91,0.97,0,0,1,0,0,0,0,1,0,0,0
19.2,1,30537.0,0,5.66,90.4,0,29.2,1,1,3.2,4.0,3.73,0,0,0,1,0,0,1,0,0,0,0
20.8,0,25000.0,1,5.01,90.3,3,7.9,0,0,4.7,4.0,3.7,0,1,0,0,0,1,0,0,0,0,0
21.8,0,33350.0,1,4.13,81.2,1,14.5,1,1,5.9,1.01,0.8,0,0,0,0,0,0,1,0,1,0,0
21.6,1,52331.0,1,4.87,89.4,2,28.2,0,1,4.3,3.97,3.54,0,0,1,0,0,0,1,0,1,0,0
22.8,1,54974.0,0,3.98,84.9,1,35.6,0,0,2.9,2.24,2.68,0,0,0,0,0,0,0,1,0,1,0
21.0,1,25000.0,1,3.64,81.9,0,35.9,0,0,7.2,2.22,2.23,0,1,0,0,1,0,0,0,0,0,0
24.2,1,35926.0,1,2.68,84.0,4,37.4,0,0,2.7,1.21,1.71,0,1,0,0,1,0,0,0,1,0,0
20.4,0,25000.0,1,3.57,77.6,1,45.1,0,0,6.4,2.34,1.99,0,0,0,1,1,0,0,0,0,0,0
27.0,0,53689.0,1,4.39,67.3,2,50.5,1,0,4.1,3.47,3.54,0,0,1,0,1,0,0,0,0,0,0
22.4,1,25000.0,1,3.46,67.0,6,27.1,0,1,7.7,0.02,0.29,1,0,0,0,0,0,1,0,0,0,0
19.1,0,47627.0,1,2.51,89.3,5,20.4,0,0,4.6,2.01,2.11,0,0,1,0,0,0,0,1,1,0,0
18.6,1,25000.0,1,4.15,73.8,1,37.9,0,0,2.3,2.55,2.26,0,0,0,0,0,0,0,0,0,0,0
22.1,1,55207.0,0,4.39,69.8,2,41.2,0,0,5.4,3.18,2.8,0,1,0,0,1,0,0,0,1,0,0
20.5,0,36066.0,1,3.52,69.6,3,31.6,1,1,4.0,1.87,1.77,0,1,0,0,0,0,0,1,0,0,0
22.6,0,25000.0,1,3.97,78.2,0,27.9,0,1,7.0,2.61,2.32,0,1,0,0,0,0,1,0,0,1,0
22.0,1,45018.0,1,0.71,94.1,1,24.0,0,1,6.1,1.06,1.41,0,0,1,0,0,0,0,0,0,1,0
20.8,1,25000.0,1,4.96,80.8,1,29.5,1,0,4.4,3.54,3.43,0,1,0,0,0,1,0,0,1,0,0
19.1,0,46618.0,1,4.37,70.6,2,38.3,0,1,3.7,4.0,4.0,0,1,0,0,0,0,0,0,0,0,0
17.7,0,25224.0,0,5.84,93.9,1,22.0,1,0,3.5,3.77,3.73,0,0,0,1,0,0,1,0,0,0,0
20.0,1,25000.0,1,3.72,84.6,1,20.4,0,0,4.4,2.45,2.51,0,0,0,0,1,0,0,0,1,0,0
22.9,1,25000.0,1,4.95,79.2,1,37.2,0,0,8.0,1.96,2.01,0,0,0,1,1,0,0,0,1,0,0
21.5,1,25000.0,0,5.53,85.9,3,19.8,0,0,5.2,2.93,2.67,0,0,0,0,0,1,0,0,0,0,1
18.3,0,67570.0,1,4.03,82.1,0,31.8,1,1,7.2,2.08,2.29,0,0,0,1,0,1,0,0,0,1,0
21.4,0,51056.0,1,4.45,76.3,1,31.2,1,0,2.8,2.71,2.97,0,0,1,0,0,0,0,1,1,0,0
21.8,1,78772.0,1,4.19,77.6,2,30.0,0,0,2.0,3.06,2.95,0,0,0,0,0,0,0,0,1,0,0
19.1,0,80192.0,1,1.92,72.1,4,22.3,1,1,3.8,3.19,3.22,0,0,0,1,0,0,0,0,0,0,0
21.3,0,25000.0,1,4.5,78.2,3,50.8,1,1,6.7,0.51,0.19,1,0,0,1,1,0,0,0,1,0,0
21.1,1,26553.0,0,2.78,89.4,0,34.8,0,0,5.0,2.63,3.24,0,0,1,0,0,0,0,0,1,0,0
18.5,1,25000.0,1,2.88,89.2,0,23.8,1,0,7.1,1.1,1.4,0,0,0,0,0,0,0,0,1,0,0
21.8,0,25000.0,1,4.68,80.6,2,34.0,0,0,7.8,1.81,2.15,0,1,0,0,0,0,1,0,0,1,0
22.2,0,25000.0,1,5.68,80.7,3,52.0,1,0,3.8,2.0,2.07,1,0,0,0,0,0,0,1,0,1,0
23.4,0,29471.0,1,5.02,73.7,1,31.1,0,0,7.0,2.12,2.07,0,0,0,0,0,0,0,1,0,0,0
23.3,0,25000.0,1,4.76,85.2,1,48.4,1,1,8.0,3.14,2.97,0,0,1,0,0,0,0,0,0,0,0
18.0,1,29129.0,0,4.44,70.9,4,16.2,0,0,7.4,2.38,2.25,0,0,0,0,0,1,0,0,1,0,0
18.9,1,105817.0,0,5.13,88.7,5,19.8,0,0,2.6,2.2,2.11,0,0,0,1,0,1,0,0,1,0,0
22.1,0,25000.0,0,6.19,85.3,2,5.0,0,1,2.2,4.0,3.82,0,1,0,0,0,0,0,0,1,0,0
22.1,1,33418.0,1,3.25,79.9,2,53.7,0,0,4.7,1.84,2.01,0,0,0,1,1,0,0,0,0,1,0
22.1,0,51225.0,1,3.29,85.5,0,9.6,1,0,4.8,1.59,1.56,0,0,0,0,0,0,0,0,1,0,0
29.5,0,35178.0,1,4.95,79.3,2,32.1,1,0,7.0,2.72,2.65,0,0,1,0,1,0,0,0,0,0,0
22.3,0,35436.0,1,1.78,83.5,1,50.9,0,0,3.8,2.86,2.73,0,1,0,0,0,0,1,0,0,1,0
23.5,1,25000.0,1,3.87,83.7,1,41.7,0,0,6.2,1.51,1.29,0,1,0,0,0,0,1,0,0,1,0
23.1,0,25871.0,1,4.34,91.3,2,34.5,0,1,3.6,3.78,3.81,0,0,0,1,0,0,0,0,0,0,0
22.4,0,25000.0,0,3.29,85.9,2,45.4,0,0,6.1,1.57,1.5,1,1,0,0,0,0,0,0,0,0,0
20.3,0,49396.0,1,1.51,90.4,1,22.0,1,1,4.7,1.74,2.44,1,0,0,0,0,0,0,0,1,0,0
22.7,1,25000.0,1,5.8,85.1,5,36.2,0,1,6.1,4.0,4.0,0,0,0,1,0,0,0,1,0,1,0
19.3,1,53245.0,1,3.22,81.5,0,28.6,1,1,4.8,2.1,2.23,0,0,1,0,0,0,0,0,0,0,0
20.5,1,25000.0,1,3.28,86.1,1,28.4,1,0,1.5,3.29,3.33,0,0,0,0,0,0,1,0,0,0,1
19.9,1,52974.0,1,5.73,84.8,2,32.3,1,0,6.4,1.88,1.72,0,0,0,0,0,0,1,0,0,0,0
21.2,1,25000.0,1,0.5,79.1,0,44.1,0,0,7.6,1.87,1.27,0,0,0,0,1,0,0,0,1,0,0
26.1,0,25000.0,1,5.96,70.7,3,48.8,1,0,4.0,2.38,1.77,0,0,0,0,0,0,0,0,0,0,0
17.0,0,42091.0,0,6.89,77.8,3,26.8,1,0,7.0,3.04,3.46,0,0,1,0,0,0,1,0,1,0,0
22.5,0,51910.0,1,2.84,77.8,0,16.9,1,0,4.4,2.3,2.43,0,0,0,1,0,1,0,0,0,0,0
17.5,0,25000.0,1,3.36,86.4,1,20.2,1,1,3.1,2.88,2.8,0,0,0,0,0,1,0,0,1,0,0
20.0,1,45815.0,1,4.63,81.5,2,53.4,0,1,4.4,3.35,4.0,0,0,0,0,0,0,0,0,0,0,0
23.4,0,25000.0,1,4.33,75.5,2,47.8,0,1,5.2,2.13,2.55,1,0,1,0,0,1,0,0,0,1,0
21.1,1,25000.0,1,5.28,80.7,1,16.9,0,1,3.1,4.0,3.7,0,0,0,1,1,0,0,0,0,0,0
18.6,1,64566.0,1,4.65,79.4,1,49.9,0,1,7.9,3.76,3.86,0,0,0,1,0,0,0,1,0,0,0
19.4,1,25999.0,1,5.08,74.6,0,21.5,0,0,2.7,4.0,3.86,0,1,0,0,1,0,0,0,1,0,0
22.5,0,25000.0,1,8.47,93.7,1,38.0,1,1,4.5,3.63,3.94,0,0,0,1,0,1,0,0,0,1,0
19.4,0,25000.0,1,1.93,80.5,2,21.5,1,0,3.8,2.63,2.81,0,0,0,0,0,0,0,0,1,0,0
21.5,1,25000.0,1,5.75,75.7,3,56.0,0,0,7.9,2.5,2.68,0,1,0,0,1,0,0,0,1,0,0
21.1,0,26915.0,1,5.92,68.7,0,23.2,0,0,2.8,2.88,3.07,0,0,0,1,0,0,1,0,0,1,0
19.6,1,25000.0,1,2.57,82.7,0,17.4,0,0,7.0,0.86,0.78,0,1,0,0,0,0,1,0,0,1,0
25.7,1,33102.0,1,2.96,86.1,4,24.5,1,0,5.9,2.4,1.98,0,0,1,0,0,0,1,0,0,0,0
22.4,0,28519.0,1,4.65,76.8,2,61.5,0,0,3.3,4.0,4.0,0,0,0,0,0,1,0,0,0,1,0
17.0,0,67228.0,1,2.38,83.1,0,33.1,1,0,4.9,1.84,2.09,1,0,1,0,1,0,0,0,0,1,0
21.4,0,38358.0,1,3.2,73.3,2,17.7,1,0,5.2,1.77,1.83,1,1,0,0,1,0,0,0,0,0,0
19.5,0,39128.0,0,4.31,80.2,0,20.5,0,0,6.6,2.82,2.65,0,0,1,0,1,0,0,0,0,0,0
22.9,0,59820.0,1,3.11,90.7,1,9.0,1,0,4.3,3.78,3.71,0,1,0,0,0,1,0,0,0,0,0
19.3,0,25000.0,1,3.7,80.1,4,36.5,1,0,6.6,1.5,0.91,1,0,1,0,0,0,0,1,0,0,1
20.7,0,25000.0,1,2.87,76.8,1,15.0,1,0,5.6,0.85,0.88,0,0,1,0,0,0,1,0,0,0,0
22.1,0,61340.0,1,2.77,92.7,1,43.3,1,0,6.3,0.0,0.27,1,1,0,0,0,0,0,0,1,0,0
22.9,0,32257.0,1,4.61,83.6,0,39.5,1,1,3.9,3.18,3.07,0,0,1,0,0,0,1,0,0,1,0
18.4,0,32325.0,0,3.87,78.0,0,28.8,1,0,5.1,1.96,1.62,0,0,0,1,0,0,1,0,0,0,1
20.3,1,25000.0,1,4.16,75.1,1,44.8,0,0,5.7,0.0,0.08,0,0,0,1,0,0,1,0,0,0,1
20.0,0,25000.0,0,4.92,72.8,1,41.1,0,0,5.6,1.41,1.36,1,0,1,0,0,0,0,0,0,1,0
19.6,1,49416.0,1,4.24,85.4,4,31.9,0,1,5.4,2.17,2.0,1,1,0,0,0,1,0,0,1,0,0
24.9,1,53680.0,1,3.56,88.1,3,20.8,0,0,9.3,1.51,1.54,1,0,0,0,0,0,0,0,0,0,0
21.9,0,47586.0,0,2.86,82.0,0,35.0,1,0,6.5,3.45,3.48,0,0,0,0,0,0,0,0,0,1,0
18.2,1,47848.0,1,4.58,80.4,2,34.9,1,0,6.8,2.7,2.82,0,0,0,1,0,0,0,0,1,0,0
23.0,1,29740.5,1,4.0,71.7,1,35.9,0,0,5.5,3.04,3.07,0,0,1,0,0,1,0,0,1,0,0
25.7,0,32174.0,0,5.14,70.7,1,30.9,0,0,6.5,2.1,2.17,1,0,0,1,1,0,0,0,0,0,0
23.3,1,26763.0,0,2.04,82.6,1,33.9,1,0,5.9,0.0,0.44,1,1,0,0,0,0,0,1,0,0,0
17.7,1,61463.0,1,1.37,82.1,3,33.6,0,0,8.8,0.0,0.02,1,0,0,1,0,0,0,0,0,0,0
19.9,0,25000.0,1,3.04,85.3,2,46.3,0,0,5.4,1.93,1.85,0,0,1,0,0,0,1,0,0,1,0
23.8,1,37123.0,1,2.0,85.8,3,14.7,1,0,7.0,2.62,2.43,0,0,0,1,0,1,0,0,0,1,0
19.4,1,25000.0,1,2.33,78.7,0,18.0,0,1,9.3,0.22,0.41,1,1,0,0,0,0,0,1,0,1,0
22.0,1,25000.0,1,0.91,96.8,2,30.9,1,0,6.7,1.38,1.58,0,1,0,0,0,0,0,0,0,1,0
22.7,0,29740.5,0,4.0,73.3,2,20.9,0,1,5.5,1.86,1.74,0,0,0,0,0,0,0,1,1,0,0
19.0,0,25000.0,1,2.49,78.2,1,32.5,1,0,4.2,4.0,3.9,0,0,0,0,1,0,0,0,0,0,0
20.9,0,47988.0,1,2.48,88.9,2,16.6,1,0,4.6,3.49,3.74,0,0,1,0,0,0,1,0,0,0,0
17.0,1,25000.0,1,3.14,76.9,3,18.5,0,0,6.2,1.94,1.74,1,0,1,0,0,0,0,0,1,0,0
18.7,0,29740.5,1,4.0,82.9,1,54.7,1,1,5.5,2.26,2.44,1,1,0,0,0,1,0,0,0,0,0
20.4,0,32193.0,1,3.66,77.7,2,27.2,1,0,6.6,2.13,2.29,0,0,0,0,1,0,0,0,1,0,0
18.3,1,25000.0,1,2.18,78.9,1,15.9,0,1,4.8,3.48,3.96,0,1,0,0,0,0,0,0,0,0,1
24.6,0,25000.0,1,5.28,71.6,3,28.6,1,0,5.0,1.82,2.39,0,0,1,0,0,0,1,0,0,1,0
17.9,0,34663.0,1,4.36,88.1,3,42.4,0,0,5.2,3.44,3.18,0,0,1,0,0,0,0,1,0,0,0
20.0,0,38455.0,1,4.54,88.3,0,44.5,0,0,3.1,3.8,4.0,0,0,1,0,1,0,0,0,1,0,0
21.3,1,26302.0,1,3.43,88.2,2,12.5,0,0,4.7,1.7,1.55,0,1,0,0,0,0,1,0,0,0,0
24.2,1,44629.0,1,5.4,78.6,2,20.8,0,1,4.6,4.0,3.93,0,1,0,0,0,0,0,0,1,0,0
17.8,1,27845.0,1,4.64,84.7,2,32.7,0,0,10.0,0.0,0.22,1,1,0,0,1,0,0,0,0,0,0
23.6,1,29977.0,1,4.25,98.0,0,29.6,1,0,7.2,1.02,1.19,1,0,1,0,0,0,1,0,1,0,0
21.0,0,34579.0,1,5.3,84.3,3,10.8,0,0,3.6,4.0,3.71,0,0,0,1,0,0,0,1,0,1,0
18.8,1,51855.0,1,1.83,72.8,2,12.7,1,0,2.7,1.06,1.02,0,0,0,0,0,0,1,0,0,0,0
22.0,0,25000.0,1,4.25,75.2,1,17.2,1,0,3.1,0.86,1.13,1,0,0,1,1,0,0,0,0,0,0
21.4,1,25000.0,0,3.13,74.8,0,8.7,1,1,8.0,2.14,2.67,0,0,1,0,1,0,0,0,0,0,0
19.7,1,25000.0,1,3.06,92.6,3,24.5,1,0,3.1,3.03,3.04,0,0,1,0,0,1,0,0,1,0,0
21.2,0,25000.0,1,5.04,85.2,1,44.3,1,0,8.4,2.04,2.05,0,0,1,0,1,0,0,0,0,0,0
20.2,1,69964.0,1,5.78,69.4,1,22.0,0,1,5.9,3.82,3.94,0,0,0,1,0,0,1,0,1,0,0
21.2,0,41925.0,1,5.65,92.4,1,43.0,1,0,5.1,3.74,3.42,0,1,0,0,0,0,1,0,0,1,0
22.5,1,25000.0,1,4.01,86.5,0,30.4,1,0,3.4,3.47,3.96,0,1,0,0,0,1,0,0,0,0,0
24.5,1,25000.0,1,3.58,83.4,1,27.8,0,1,7.8,2.14,2.11,0,0,1,0,0,0,0,0,1,0,0
18.3,0,37185.0,1,5.61,94.1,0,10.0,0,0,6.5,2.88,3.27,0,0,1,0,0,0,1,0,0,0,0
25.7,0,25000.0,1,2.72,80.2,2,44.0,0,0,7.1,3.13,2.6,0,0,1,0,0,1,0,0,0,0,1
17.0,1,25000.0,1,6.21,92.9,1,31.4,0,0,5.0,1.64,1.85,1,0,1,0,0,0,0,0,1,0,0
20.7,1,66634.0,1,3.5,64.3,1,10.8,1,1,6.7,0.96,0.28,0,0,0,1,0,0,0,1,1,0,0
22.3,0,25000.0,1,3.94,76.1,0,34.6,0,1,8.2,2.53,2.32,0,0,1,0,0,0,0,0,0,0,0
21.6,0,52723.0,1,3.31,88.3,1,22.9,1,0,6.6,2.01,1.89,0,1,0,0,1,0,0,0,0,1,0
19.6,0,63145.0,1,4.05,95.4,1,30.7,0,1,3.6,2.49,2.25,0,0,1,0,1,0,0,0,1,0,0
20.5,1,29740.5,1,4.0,72.3,3,32.9,0,1,5.5,1.37,1.31,0,0,0,0,1,0,0,0,0,1,0
19.9,0,25000.0,0,3.52,78.7,2,44.6,0,0,6.9,1.2,1.19,1,0,0,1,0,1,0,0,0,0,0
19.7,1,25193.0,1,4.2,83.3,1,16.5,0,0,8.5,1.85,1.95,0,0,0,1,0,0,0,0,1,0,0
22.9,1,25000.0,1,3.86,74.5,2,36.9,0,0,6.6,4.0,3.74,0,0,0,0,0,0,0,1,0,0,0
21.8,0,31972.0,1,0.76,79.9,3,45.9,0,1,7.5,1.64,1.85,0,0,0,0,0,0,0,0,0,0,0
19.5,1,26281.0,1,7.22,94.7,3,60.2,0,1,6.6,3.15,3.07,0,0,0,1,1,0,0,0,0,1,0
23.0,1,36914.0,1,6.06,73.7,1,42.6,1,1,3.1,4.0,4.0,0,0,0,0,0,0,1,0,1,0,0
21.7,1,68745.0,1,2.49,80.1,4,34.3,0,0,7.0,2.02,2.32,1,0,0,1,0,0,0,0,1,0,0
22.8,1,48557.0,1,3.19,84.2,4,33.3,1,0,5.7,3.19,3.66,0,1,0,0,0,1,0,0,1,0,0
22.4,0,39877.0,1,3.78,85.7,4,48.6,0,1,9.1,2.0,2.04,0,0,0,0,1,0,0,0,0,1,0
19.2,0,25000.0,1,4.86,75.1,3,26.6,0,1,2.9,2.29,2.49,0,1,0,0,0,0,0,1,1,0,0
19.8,1,38794.0,1,4.61,80.6,0,39.6,1,0,3.5,1.86,2.18,0,1,0,0,0,0,0,1,1,0,0
22.6,1,83581.0,0,2.57,79.7,2,56.3,0,0,6.8,1.15,1.14,0,0,0,0,0,1,0,0,0,0,0
22.3,0,29740.5,1,4.0,84.4,0,28.7,0,0,5.5,2.2,2.32,0,0,0,1,0,0,1,0,0,0,1
21.0,0,29740.5,0,4.0,72.6,4,5.8,0,1,5.5,1.59,1.46,0,0,1,0,0,0,1,0,0,0,0
21.3,1,27021.0,1,6.35,92.2,0,19.7,1,0,5.3,3.58,3.93,0,0,1,0,0,0,0,0,0,0,0
23.8,0,25000.0,1,3.21,84.1,0,33.5,0,0,5.9,2.42,2.44,0,1,0,0,0,0,0,0,1,0,0
19.7,0,48083.0,1,5.37,90.5,4,20.0,0,0,4.6,2.87,3.09,0,1,0,0,0,0,0,0,1,0,0
22.2,1,82936.0,1,4.49,77.4,2,25.8,0,0,7.3,3.19,3.39,0,1,0,0,0,1,0,0,0,1,0
20.6,1,47341.0,0,2.89,72.2,7,26.5,0,1,4.6,1.5,1.32,1,0,0,0,0,0,1,0,0,1,0
20.5,1,25000.0,1,4.76,74.4,2,36.7,0,0,6.8,1.39,1.0,0,0,0,1,0,0,0,0,1,0,0
23.4,0,29740.5,1,4.0,87.6,1,18.6,1,0,5.5,4.0,4.0,0,1,0,0,0,0,0,0,1,0,0
22.8,1,32428.0,1,5.2,78.5,0,23.0,0,1,8.6,0.08,0.0,1,0,0,1,0,0,1,0,1,0,0
22.8,0,50207.0,1,2.99,69.0,2,46.9,0,0,1.7,3.28,3.17,0,0,0,0,0,1,0,0,0,0,0
23.9,1,25000.0,1,3.89,83.4,2,24.2,0,0,3.6,1.66,2.05,0,0,1,0,0,0,1,0,1,0,0
21.0,0,25000.0,1,5.05,79.4,4,38.7,0,1,9.6,1.51,1.84,0,0,1,0,0,0,1,0,0,0,0
22.5,1,161652.0,0,1.62,79.6,4,30.2,0,0,5.7,0.0,0.12,1,0,0,0,1,0,0,0,1,0,0
20.3,0,56794.0,1,2.5,68.3,2,29.7,0,0,4.3,2.23,2.09,0,1,0,0,0,0,0,0,1,0,0
21.7,0,59283.0,1,4.05,69.9,2,38.9,1,0,3.2,1.67,1.57,0,0,0,1,0,0,1,0,0,0,0
20.7,1,25000.0,1,4.23,77.6,0,7.7,1,0,4.7,2.97,2.53,0,0,1,0,0,0,0,0,0,0,0
21.2,1,25000.0,1,3.88,74.6,2,35.3,0,1,6.0,2.67,2.7,0,0,0,0,0,0,1,0,0,0,1
22.3,1,29740.5,1,4.0,62.400000000000006,1,36.6,1,1,5.5,3.45,3.61,0,0,0,1,0,0,1,0,0,0,0
19.2,0,25000.0,1,3.87,88.7,1,40.2,1,0,6.1,3.57,3.42,0,1,0,0,0,0,0,1,0,0,0
25.6,0,77671.0,1,5.33,73.5,2,25.5,0,0,2.3,2.13,1.92,0,0,1,0,0,1,0,0,0,1,0
18.8,1,69299.0,1,4.42,74.8,1,30.0,0,1,5.8,2.01,2.67,0,0,0,1,0,0,1,0,1,0,0
18.3,1,25000.0,1,2.55,77.8,2,5.0,0,0,6.1,3.6,3.95,0,0,1,0,0,0,1,0,0,0,0
23.5,1,86712.0,1,4.21,74.3,3,22.0,0,0,6.1,2.62,2.59,0,0,0,1,0,0,1,0,0,0,0
22.7,0,29657.0,1,3.9,80.3,2,32.1,1,1,5.6,2.23,2.1,0,0,0,1,0,1,0,0,0,0,0
22.4,0,140594.0,1,3.13,90.2,3,47.6,1,0,3.3,2.47,2.17,0,0,0,0,0,1,0,0,0,0,0
22.4,0,32429.0,1,2.03,79.7,4,52.1,0,1,3.8,1.75,1.4,0,1,0,0,1,0,0,0,1,0,0
21.0,1,42012.0,1,2.47,84.1,1,25.9,0,0,7.7,2.49,2.89,0,0,0,0,0,1,0,0,1,0,0
19.0,1,68868.0,0,2.9,63.4,5,40.5,0,1,4.1,1.56,2.17,1,0,0,0,0,0,0,0,0,0,0
21.2,0,63996.0,1,5.38,82.7,4,28.2,1,0,4.2,4.0,4.0,0,0,0,0,0,0,0,0,0,0,0
19.5,1,29740.5,1,4.0,93.8,2,10.6,0,0,5.5,1.65,1.31,1,1,0,0,0,0,0,0,0,0,0
23.1,0,27318.0,1,5.59,82.8,4,37.3,0,0,3.3,2.05,2.36,0,0,1,0,0,0,1,0,0,0,0
20.7,1,40477.0,1,2.67,83.0,2,52.0,1,0,6.6,1.36,1.75,0,0,1,0,0,0,0,1,0,1,0
19.2,1,25000.0,1,3.08,84.3,2,25.4,1,1,3.2,3.09,3.07,0,1,0,0,0,1,0,0,0,0,0
20.3,0,32574.0,1,3.27,94.5,3,19.1,0,0,7.5,0.49,0.37,1,0,0,1,0,1,0,0,0,0,0
21.9,0,25000.0,1,3.62,92.8,1,30.8,1,0,3.1,3.99,3.54,0,0,1,0,0,0,1,0,0,0,0
19.8,0,25000.0,1,4.31,73.8,1,28.5,0,0,5.0,2.76,2.3,0,1,0,0,1,0,0,0,0,1,0
19.2,1,30646.0,1,4.81,91.6,2,61.3,1,0,6.1,3.83,3.49,0,1,0,0,0,0,0,1,0,0,0
21.5,1,63409.0,1,5.63,93.0,2,42.1,1,1,6.9,2.22,1.89,1,0,1,0,0,0,0,0,1,0,0
21.5,0,51817.0,1,1.14,68.3,3,31.6,1,1,5.1,2.48,2.37,0,1,0,0,0,0,1,0,0,0,0
19.9,0,28307.0,1,6.63,82.2,2,5.0,1,0,4.2,4.0,3.81,0,0,0,1,0,0,1,0,0,0,0
20.0,0,84812.0,0,2.62,86.2,3,28.3,1,1,8.1,0.05,0.35,0,0,0,1,1,0,0,0,1,0,0
21.5,1,25000.0,1,4.13,59.6,0,52.2,0,0,5.8,1.61,2.02,1,1,0,0,0,0,0,0,0,1,0
17.8,0,29740.5,1,4.0,76.6,2,31.0,1,0,5.5,2.49,2.19,0,1,0,0,0,0,1,0,0,0,0
17.9,0,25000.0,1,4.83,76.3,0,39.9,0,0,2.2,3.49,3.27,0,0,1,0,0,0,0,1,0,0,0
19.4,0,25000.0,1,5.46,76.8,2,34.7,0,1,5.8,3.14,3.11,0,0,0,0,0,1,0,0,0,0,0
20.5,0,48532.0,1,5.32,90.4,0,24.2,1,0,5.5,3.37,3.09,0,0,1,0,0,0,1,0,1,0,0
21.7,1,25000.0,1,4.54,81.5,2,50.3,1,1,3.1,2.78,3.18,0,0,0,1,0,0,1,0,1,0,0
24.2,0,39206.0,1,4.98,85.4,0,32.3,0,0,4.1,3.71,3.6,0,0,0,1,0,0,0,0,0,0,0
22.9,0,79839.0,1,2.39,82.7,2,21.5,1,1,5.7,3.05,3.08,0,0,1,0,0,0,1,0,0,0,0
20.6,0,25000.0,1,3.08,100.0,3,30.3,0,0,6.3,2.99,3.06,0,0,1,0,1,0,0,0,0,0,0
21.0,0,39620.0,1,2.73,90.0,0,47.1,0,0,3.7,2.53,2.4,1,1,0,0,0,1,0,0,0,0,0
18.8,0,41084.0,1,0.92,81.9,3,12.2,1,0,3.7,1.07,1.07,1,1,0,0,1,0,0,0,0,0,0
21.0,0,25000.0,1,2.78,79.9,1,33.2,0,1,5.7,3.14,3.32,0,0,0,1,1,0,0,0,1,0,0
20.4,1,67005.0,1,2.65,76.4,2,30.9,0,1,4.0,4.0,3.31,0,0,0,1,0,1,0,0,1,0,0
21.7,1,25019.0,1,2.79,74.2,3,11.5,1,1,5.1,2.19,2.24,0,1,0,0,0,1,0,0,0,0,0
19.2,1,25000.0,1,4.87,72.4,1,39.2,1,0,8.7,0.78,0.92,1,1,0,0,1,0,0,0,1,0,0
22.1,1,29740.5,0,4.0,89.9,2,33.1,0,1,5.5,1.61,0.95,0,0,0,0,0,1,0,0,0,0,0
24.4,1,40687.0,1,5.1,74.8,2,40.5,0,1,7.3,0.99,1.54,1,1,0,0,0,0,0,1,0,0,0
20.8,1,51801.0,0,1.96,87.1,1,43.7,1,1,3.3,2.31,2.32,0,1,0,0,0,0,0,0,1,0,0
21.9,1,67033.0,1,3.15,78.0,1,29.3,1,0,4.1,0.0,0.0,1,1,0,0,0,0,0,0,1,0,0
22.5,1,25000.0,1,3.49,76.0,1,23.3,1,0,4.1,2.73,3.19,0,0,1,0,0,0,0,1,0,0,0
20.1,1,62937.0,1,5.54,79.4,0,12.9,1,0,3.5,4.0,3.82,0,1,0,0,0,1,0,0,0,0,0
21.5,1,25000.0,1,4.08,96.3,3,22.3,1,0,2.3,4.0,3.96,0,0,0,1,0,0,0,1,0,0,0
21.0,0,29740.5,1,4.0,100.0,1,30.1,1,1,5.5,2.94,3.07,0,0,0,1,0,0,0,0,1,0,0
21.2,0,25256.0,1,2.57,79.1,0,18.4,0,0,6.2,1.54,1.6,1,0,0,1,0,0,0,0,0,0,0
19.3,1,25000.0,1,5.11,78.3,4,37.0,0,0,3.8,3.18,3.54,0,0,0,1,0,0,1,0,0,1,0
21.1,0,48693.0,1,3.92,89.6,2,19.2,0,0,4.2,2.66,2.67,0,0,1,0,1,0,0,0,1,0,0
22.1,0,34903.0,1,1.72,83.2,0,8.8,0,0,5.6,2.29,1.69,1,0,1,0,0,0,1,0,1,0,0
24.2,1,25000.0,1,4.91,76.8,0,23.1,1,0,5.5,1.25,1.15,0,0,0,0,0,1,0,0,0,1,0
23.1,0,44565.0,1,4.38,85.9,2,32.2,1,0,7.4,2.79,2.43,0,0,0,0,0,0,0,0,0,0,0
25.7,0,25207.0,1,3.55,88.1,0,14.9,0,0,7.5,1.85,1.52,0,1,0,0,0,1,0,0,0,0,0
19.3,0,25000.0,1,3.55,80.1,3,19.3,0,0,4.3,3.33,3.89,0,0,1,0,0,0,0,0,0,0,0
22.9,1,30614.0,1,2.61,80.3,0,22.4,0,0,5.4,0.15,0.45,1,1,0,0,0,0,0,0,1,0,0
21.4,0,39265.0,0,5.51,95.7,0,24.0,1,1,3.7,2.15,2.04,0,0,1,0,0,0,0,0,1,0,0
25.8,1,37568.0,1,4.95,75.4,2,33.6,0,0,8.2,1.28,1.22,0,0,0,0,0,0,1,0,0,0,0
19.2,0,25000.0,0,2.62,77.7,4,37.7,1,0,6.0,1.7,1.77,1,1,0,0,1,0,0,0,0,0,0
19.2,0,49428.0,1,4.07,78.3,3,24.3,0,1,7.3,3.92,3.85,0,0,0,1,0,0,0,0,1,0,0
19.7,0,26019.0,0,3.08,95.6,2,17.5,1,0,4.8,3.45,3.44,0,0,0,1,1,0,0,0,1,0,0
17.0,0,25000.0,1,2.34,66.2,1,31.6,0,0,7.3,1.71,1.33,0,0,0,1,0,0,0,1,1,0,0
19.8,1,25000.0,0,6.02,88.6,0,36.2,1,1,6.8,2.63,2.52,1,0,0,1,1,0,0,0,1,0,0
19.3,0,53632.0,1,3.54,81.8,2,49.4,0,1,7.8,0.83,0.41,0,0,1,0,0,1,0,0,0,0,0
21.3,0,29954.0,1,2.91,96.5,1,43.8,0,0,3.1,2.64,2.75,1,0,0,0,0,0,1,0,0,1,0
21.8,1,33743.0,1,2.45,84.8,2,14.9,0,1,5.6,2.27,2.79,0,1,0,0,0,0,0,1,0,1,0
25.1,0,55686.0,1,3.69,64.8,1,28.3,0,1,7.5,0.86,1.08,1,0,1,0,0,1,0,0,0,1,0
23.1,1,29740.5,1,4.0,94.9,1,35.5,1,0,5.5,2.45,2.11,0,0,0,0,0,0,1,0,0,0,0
19.7,1,25000.0,1,3.8,80.1,2,19.8,0,0,6.4,1.16,0.83,0,0,0,1,1,0,0,0,0,0,0
19.0,0,31004.0,0,5.57,65.7,0,25.8,0,0,6.5,2.47,2.3,0,0,1,0,0,0,0,1,1,0,0
22.1,1,35767.0,1,5.21,78.8,2,38.1,1,0,6.8,1.78,1.52,0,0,0,0,0,0,1,0,0,1,0
18.1,0,25395.0,1,4.63,82.3,2,33.0,0,0,6.1,3.22,3.28,0,0,0,1,0,1,0,0,0,1,0
25.0,1,71987.0,1,7.13,73.6,1,30.0,1,0,6.6,2.48,2.38,0,0,0,0,0,0,0,0,1,0,0
23.6,1,25000.0,1,4.33,69.7,1,22.2,0,0,6.3,1.24,0.97,1,1,0,0,1,0,0,0,0,0,1
20.0,0,58223.0,1,2.82,84.4,2,12.7,0,0,7.6,2.52,2.82,0,0,0,0,0,1,0,0,0,1,0
17.2,1,47796.0,1,5.09,72.0,4,26.3,0,0,4.2,3.03,3.6,0,0,0,0,0,1,0,0,0,0,0
24.0,0,39107.0,1,4.18,73.8,3,28.9,1,0,6.1,1.97,2.35,0,0,0,1,0,1,0,0,0,0,0
20.7,0,25000.0,1,4.05,92.9,2,12.4,0,0,7.7,2.35,2.38,0,1,0,0,0,0,1,0,0,0,0
23.7,0,64237.0,1,4.38,79.4,3,30.6,1,0,4.1,1.97,1.53,0,0,1,0,1,0,0,0,1,0,0
17.5,0,25000.0,1,3.49,72.3,0,34.7,0,1,4.3,3.91,4.0,0,0,0,1,0,0,0,0,1,0,0
19.7,0,25000.0,1,6.43,74.8,3,21.7,0,1,6.4,4.0,3.75,0,0,0,0,1,0,0,0,1,0,0
21.0,1,26840.0,1,1.88,85.1,2,34.8,0,1,8.0,2.8,2.51,0,1,0,0,0,0,0,1,0,0,0
21.1,0,37966.0,1,5.06,85.4,3,33.3,0,1,5.3,2.57,2.29,0,1,0,0,0,1,0,0,0,1,0
20.0,1,43637.0,1,4.17,87.3,2,26.3,0,1,5.7,1.73,1.67,0,0,1,0,0,0,0,0,0,0,0
22.4,0,50803.0,1,4.59,88.4,4,25.0,0,1,6.2,1.96,2.39,0,0,0,1,0,0,0,1,0,0,0
18.7,0,48509.0,1,3.51,84.7,3,26.0,0,0,4.6,3.6,3.71,0,0,1,0,0,0,0,0,0,1,0
20.7,0,34605.0,1,5.97,86.9,1,19.7,1,1,9.4,2.63,2.19,0,0,0,0,0,0,1,0,0,1,0
21.3,0,38160.0,1,5.15,78.2,1,34.1,1,0,3.8,2.96,2.5,0,0,0,1,0,0,0,1,0,0,0
22.1,0,25000.0,1,3.0,73.1,1,19.9,0,0,5.7,1.46,1.58,0,1,0,0,0,0,1,0,1,0,0
22.6,0,25000.0,1,5.46,92.9,2,20.6,0,1,5.7,2.47,2.19,0,0,0,0,0,1,0,0,0,0,0
18.5,0,50883.0,1,4.39,89.0,2,36.0,0,1,1.6,3.63,3.9,0,0,0,0,0,0,1,0,0,0,0
17.6,1,49135.0,1,3.24,79.7,2,27.1,0,1,4.0,3.78,3.64,0,1,0,0,0,0,0,1,1,0,0
23.8,1,45903.0,0,1.8,76.7,3,30.7,0,1,3.1,1.87,1.77,0,1,0,0,0,0,0,1,1,0,0
21.7,1,25000.0,1,5.0,100.0,4,9.5,0,0,6.8,1.83,1.47,0,0,1,0,0,0,1,0,0,0,0
19.4,0,51344.0,1,3.06,74.8,3,23.7,1,0,2.5,2.96,2.29,0,0,0,0,0,0,1,0,0,0,0
24.4,1,29740.5,1,4.0,83.8,2,50.2,1,0,5.5,2.43,1.71,0,0,0,0,0,0,0,1,0,0,0
21.3,1,56750.0,0,5.9,76.6,1,8.6,1,0,3.4,4.0,3.37,0,1,0,0,0,0,0,1,0,1,0
23.6,1,25425.0,1,2.95,78.7,0,51.0,0,1,7.2,2.24,2.0,0,0,1,0,1,0,0,0,0,0,0
21.1,0,81675.0,1,5.75,76.0,0,33.1,1,0,3.0,2.72,2.84,0,0,1,0,1,0,0,0,0,0,0
25.5,0,25000.0,1,2.51,64.7,1,23.6,0,0,6.3,1.18,0.7,0,1,0,0,0,0,1,0,0,1,0
24.9,1,85652.0,1,5.93,85.1,0,27.5,1,0,7.2,2.24,1.94,0,0,1,0,0,0,0,0,1,0,0
20.5,1,25000.0,1,6.37,87.3,7,44.8,1,1,6.5,2.32,2.13,0,1,0,0,0,0,0,1,0,0,0
23.1,1,25000.0,1,5.17,76.7,0,5.0,0,0,3.3,3.57,3.13,0,0,0,1,0,1,0,0,0,0,0
22.4,1,33420.0,1,4.57,100.0,2,47.0,1,1,7.5,3.78,3.73,0,1,0,0,1,0,0,0,0,0,0
24.0,1,25000.0,1,5.16,84.3,1,33.2,0,1,6.5,3.11,3.31,0,1,0,0,0,0,1,0,0,1,0
18.9,0,28470.0,1,3.56,83.3,0,42.1,0,0,1.3,3.42,4.0,0,1,0,0,0,1,0,0,0,0,0
22.5,0,25000.0,1,2.27,85.1,4,9.0,0,1,5.7,0.24,0.35,0,1,0,0,0,0,0,1,0,1,0
23.3,1,25000.0,0,3.04,77.3,5,27.3,0,0,10.0,0.99,1.03,1,0,0,0,0,0,0,0,0,0,0
17.1,1,39820.0,1,6.97,74.2,1,5.0,0,0,7.5,1.51,1.7,0,0,0,0,0,1,0,0,0,0,0
18.4,1,25000.0,1,2.49,75.9,4,44.4,1,1,4.6,2.4,2.46,0,0,0,0,0,0,0,1,0,1,0
17.0,1,25000.0,1,5.25,77.6,2,18.2,0,1,6.5,3.46,3.53,0,1,0,0,1,0,0,0,1,0,0
20.4,1,25000.0,0,3.86,86.5,0,18.0,1,0,4.8,3.61,3.42,0,1,0,0,0,0,1,0,0,0,0
22.6,1,25000.0,1,3.54,79.0,3,6.8,1,0,7.3,0.94,1.09,0,0,0,1,0,0,1,0,0,0,0
24.3,1,65314.0,1,6.2,86.9,5,35.3,1,0,4.0,1.21,1.19,0,0,0,0,0,0,1,0,1,0,0
21.2,0,25000.0,0,4.12,71.9,1,30.9,0,0,7.7,0.88,0.85,1,1,0,0,0,1,0,0,0,0,0
24.6,0,25000.0,1,5.21,76.8,1,21.0,0,1,7.2,2.49,2.32,1,0,1,0,0,0,0,1,1,0,0
18.0,0,33401.0,1,7.12,76.3,2,33.2,0,1,6.7,0.64,0.43,1,0,0,0,0,1,0,0,0,0,0
17.3,1,25000.0,1,3.73,51.5,4,20.6,0,1,9.2,0.49,0.65,1,0,0,1,0,0,0,0,1,0,0
20.9,0,29740.5,0,4.0,63.3,2,8.9,1,0,5.5,1.69,1.74,1,1,0,0,0,0,0,0,0,0,0
21.8,0,26970.0,1,4.92,73.7,2,25.6,0,0,7.3,2.15,1.84,1,1,0,0,0,0,0,1,1,0,0
20.9,1,36357.0,1,3.58,85.7,1,49.7,0,1,7.5,1.42,1.66,1,0,0,0,0,1,0,0,0,0,0
17.0,1,52379.0,1,4.64,87.9,0,41.7,1,1,6.8,1.37,1.07,1,1,0,0,0,0,1,0,0,0,0
20.8,0,51779.0,1,5.47,70.8,2,35.5,1,0,6.3,2.17,1.96,0,0,0,0,0,0,0,1,1,0,0
18.1,1,34200.0,1,5.02,80.0,1,32.9,0,0,4.3,4.0,3.83,0,0,0,0,0,0,0,0,1,0,0
22.5,1,26993.0,1,4.15,71.8,0,25.6,0,0,4.3,1.84,1.32,0,0,0,1,0,1,0,0,0,0,1
21.8,0,100149.0,1,0.5,84.6,1,38.8,0,1,6.3,2.16,2.2,0,0,1,0,0,0,1,0,0,0,0
18.9,0,28005.0,1,2.12,76.5,2,36.8,0,0,6.6,1.36,1.51,0,0,0,1,1,0,0,0,1,0,0
19.9,1,25000.0,1,6.38,77.7,3,29.0,1,0,5.5,2.49,2.44,1,0,0,1,0,0,0,1,1,0,0
18.7,0,25000.0,1,2.76,80.3,0,32.4,1,0,4.6,3.87,4.0,0,0,1,0,0,0,0,1,0,0,0
20.9,0,25000.0,1,5.52,84.3,2,10.7,0,1,5.3,3.44,3.15,0,0,0,0,1,0,0,0,1,0,0
23.1,1,48677.0,1,2.41,82.4,2,24.2,1,1,5.4,3.44,3.6,0,0,0,1,0,0,1,0,0,1,0
18.8,0,25000.0,1,2.75,85.1,5,15.7,1,1,6.0,3.35,3.33,0,0,0,1,1,0,0,0,0,0,0
22.1,1,29631.0,1,4.88,87.8,2,15.5,0,0,5.1,2.58,1.93,0,1,0,0,0,0,1,0,0,0,1
19.8,1,26294.0,1,6.02,80.9,0,35.6,0,0,7.6,2.1,1.9,0,1,0,0,0,0,1,0,0,0,0
19.3,0,114003.0,1,4.85,73.7,3,14.8,0,0,5.3,3.8,3.71,0,0,0,0,1,0,0,0,0,0,0
20.8,1,25000.0,1,4.46,69.2,3,39.2,0,1,4.3,3.66,3.35,0,1,0,0,0,0,0,0,1,0,0
18.7,1,25000.0,1,2.23,75.9,0,42.4,0,0,5.4,2.25,1.9,0,1,0,0,0,1,0,0,0,0,0
19.8,1,27401.0,1,1.23,83.8,0,29.3,1,1,3.5,2.52,2.74,0,0,0,0,0,0,0,0,1,0,0
18.4,0,26410.0,1,3.44,70.9,3,22.7,0,0,9.1,2.53,2.5,0,0,0,1,0,0,0,0,1,0,0
25.3,0,25000.0,1,4.2,90.6,2,42.4,0,0,6.7,0.86,1.06,1,0,1,0,0,0,0,1,1,0,0
21.1,1,28322.0,1,3.93,73.6,5,36.6,1,0,5.5,0.4,0.38,1,0,0,0,0,0,0,0,1,0,0
19.5,0,25000.0,1,6.87,81.1,3,44.3,0,0,8.0,2.41,2.01,0,0,0,1,0,0,0,0,0,0,0
21.5,1,36839.0,1,2.0,93.8,4,17.0,0,1,5.1,3.12,2.8,0,0,1,0,0,0,1,0,0,0,0
20.8,0,25000.0,1,3.6,80.5,3,26.9,0,0,5.4,1.39,1.74,0,0,1,0,0,0,0,0,1,0,0
20.5,1,29276.0,1,6.17,73.3,1,27.4,0,1,4.2,2.19,1.95,0,0,1,0,0,0,0,0,0,0,0
22.4,0,25000.0,1,4.85,61.9,4,32.5,0,0,3.8,1.79,1.91,0,0,1,0,0,1,0,0,1,0,0
22.7,0,54708.0,1,2.58,85.2,3,37.5,0,0,5.9,4.0,3.99,0,1,0,0,0,1,0,0,0,0,0
19.8,0,85237.0,1,1.12,84.5,1,31.7,0,1,7.4,2.77,2.61,0,1,0,0,0,0,0,1,0,0,0
19.7,1,25000.0,0,3.49,86.6,3,46.0,0,0,3.9,2.02,2.38,0,0,0,1,1,0,0,0,0,0,0
20.4,0,68489.0,1,2.68,82.9,0,25.5,0,1,5.1,3.04,2.81,0,1,0,0,1,0,0,0,1,0,0
17.0,1,25000.0,1,3.42,77.7,0,17.4,0,1,5.1,2.04,2.1,0,1,0,0,0,0,1,0,0,1,0
17.7,0,25000.0,1,6.97,75.7,0,22.0,0,0,6.9,2.74,2.64,0,1,0,0,0,0,1,0,0,0,0
24.0,1,84757.0,1,2.68,82.3,1,20.5,0,0,4.7,1.95,2.09,0,0,1,0,1,0,0,0,0,0,0
24.6,1,40638.0,1,3.16,89.9,1,24.5,1,0,6.9,3.46,3.76,0,0,1,0,0,0,1,0,0,1,0
20.5,1,29812.0,1,5.19,58.3,4,26.8,0,0,6.8,0.0,0.01,1,0,0,1,0,1,0,0,0,1,0
22.3,1,44905.0,1,4.38,89.5,1,27.3,1,0,4.3,2.45,2.32,1,0,1,0,0,0,1,0,1,0,0
21.7,0,35050.0,1,5.95,79.7,1,32.8,0,0,5.0,3.85,3.6,0,0,0,0,0,0,0,1,0,0,0
27.8,0,28523.0,1,5.06,80.7,2,24.5,1,1,5.6,2.9,3.32,0,1,0,0,0,0,1,0,1,0,0
23.5,0,25000.0,1,3.1,87.6,1,42.6,0,0,4.7,2.19,1.91,0,1,0,0,0,0,1,0,1,0,0
20.7,0,25278.0,1,4.67,80.6,2,6.7,0,0,3.9,3.31,3.56,0,0,0,1,0,1,0,0,0,0,0
18.9,0,43215.0,1,4.15,83.8,4,5.0,0,0,8.2,2.01,1.44,0,1,0,0,0,1,0,0,0,1,0
17.5,1,27621.0,1,1.71,68.9,1,42.0,0,1,2.3,1.69,1.47,0,0,1,0,0,0,0,1,1,0,0
21.4,1,29740.5,1,4.0,79.8,2,41.1,0,1,5.5,3.12,2.89,0,0,0,0,0,1,0,0,1,0,0
19.3,1,37429.0,1,2.62,86.1,5,44.9,0,0,8.0,1.57,1.24,0,0,0,1,0,0,1,0,0,0,0
17.9,1,25000.0,1,3.86,78.9,3,37.6,1,0,4.0,1.38,1.44,0,1,0,0,0,0,0,0,0,1,0
19.6,1,25000.0,1,3.39,79.3,2,30.0,1,0,5.5,2.95,3.27,0,0,0,1,0,0,1,0,0,1,0
18.6,1,29740.5,1,4.0,83.3,2,26.9,0,0,5.5,1.7,2.04,0,1,0,0,0,0,0,0,1,0,0
24.7,1,25000.0,1,4.25,85.4,4,10.8,0,0,1.0,3.38,3.36,0,0,1,0,1,0,0,0,0,0,0
22.9,1,36381.0,1,4.75,94.2,1,31.8,0,1,5.4,2.32,2.18,0,1,0,0,0,0,0,1,1,0,0
21.0,0,25000.0,1,3.38,85.5,1,12.8,0,1,2.7,1.94,2.41,1,0,0,1,0,1,0,0,0,0,0
24.3,1,25000.0,1,5.41,92.8,0,59.6,0,0,7.2,2.39,2.36,0,0,0,1,1,0,0,0,0,0,0
21.2,0,55929.0,1,3.12,81.2,1,17.6,0,1,4.1,1.71,1.86,0,0,0,0,0,0,1,0,1,0,0
19.1,0,32498.0,1,3.31,63.1,3,29.1,1,0,8.7,0.4,0.56,1,0,1,0,1,0,0,0,1,0,0
24.4,0,25000.0,1,1.76,78.6,0,48.1,1,0,3.8,3.14,2.85,0,1,0,0,0,0,0,1,0,0,0
22.2,1,30049.0,1,4.3,75.5,5,25.6,1,1,6.3,2.04,2.45,0,0,0,0,0,0,0,1,0,0,0
18.7,1,68006.0,1,5.98,81.5,1,25.7,0,1,3.9,1.35,1.46,0,0,0,1,0,1,0,0,1,0,0
20.6,1,35464.0,1,3.68,79.4,2,5.0,1,0,5.1,2.43,2.67,1,0,0,1,0,1,0,0,0,1,0
19.1,1,42437.0,1,6.29,84.1,3,14.3,0,1,5.5,2.89,2.58,1,1,0,0,1,0,0,0,1,0,0
18.0,1,25000.0,1,2.58,76.6,2,36.7,0,0,5.5,2.95,2.45,0,0,0,1,0,1,0,0,0,1,0
23.0,0,29740.5,1,4.0,83.7,2,50.1,1,0,5.5,1.47,1.17,0,1,0,0,0,0,0,0,1,0,0
25.2,0,119475.0,1,5.81,85.0,1,19.3,1,1,8.1,1.06,0.91,1,1,0,0,0,1,0,0,0,0,0
17.9,0,25000.0,1,3.78,82.3,1,32.4,0,0,4.2,1.86,2.15,0,0,0,0,0,0,1,0,0,0,0
22.2,1,25000.0,1,2.73,70.3,2,62.5,1,0,5.6,2.52,2.81,1,0,0,0,0,0,0,0,0,0,0
19.6,1,33035.0,1,4.34,89.2,0,36.8,0,1,3.4,4.0,3.75,0,0,0,0,0,1,0,0,0,1,0
19.9,0,50277.0,1,4.43,87.0,2,41.7,0,0,3.0,3.38,3.1,0,0,0,1,1,0,0,0,0,0,0
19.7,1,28146.0,1,5.23,80.5,1,20.8,0,0,4.3,4.0,3.66,0,0,0,1,0,1,0,0,1,0,0
19.1,0,25000.0,1,3.57,67.5,1,48.6,0,0,8.5,0.0,0.0,1,0,0,1,1,0,0,0,0,0,0
21.1,0,27857.0,1,2.24,84.4,2,21.7,1,0,2.5,2.3,2.13,0,0,1,0,0,0,0,1,0,0,1
19.2,1,42568.0,1,3.64,77.8,1,19.6,1,1,6.5,2.26,2.33,1,0,0,1,0,0,1,0,0,0,0
21.6,1,29740.5,1,4.0,62.6,1,47.8,0,1,5.5,2.5,2.66,0,1,0,0,0,1,0,0,1,0,0
20.9,1,42803.0,1,5.46,81.4,0,22.4,1,1,4.2,2.05,2.53,0,0,1,0,0,0,0,0,0,0,0
20.5,1,59804.0,1,2.04,93.6,3,30.0,1,1,6.7,1.0,0.51,0,0,1,0,1,0,0,0,1,0,0
19.0,1,34342.0,0,3.51,83.2,0,49.5,0,1,6.7,0.72,0.6,1,1,0,0,0,0,0,0,0,0,0
19.7,1,29238.0,1,4.38,81.1,3,19.0,1,1,5.4,1.78,1.59,0,0,1,0,0,1,0,0,1,0,0
22.7,1,48904.0,1,6.01,77.8,2,27.2,1,1,5.2,2.03,2.27,1,0,0,0,1,0,0,0,0,0,0
22.1,1,25000.0,1,3.13,82.2,3,22.7,0,1,5.1,3.21,3.16,0,0,0,1,0,0,0,1,1,0,0
18.8,0,25000.0,1,2.94,82.0,4,26.1,1,0,4.0,1.18,1.57,1,0,0,1,0,1,0,0,0,0,0
21.2,1,29740.5,1,4.0,86.8,2,30.5,0,1,5.5,1.83,1.89,0,1,0,0,0,1,0,0,0,0,0
22.7,0,25000.0,1,1.04,77.7,2,46.1,0,0,4.6,0.11,0.09,0,0,0,1,0,0,0,1,0,0,0
17.3,0,25000.0,1,3.26,75.5,1,49.7,0,0,5.8,2.29,2.22,0,1,0,0,0,0,0,0,0,1,0
22.2,0,89168.0,1,4.77,78.5,4,31.9,1,0,4.4,1.34,1.36,0,1,0,0,0,0,1,0,0,0,0
19.5,0,109447.0,0,4.46,81.3,1,21.3,0,0,4.3,3.73,3.88,0,0,1,0,0,0,0,0,0,0,0
22.3,1,25000.0,1,4.26,81.8,1,38.1,1,0,4.5,2.69,2.57,0,0,1,0,0,0,1,0,1,0,0
19.3,1,31415.0,1,1.87,81.9,0,30.1,0,0,7.8,2.89,2.6,0,0,0,0,0,0,0,0,1,0,0
17.0,0,26564.0,1,2.34,74.1,2,30.5,0,1,3.0,2.2,1.75,0,0,0,1,0,0,0,1,0,0,0
17.4,0,57786.0,1,5.75,81.3,2,17.6,0,0,8.7,2.47,2.12,0,0,0,0,0,0,1,0,0,1,0
21.1,0,65081.0,1,3.88,87.5,1,10.6,1,0,6.9,2.41,2.54,1,0,1,0,0,0,0,0,0,0,0
21.6,0,25000.0,1,3.72,92.2,3,29.8,1,0,2.7,2.87,3.11,0,0,0,1,0,0,0,1,0,0,1
19.0,1,39561.0,1,2.97,89.9,2,17.2,0,0,4.5,4.0,4.0,0,0,0,0,0,1,0,0,0,1,0
22.4,1,25000.0,1,4.02,81.5,0,23.6,0,0,2.6,0.47,0.47,0,0,0,1,0,1,0,0,0,0,0
17.3,1,85388.0,1,3.37,80.7,2,47.8,0,1,6.7,0.28,0.29,0,0,0,0,0,0,0,0,0,0,0
20.9,1,38721.0,0,5.11,91.9,1,29.2,0,0,7.8,1.56,1.49,0,0,0,0,0,1,0,0,0,0,0
18.3,1,25000.0,1,2.63,81.1,1,43.3,1,0,5.9,1.27,1.38,1,0,1,0,0,1,0,0,1,0,0
19.6,0,25725.0,1,5.09,88.9,3,33.6,1,0,7.7,2.07,1.93,1,0,1,0,0,1,0,0,1,0,0
21.1,0,25000.0,1,6.14,81.8,2,37.0,0,0,5.8,2.56,3.01,1,1,0,0,0,0,1,0,1,0,0
19.1,1,40744.0,1,4.8,62.8,2,23.4,0,0,7.2,1.94,1.99,1,0,1,0,0,0,0,1,1,0,0
20.2,0,55556.0,1,2.4,87.3,1,43.8,1,0,6.0,1.21,1.55,1,0,1,0,0,0,0,0,0,0,0
23.2,0,25000.0,1,5.07,89.7,2,33.7,0,0,5.5,2.54,2.41,0,0,0,1,0,1,0,0,0,1,0
19.7,0,89613.0,1,3.36,79.4,2,26.8,1,0,6.9,1.6,1.58,1,0,1,0,0,0,1,0,0,1,0
22.8,1,77918.0,1,3.32,72.7,3,33.7,1,0,5.2,0.5,0.84,0,1,0,0,1,0,0,0,0,0,0
18.5,0,25000.0,1,4.18,94.2,1,21.4,0,0,8.1,2.27,1.73,0,1,0,0,0,0,0,0,0,0,0
22.2,0,31060.0,1,3.68,80.8,2,26.5,1,1,4.9,3.48,3.56,0,0,0,0,0,0,0,1,0,1,0
24.2,1,82991.0,1,3.4,79.2,1,29.3,1,0,6.5,1.23,0.69,0,0,0,1,0,0,0,0,0,0,0
17.0,1,62302.0,1,4.89,85.6,2,23.7,0,1,4.2,3.47,3.65,1,0,0,0,0,0,0,0,0,0,0
19.2,0,25000.0,1,4.15,100.0,1,48.7,0,0,2.7,3.67,3.41,0,0,1,0,1,0,0,0,1,0,0
22.3,1,48465.0,1,1.51,85.9,1,25.0,1,1,6.1,1.61,1.38,0,0,1,0,1,0,0,0,1,0,0
20.6,1,179570.0,1,5.33,83.4,3,55.0,1,0,2.3,4.0,4.0,0,0,0,1,0,0,1,0,1,0,0
21.8,1,31669.0,1,5.56,82.6,2,30.8,0,1,9.4,1.32,1.56,1,1,0,0,1,0,0,0,0,0,1
19.7,0,25000.0,1,4.78,95.2,4,27.2,1,1,4.9,3.41,3.68,0,0,0,0,0,0,1,0,0,0,0
21.2,0,32973.0,1,4.86,86.2,1,23.9,1,0,5.4,2.82,2.32,0,0,1,0,0,1,0,0,0,1,0
20.7,1,34473.0,1,3.71,88.9,3,35.1,1,1,4.9,0.38,0.64,0,1,0,0,1,0,0,0,1,0,0
23.6,1,25000.0,1,2.44,84.4,3,40.7,1,1,5.8,3.03,3.06,1,1,0,0,1,0,0,0,0,0,0
21.6,0,38753.0,1,4.23,86.3,3,5.0,0,1,6.1,3.19,3.04,0,1,0,0,0,0,0,1,1,0,0
21.7,0,25000.0,1,6.01,79.8,1,30.1,0,0,4.0,3.96,3.89,0,0,0,0,1,0,0,0,1,0,0
20.1,0,25000.0,1,4.35,83.4,1,6.1,0,0,1.0,3.43,4.0,0,1,0,0,1,0,0,0,0,1,0
19.9,1,46861.0,0,6.16,76.5,1,41.8,0,0,3.5,4.0,3.14,0,0,1,0,0,0,0,1,1,0,0
20.0,1,25000.0,1,6.22,77.9,2,42.0,0,1,4.6,4.0,4.0,0,1,0,0,0,0,0,0,0,0,0
21.9,1,51118.0,1,3.95,85.9,1,30.5,1,0,6.0,3.13,3.34,0,1,0,0,0,0,0,0,0,0,0
20.1,0,25000.0,1,3.4,76.4,2,32.5,0,0,5.8,1.44,1.7,0,0,0,0,0,0,0,0,1,0,0
21.6,1,25000.0,1,3.44,83.0,2,12.8,0,0,6.9,0.94,0.84,1,0,0,0,1,0,0,0,0,0,0
25.6,1,25000.0,1,3.84,79.1,0,23.4,1,0,2.5,4.0,4.0,0,1,0,0,1,0,0,0,0,0,1
22.9,1,35317.0,1,2.73,73.0,3,22.7,0,0,3.9,1.9,1.83,1,0,0,1,1,0,0,0,0,0,0
20.3,1,65852.0,1,4.72,83.8,1,24.6,0,1,4.7,4.0,4.0,0,0,0,1,0,1,0,0,0,1,0
23.6,0,30779.0,1,5.24,88.2,4,40.5,0,1,8.2,0.67,0.56,1,0,0,1,0,0,1,0,0,1,0
20.1,1,25644.0,1,1.59,71.5,1,45.4,1,0,10.0,0.0,0.0,1,0,0,0,1,0,0,0,0,0,0
17.0,0,42098.0,1,6.32,86.9,3,37.3,1,0,3.1,4.0,3.93,0,0,0,1,0,1,0,0,0,0,0
18.8,0,25000.0,1,3.31,73.1,1,26.1,1,0,7.5,2.92,2.97,0,0,1,0,0,0,0,1,0,0,0
17.0,1,29740.5,1,4.0,92.8,1,21.0,1,0,5.5,2.52,2.69,0,0,0,1,1,0,0,0,1,0,0
20.2,0,25000.0,1,4.4,86.5,0,31.1,0,0,6.5,3.61,3.99,0,1,0,0,1,0,0,0,1,0,0
21.0,0,31243.0,1,2.91,71.5,1,33.6,1,0,3.1,2.76,2.66,0,1,0,0,0,0,0,1,0,1,0
24.7,0,27504.0,1,3.23,88.8,3,27.3,0,1,7.9,1.38,1.54,0,0,1,0,0,0,1,0,1,0,0
21.7,1,25000.0,1,2.92,77.1,3,22.1,1,0,1.5,4.0,3.99,0,0,0,0,1,0,0,0,1,0,0
20.5,1,32828.0,1,4.0,74.3,0,37.4,0,1,3.1,2.0,1.94,0,0,0,0,1,0,0,0,0,1,0
22.8,1,32700.0,1,3.24,87.8,2,38.6,0,0,5.0,2.52,2.61,0,0,0,0,0,0,0,0,0,0,0
17.0,0,60191.0,1,4.49,91.7,4,14.3,0,0,4.4,3.6,3.96,0,0,0,0,1,0,0,0,0,0,0
21.5,0,29740.5,1,4.0,70.8,2,25.4,0,0,5.5,2.18,2.56,1,0,0,1,0,0,0,1,0,1,0
22.7,0,28406.0,1,4.58,79.0,1,39.3,1,0,4.3,2.31,2.71,0,1,0,0,1,0,0,0,0,0,0
17.7,1,25000.0,1,2.53,83.4,0,41.9,1,1,4.9,2.3,1.94,0,1,0,0,0,0,1,0,0,0,0
23.5,1,50104.0,0,5.31,77.3,3,30.8,0,1,5.2,2.14,2.34,0,1,0,0,0,0,1,0,0,0,0
21.7,0,46740.0,1,5.06,80.6,1,34.4,0,1,5.1,2.25,2.53,0,1,0,0,0,0,0,1,0,0,0
20.1,1,40325.0,1,1.22,85.3,3,33.0,0,1,5.8,0.95,1.23,0,1,0,0,0,0,1,0,0,0,0
22.4,0,29740.5,1,4.0,55.6,1,41.5,0,0,5.5,3.07,3.33,0,0,0,0,0,1,0,0,0,1,0
26.0,1,50579.0,1,0.61,85.6,2,16.7,0,0,4.1,0.66,0.48,0,0,1,0,0,0,1,0,1,0,0
21.4,1,25000.0,1,2.48,70.7,1,33.2,0,1,7.9,1.57,1.86,1,1,0,0,1,0,0,0,0,1,0
21.5,1,25000.0,0,5.34,71.8,1,19.3,0,1,5.6,2.29,2.02,1,0,0,0,0,1,0,0,0,0,0
20.0,1,25000.0,1,3.3,87.2,2,43.1,1,0,7.8,2.91,2.85,0,0,1,0,0,0,0,1,0,0,0
19.1,1,29141.0,1,6.03,75.2,1,17.3,1,0,4.9,2.54,2.55,0,0,1,0,1,0,0,0,1,0,0
22.8,1,44583.0,0,4.92,74.1,3,34.9,0,0,3.9,0.34,0.53,1,0,0,0,0,0,1,0,0,1,0
19.1,1,25000.0,1,3.44,79.6,3,19.4,0,0,5.6,3.18,3.55,0,0,0,0,0,0,1,0,1,0,0
21.2,1,65752.0,1,3.25,77.3,1,39.0,0,0,10.0,0.95,0.83,0,0,1,0,1,0,0,0,0,1,0
19.9,1,32166.0,1,5.95,83.9,0,35.3,0,0,3.0,2.99,2.56,0,0,0,0,0,1,0,0,0,0,1
22.1,0,25000.0,1,3.38,83.4,2,32.9,1,0,6.7,0.0,0.0,1,0,1,0,0,0,0,0,0,0,0
21.7,1,31589.0,1,1.58,74.1,1,53.5,0,1,5.8,1.79,1.91,0,0,0,1,0,0,1,0,1,0,0
23.3,0,57269.0,1,2.79,68.3,1,21.6,1,0,6.2,0.0,0.0,1,1,0,0,0,0,0,1,0,0,0
19.9,0,42602.0,1,4.16,80.4,0,41.1,0,1,3.3,0.77,1.33,1,1,0,0,0,0,0,1,0,1,0
20.4,0,57494.0,0,2.98,90.8,1,44.1,0,0,6.3,3.37,3.62,0,0,0,0,0,0,1,0,0,1,0
18.8,0,25000.0,1,7.11,81.5,2,41.1,0,1,6.0,2.51,2.8,0,0,1,0,0,0,0,1,0,0,0
20.0,1,25000.0,1,3.16,79.2,4,21.9,1,0,2.8,3.47,3.62,0,0,1,0,0,0,1,0,0,1,0
21.8,0,25000.0,1,3.19,95.8,4,27.2,0,0,5.7,0.98,0.88,0,0,0,0,0,0,1,0,0,1,0
22.7,0,83329.0,1,2.72,88.0,3,22.7,1,1,5.1,1.58,1.33,0,1,0,0,0,0,1,0,1,0,0
19.0,0,43635.0,1,5.15,68.2,2,26.4,1,1,4.9,2.04,1.56,1,1,0,0,0,0,1,0,0,0,0
22.9,1,164096.0,1,3.64,79.8,2,19.9,0,0,5.4,0.0,0.14,1,0,0,1,0,0,0,1,0,1,0
24.0,1,25000.0,1,5.06,83.8,2,25.6,0,0,7.5,3.05,2.71,0,1,0,0,1,0,0,0,0,0,0
21.9,1,25000.0,1,5.5,73.5,0,47.6,1,0,6.3,3.07,3.36,0,0,0,1,0,0,1,0,1,0,0
25.1,0,27291.0,1,4.47,79.7,1,26.2,0,0,3.6,3.07,2.84,0,0,0,1,0,0,0,0,1,0,0
19.3,0,67983.0,1,4.4,82.2,0,31.3,0,1,6.4,1.75,1.86,0,0,0,0,0,1,0,0,1,0,0
18.3,1,25000.0,1,2.44,80.2,4,21.3,0,0,5.4,1.33,1.56,0,1,0,0,0,0,1,0,1,0,0
17.1,0,32038.0,1,2.03,72.3,1,29.8,0,0,4.4,0.29,0.66,0,0,0,0,0,0,1,0,0,0,0
24.3,0,31509.0,1,2.05,93.7,3,39.9,0,0,3.3,1.3,1.35,0,0,0,0,0,0,1,0,0,0,0
22.4,1,30446.0,1,4.09,84.1,0,35.9,0,0,7.0,3.68,3.43,0,0,0,0,1,0,0,0,0,0,0
20.9,0,25000.0,0,7.0,75.1,1,47.0,0,0,4.5,2.67,2.96,0,0,1,0,1,0,0,0,0,0,0
21.6,0,27382.0,1,3.26,89.0,0,15.5,0,0,7.1,0.03,0.04,1,0,0,1,0,0,1,0,1,0,0
18.5,1,26687.0,1,5.33,81.4,1,20.9,0,0,3.6,2.8,2.84,0,0,1,0,0,1,0,0,0,1,0
26.4,0,29598.0,1,4.68,89.9,2,25.0,0,1,9.1,0.87,1.19,1,0,0,0,0,1,0,0,1,0,0
21.3,1,52371.0,1,4.04,81.2,1,48.3,1,0,10.0,1.28,1.31,1,1,0,0,0,0,1,0,0,0,1
21.2,0,85509.0,1,3.68,70.2,3,33.6,1,1,6.5,1.94,1.32,1,0,0,1,0,0,1,0,0,0,1
22.6,0,25000.0,1,3.44,73.5,4,13.0,0,1,7.8,0.05,0.05,1,0,0,1,0,1,0,0,1,0,0
22.1,0,25000.0,1,3.42,91.1,0,43.1,0,1,4.7,3.66,3.58,0,1,0,0,0,0,0,1,0,0,0
21.5,1,25000.0,1,4.79,90.3,1,31.3,0,0,4.5,3.25,3.25,0,0,0,1,0,0,0,0,1,0,0
19.3,1,33265.0,1,5.12,71.4,0,40.7,0,0,7.6,3.04,3.02,0,0,0,1,0,0,0,0,0,0,0
22.0,1,29740.5,1,4.0,93.1,1,49.0,1,1,5.5,1.66,2.35,0,1,0,0,0,0,1,0,1,0,0
25.1,0,34334.0,1,3.43,90.2,2,18.3,0,0,3.0,4.0,4.0,0,0,0,0,0,0,0,1,1,0,0
24.0,1,29740.5,1,4.0,76.9,1,49.0,0,1,5.5,1.42,1.3,0,0,1,0,1,0,0,0,0,1,0
24.5,0,29740.5,1,4.0,81.4,2,29.1,0,1,5.5,2.32,2.35,0,0,1,0,1,0,0,0,0,1,0
19.9,1,39937.0,1,5.14,64.4,1,25.0,1,0,5.2,2.15,1.93,0,0,0,1,0,0,0,1,0,0,0
18.8,1,25000.0,1,5.92,76.4,3,31.9,0,1,7.4,2.01,2.36,0,0,1,0,0,0,1,0,0,1,0
20.7,1,39193.0,1,2.94,80.3,2,15.7,0,1,8.1,2.01,2.03,0,0,0,1,1,0,0,0,0,0,0
21.1,0,25000.0,1,3.2,84.5,5,29.8,0,1,6.0,2.0,1.86,0,1,0,0,0,0,0,1,0,0,0
23.4,0,60947.0,1,6.15,81.1,1,27.1,0,1,7.9,0.7,0.77,0,0,0,0,0,0,1,0,0,0,0
17.3,1,51430.0,1,5.72,83.1,2,18.7,1,0,4.7,1.22,0.9,0,0,0,1,0,0,0,0,1,0,0
24.4,1,41815.0,0,2.71,74.3,3,22.2,0,1,8.6,1.74,2.15,0,0,0,0,0,0,0,1,0,0,0
20.7,0,47855.0,1,2.84,84.6,2,43.7,0,0,4.2,2.69,2.81,0,0,0,1,1,0,0,0,0,0,0
20.1,1,25000.0,1,4.33,95.5,3,27.9,0,0,4.0,2.66,2.09,0,1,0,0,0,0,0,0,0,1,0
18.8,0,25000.0,1,5.61,85.5,0,18.2,0,0,4.7,2.71,2.99,0,0,0,0,0,0,0,1,1,0,0
17.4,0,46698.0,1,2.82,82.3,4,35.4,0,0,4.2,2.91,3.1,0,0,1,0,1,0,0,0,0,0,0
22.8,0,25000.0,1,4.11,76.1,1,39.2,1,1,6.4,2.14,2.2,0,0,0,0,0,0,0,1,0,0,0
21.2,0,70783.0,1,5.42,79.1,1,30.0,1,0,7.8,0.64,0.2,1,0,0,1,0,0,0,1,0,0,0
18.2,0,25000.0,1,3.74,71.5,1,15.2,0,0,5.5,0.0,0.0,1,0,0,1,0,0,0,1,0,0,0
18.2,0,40180.0,0,3.9,70.4,0,5.0,0,1,6.1,0.55,1.08,0,1,0,0,0,0,0,1,1,0,0
20.3,0,104773.0,1,5.85,81.4,2,19.2,1,0,3.0,2.71,2.7,0,1,0,0,0,1,0,0,0,1,0
24.7,0,25000.0,1,3.46,86.4,1,42.7,0,0,5.7,2.25,2.24,0,1,0,0,0,1,0,0,1,0,0
20.4,1,30985.0,1,5.65,75.2,4,41.6,1,1,8.7,2.09,1.81,0,0,0,1,1,0,0,0,0,0,0
17.7,1,55967.0,1,3.81,91.6,0,20.4,1,1,8.0,2.13,1.95,0,0,1,0,1,0,0,0,1,0,0
20.5,1,52616.0,1,2.59,77.5,2,27.2,1,1,3.5,1.45,1.73,0,0,0,0,0,0,1,0,1,0,0
20.4,0,25000.0,1,4.72,81.3,0,38.4,1,0,4.7,2.52,2.81,0,1,0,0,0,0,0,0,0,0,0
17.0,1,25000.0,1,3.2,89.6,3,28.3,0,0,10.0,2.57,2.81,0,0,0,0,0,0,0,0,0,0,0
20.9,1,25851.0,1,2.48,79.5,1,41.2,0,0,6.3,1.89,1.54,0,0,0,1,0,1,0,0,0,0,0
20.5,1,70878.0,0,6.55,87.0,1,28.8,0,1,8.2,2.44,2.53,0,0,0,0,0,0,0,0,0,0,0
22.5,1,25148.0,1,4.55,86.6,0,35.8,0,0,8.4,1.76,1.32,0,0,1,0,0,0,0,1,0,1,0
25.1,0,31159.0,0,3.59,76.6,4,26.1,1,0,3.5,2.65,2.48,1,1,0,0,0,1,0,0,0,0,0
23.5,0,25000.0,1,3.61,76.8,2,20.6,0,0,6.8,0.61,0.45,1,0,0,0,0,0,0,1,0,0,0
20.4,0,45403.0,1,5.99,91.8,1,44.0,0,1,5.8,2.97,2.39,0,1,0,0,0,0,0,0,1,0,0
18.6,1,32641.0,1,6.09,92.6,1,12.0,0,1,8.6,2.12,2.49,0,0,0,0,0,0,0,1,1,0,0
26.7,0,25000.0,1,3.29,87.0,1,22.8,1,1,9.0,0.85,0.54,1,0,0,1,0,1,0,0,0,0,0
21.1,1,25000.0,1,4.34,75.1,0,28.9,0,1,4.0,2.93,3.52,0,0,0,0,0,1,0,0,0,0,0
21.0,0,25000.0,1,3.52,88.9,0,40.3,0,0,10.0,1.88,1.08,1,0,0,1,0,0,1,0,1,0,0
20.9,1,25000.0,1,5.0,79.8,1,19.5,1,1,5.8,1.84,2.41,1,0,1,0,0,0,0,1,0,1,0
21.4,1,47876.0,1,3.54,71.9,4,31.5,1,0,6.6,2.48,2.13,0,0,0,0,0,0,1,0,0,1,0
20.7,1,65792.0,1,1.49,76.9,2,13.4,1,0,1.0,1.9,2.11,0,0,1,0,0,0,0,1,1,0,0
19.7,1,44861.0,1,2.66,80.2,0,35.3,1,0,7.3,1.47,1.52,0,0,1,0,0,0,0,1,0,1,0
19.8,0,41472.0,0,5.35,90.7,2,51.9,0,0,1.6,3.78,4.0,0,0,1,0,1,0,0,0,1,0,0
20.9,1,27559.0,1,3.06,75.6,7,6.5,0,1,5.2,1.57,1.3,0,0,0,0,0,0,0,0,1,0,0
19.8,1,47332.0,1,5.02,74.3,2,21.3,0,1,4.5,2.62,3.17,1,0,1,0,0,0,0,0,0,1,0
19.4,1,35305.0,1,4.48,78.1,2,40.0,0,0,6.3,3.2,2.79,0,0,0,1,0,0,0,0,0,0,0
21.2,0,87787.0,1,3.07,81.0,2,65.3,0,0,5.8,0.25,0.67,1,0,1,0,0,1,0,0,1,0,0
20.4,1,28027.0,0,3.8,87.4,2,37.1,1,1,6.6,0.11,0.0,1,0,1,0,0,0,0,1,0,1,0
24.3,0,66556.0,0,3.19,86.6,1,21.2,0,1,7.7,1.29,1.22,1,0,0,0,1,0,0,0,0,0,1
17.0,0,29740.5,0,4.0,64.0,1,28.2,0,1,5.5,3.98,3.85,0,0,1,0,0,0,0,0,0,0,0
23.4,1,46225.0,1,1.68,79.2,1,15.3,0,1,5.1,0.98,0.76,1,0,1,0,0,0,0,1,0,0,1
23.7,1,25000.0,0,3.85,83.0,2,39.7,1,1,4.0,2.86,3.13,0,0,0,0,1,0,0,0,1,0,0
17.0,1,51923.0,1,3.25,75.0,3,42.6,0,1,3.8,2.48,2.76,0,0,0,1,1,0,0,0,1,0,0
20.2,0,27543.0,0,4.1,75.8,2,46.9,1,0,9.0,2.01,2.13,1,0,0,1,1,0,0,0,1,0,0
20.2,1,29740.5,1,4.0,87.0,3,26.0,0,0,5.5,3.99,3.94,0,0,0,0,0,0,0,1,0,0,0
17.9,1,25000.0,1,4.81,87.5,3,20.3,0,1,4.0,3.99,4.0,0,0,1,0,0,0,1,0,1,0,0
19.3,0,29633.0,1,3.26,80.6,4,47.9,1,0,9.4,0.88,0.75,0,0,0,0,0,0,0,0,0,0,0
18.6,0,30337.0,1,3.16,85.2,4,46.6,0,1,5.3,1.56,1.78,0,0,0,0,0,1,0,0,1,0,0
24.9,1,25000.0,1,3.8,85.7,3,18.1,0,1,5.4,0.31,0.0,1,1,0,0,0,1,0,0,0,0,0
23.1,0,25000.0,1,5.42,73.2,1,25.5,1,0,6.2,0.84,0.57,1,0,1,0,0,0,1,0,0,1,0
23.8,1,39814.0,1,3.33,73.3,3,39.5,0,0,3.3,3.25,3.21,0,0,0,1,0,0,1,0,1,0,0
22.6,1,50163.0,1,3.11,78.9,0,27.0,1,1,3.8,2.2,1.86,0,0,1,0,0,0,1,0,1,0,0
18.5,1,33329.0,1,2.57,76.5,2,30.4,1,0,4.4,0.97,1.39,0,0,0,0,1,0,0,0,1,0,0
19.8,0,59308.0,1,4.66,77.2,1,12.4,1,0,7.4,1.6,1.38,0,1,0,0,0,0,0,0,0,0,0
22.1,1,28231.0,1,3.62,81.2,1,16.5,1,0,6.7,3.89,4.0,0,0,0,1,0,0,0,1,0,0,0
18.3,0,28779.0,0,2.69,81.3,0,28.9,0,1,4.4,1.92,2.0,0,0,0,0,0,1,0,0,0,0,0
22.6,0,25000.0,1,2.96,61.5,3,21.6,0,1,5.3,1.3,1.64,1,0,0,0,0,0,0,1,1,0,0
20.5,1,25000.0,0,4.87,82.8,3,16.2,0,0,6.9,2.07,1.79,0,1,0,0,1,0,0,0,0,1,0
20.2,0,90472.0,1,4.19,80.0,1,26.2,1,1,1.2,3.16,3.2,0,0,0,0,0,0,0,1,1,0,0
22.6,1,58617.0,1,3.13,83.8,4,19.5,1,0,6.0,2.76,2.02,0,1,0,0,0,0,1,0,0,0,0
22.0,0,25000.0,1,4.75,76.9,2,30.3,0,0,6.9,3.36,3.48,0,0,1,0,0,0,0,1,0,0,0
20.2,0,32645.0,1,5.35,76.9,4,41.9,0,0,3.8,3.47,3.62,0,0,1,0,0,0,0,1,1,0,0
23.6,1,28000.0,0,4.85,78.9,2,26.4,1,1,6.7,1.52,2.34,1,0,1,0,1,0,0,0,0,0,0
18.6,1,25225.0,1,4.27,90.5,4,24.9,1,0,5.5,2.48,2.42,0,0,0,0,1,0,0,0,1,0,0
22.4,1,25000.0,0,6.18,78.7,2,42.9,1,1,8.8,0.63,0.64,0,0,1,0,0,0,0,1,0,0,0
22.3,1,37375.0,1,5.72,90.9,1,38.8,1,0,4.6,3.51,3.64,0,0,0,0,0,0,0,0,1,0,0
20.3,1,48577.0,1,4.08,89.8,3,39.6,1,0,6.6,2.08,2.14,0,0,0,1,0,0,0,1,1,0,0
21.7,1,37852.0,1,5.31,79.3,2,5.0,0,1,2.9,3.77,3.67,0,0,0,1,0,0,0,0,1,0,0
18.2,0,27659.0,1,4.85,77.9,0,24.6,1,0,5.6,3.76,3.73,0,1,0,0,0,0,0,1,1,0,0
23.0,1,27056.0,0,3.31,78.2,2,23.1,1,0,7.0,0.98,0.62,1,0,1,0,0,0,0,1,1,0,0
20.6,0,52161.0,1,6.08,80.8,1,20.1,0,0,4.6,3.75,3.28,0,0,0,0,0,0,0,1,0,0,0
19.9,0,39264.0,1,6.19,77.5,1,42.6,0,1,7.5,3.01,3.01,0,0,1,0,0,1,0,0,0,0,0
23.3,1,31058.0,1,5.56,87.9,1,23.5,0,0,7.2,2.02,1.89,0,0,0,0,0,0,0,1,0,1,0
19.5,0,29099.0,1,4.82,76.8,0,13.3,1,0,5.8,3.1,3.11,0,0,1,0,0,0,0,0,1,0,0
17.9,1,36577.0,1,5.23,88.9,2,33.0,0,0,5.0,2.19,2.64,1,0,0,1,0,0,0,1,0,0,0
17.6,1,25000.0,1,3.56,74.5,0,29.9,0,0,1.0,3.09,2.83,0,1,0,0,0,1,0,0,0,1,0
22.3,0,48675.0,1,5.42,68.7,0,18.9,1,0,4.3,1.87,1.62,0,1,0,0,1,0,0,0,0,0,0
18.2,1,25000.0,0,2.32,67.6,2,42.2,1,1,7.5,0.52,0.13,1,1,0,0,0,0,0,1,0,0,0
24.9,0,25000.0,1,3.58,77.7,1,36.4,1,0,5.0,2.8,2.95,0,0,0,1,0,0,1,0,0,0,0
17.0,0,42902.0,1,0.74,75.5,0,36.3,0,1,6.3,1.76,1.63,1,0,0,0,0,1,0,0,0,1,0
24.7,0,25000.0,1,4.52,75.2,0,35.8,0,0,4.7,3.16,2.84,0,1,0,0,0,1,0,0,0,0,0
21.5,0,25000.0,1,5.34,89.9,0,43.1,1,0,2.9,4.0,3.65,0,0,0,0,0,0,1,0,1,0,0
20.8,0,30879.0,1,6.14,76.1,1,28.1,1,0,6.8,2.58,2.61,0,1,0,0,0,0,0,0,0,0,0
19.8,1,25000.0,1,3.72,66.3,4,15.1,0,0,3.3,2.63,2.83,0,1,0,0,0,0,0,0,0,1,0
21.9,1,29740.5,1,4.0,86.5,1,27.5,0,0,5.5,3.73,3.43,0,0,0,0,0,1,0,0,0,0,0
20.9,0,46815.0,1,3.98,92.7,1,10.1,1,0,6.2,1.5,1.86,0,0,0,1,0,0,1,0,0,0,0
23.4,1,26295.0,1,6.35,85.6,2,17.3,0,0,4.3,3.98,3.76,0,1,0,0,0,0,1,0,0,0,0
21.3,1,64299.0,1,4.43,76.6,1,49.4,1,1,8.3,1.4,1.47,1,0,0,0,1,0,0,0,0,1,0
21.3,1,25000.0,1,6.41,83.4,3,16.8,0,0,9.1,0.0,0.52,1,0,0,1,1,0,0,0,0,0,0
20.2,0,28103.0,1,5.62,75.6,2,15.9,0,1,4.0,3.95,4.0,0,0,0,0,0,0,0,0,0,0,1
20.9,1,37788.0,1,4.98,74.2,1,38.0,0,0,4.1,4.0,3.87,0,0,0,1,1,0,0,0,0,0,0
21.7,0,25000.0,1,3.28,80.4,1,40.4,0,1,4.7,4.0,4.0,0,1,0,0,0,1,0,0,0,1,0
17.2,1,55219.0,1,2.59,81.5,0,10.0,1,1,7.6,1.86,1.63,0,0,1,0,0,1,0,0,1,0,0
18.0,1,40393.0,0,4.12,80.4,3,33.0,0,0,6.4,3.12,3.29,0,0,0,1,0,0,0,1,0,0,0
22.6,1,25000.0,1,4.13,95.4,4,23.4,0,1,6.9,4.0,3.67,0,1,0,0,0,1,0,0,0,0,0
21.4,1,29067.0,1,2.49,82.3,2,34.0,0,0,7.9,0.0,0.06,1,1,0,0,1,0,0,0,1,0,0
20.6,0,37480.0,1,5.41,89.7,0,26.4,1,1,3.9,3.62,3.39,0,0,0,0,0,0,1,0,1,0,0
21.0,1,25000.0,1,4.24,99.9,1,13.6,0,1,6.4,2.69,2.88,0,0,0,0,1,0,0,0,0,1,0
21.8,1,25000.0,1,4.76,78.2,0,24.2,1,0,5.6,3.05,3.03,0,0,1,0,0,1,0,0,0,0,0
19.8,0,35139.0,1,6.21,83.2,3,37.5,1,0,6.3,3.53,3.55,0,0,0,0,0,0,0,0,1,0,0
19.3,1,112055.0,1,2.99,88.5,2,53.3,1,0,7.6,0.81,0.72,1,0,0,0,0,0,0,1,0,1,0
21.4,1,25000.0,1,1.29,83.0,6,34.7,1,1,5.2,2.99,2.91,0,0,0,1,0,0,0,1,0,0,0
18.8,1,76233.0,1,3.24,79.8,0,25.3,0,0,4.2,3.57,3.77,0,1,0,0,0,1,0,0,0,0,0
21.9,0,25000.0,1,6.25,100.0,2,15.8,1,0,3.6,3.37,3.84,0,0,0,0,1,0,0,0,0,0,0
17.3,0,29740.5,1,4.0,91.6,2,28.1,1,0,5.5,0.0,0.29,1,0,0,1,0,0,0,0,1,0,0
23.3,1,47236.0,1,3.75,65.2,4,25.5,0,0,5.4,3.82,3.73,0,0,0,0,1,0,0,0,0,0,0
22.0,1,29740.5,1,4.0,92.9,3,33.7,0,0,5.5,1.69,1.8,1,1,0,0,0,0,1,0,0,0,0
21.6,1,25000.0,1,3.99,94.8,1,29.3,0,0,8.0,1.46,1.21,0,1,0,0,1,0,0,0,1,0,0
23.2,1,45967.0,1,3.26,91.6,3,35.8,1,0,2.4,1.14,0.57,0,1,0,0,0,0,0,0,0,0,0
24.7,0,92492.0,1,3.36,88.0,3,25.7,1,0,2.7,4.0,4.0,0,0,0,1,0,0,1,0,0,0,0
23.2,0,35609.0,0,5.36,94.4,1,50.5,0,0,4.9,2.64,2.57,0,0,0,1,0,1,0,0,0,0,0
17.0,1,25000.0,1,7.37,89.1,1,37.0,1,1,4.5,4.0,3.68,0,0,1,0,0,0,1,0,0,0,0
18.2,0,26533.0,1,2.9,86.6,3,21.5,1,1,6.1,2.52,2.47,0,0,0,0,0,1,0,0,0,0,0
19.6,1,134837.0,1,3.3,83.1,1,42.0,0,1,2.0,4.0,3.82,0,1,0,0,0,1,0,0,0,0,0
21.1,1,32239.0,1,3.27,73.4,2,16.1,0,0,6.1,1.27,1.78,0,0,1,0,0,0,1,0,1,0,0
22.1,1,25000.0,1,6.07,71.0,3,19.7,0,0,7.8,1.05,0.8,1,1,0,0,1,0,0,0,0,1,0
19.4,1,25000.0,1,4.99,88.2,1,20.4,0,0,3.7,2.37,1.57,0,0,0,0,0,0,0,1,0,0,0
21.4,0,25000.0,1,3.67,88.0,1,45.9,0,0,4.8,2.47,2.69,0,0,0,1,0,0,0,0,1,0,0
19.3,1,36981.0,1,3.35,81.7,0,27.9,1,0,4.1,1.71,2.12,0,0,0,1,0,0,0,1,0,0,0
19.7,1,44037.0,1,6.03,75.1,2,22.5,1,1,6.1,1.56,1.9,0,0,0,1,0,0,0,0,0,0,0
17.9,0,25000.0,1,4.05,73.0,1,32.0,1,1,3.6,3.91,4.0,0,0,0,1,0,1,0,0,1,0,0
19.0,0,29467.0,1,3.95,79.1,0,36.5,0,1,3.3,1.61,2.0,0,0,1,0,0,0,0,0,1,0,0
18.0,0,25000.0,1,1.19,87.6,3,49.1,0,1,5.2,2.68,2.25,0,0,1,0,0,0,0,0,0,0,0
18.9,0,32201.0,1,5.03,99.9,4,12.0,0,1,6.1,4.0,3.77,0,0,1,0,1,0,0,0,0,0,0
23.3,1,39692.0,1,3.99,81.8,4,45.2,1,0,5.8,2.43,2.0,0,0,1,0,0,0,1,0,0,0,0
18.9,0,25000.0,1,4.14,84.3,4,5.2,1,1,4.7,3.09,3.19,0,0,0,1,0,0,0,1,0,1,0
26.8,0,81983.0,1,4.13,91.0,5,40.9,0,1,6.7,3.64,3.77,0,0,0,0,0,0,0,0,1,0,0
22.1,0,25000.0,1,5.22,81.5,3,44.0,0,0,5.9,1.02,1.34,1,0,0,1,0,0,0,0,0,0,0
21.4,0,35245.0,1,1.1,84.9,0,44.6,1,0,3.4,1.41,1.19,0,0,0,0,0,1,0,0,0,0,0
19.1,1,49464.0,1,2.44,88.6,1,36.8,0,0,1.0,4.0,3.97,0,0,0,1,0,0,1,0,0,0,0
22.5,0,28385.0,1,6.55,90.8,5,17.2,1,1,6.4,0.98,1.05,1,1,0,0,1,0,0,0,1,0,0
19.7,1,26553.0,1,2.41,82.4,0,39.0,1,0,5.0,2.38,2.46,0,0,0,1,0,0,0,0,0,0,0
21.3,1,25000.0,1,3.01,78.2,1,17.2,1,0,3.5,2.88,2.86,0,1,0,0,1,0,0,0,0,0,0
26.6,1,67131.0,1,5.63,83.6,1,18.7,0,1,8.4,3.53,3.8,0,1,0,0,0,0,0,1,0,0,0
20.8,0,26851.0,1,4.07,68.4,3,24.5,0,0,8.4,0.74,0.81,1,0,0,1,0,1,0,0,0,1,0
23.5,1,29740.5,1,4.0,69.3,3,25.6,0,1,5.5,2.11,1.92,0,0,0,1,0,1,0,0,0,0,0
19.5,0,29740.5,1,4.0,73.9,3,32.9,1,0,5.5,3.76,3.99,0,1,0,0,0,0,1,0,1,0,0
20.9,1,25000.0,0,3.25,95.6,1,21.7,0,0,1.0,3.64,3.78,0,1,0,0,1,0,0,0,1,0,0
24.9,0,26410.0,1,3.3,89.4,2,34.0,1,1,7.6,2.52,2.73,0,0,1,0,0,0,0,1,0,1,0
19.6,1,66217.0,1,4.99,61.5,4,13.5,1,0,3.8,2.67,2.63,1,1,0,0,0,1,0,0,0,1,0
25.0,0,25000.0,1,4.21,93.1,0,30.5,1,0,4.5,3.89,3.77,0,0,0,0,0,0,0,0,0,0,0
22.6,0,106591.0,1,5.34,93.7,4,26.7,0,0,7.1,2.46,3.02,0,0,1,0,1,0,0,0,1,0,0
19.8,1,25000.0,1,3.16,74.6,3,42.2,0,0,9.2,2.02,2.29,1,0,0,1,1,0,0,0,0,0,0
22.4,1,25000.0,0,4.26,78.8,1,43.4,1,1,8.3,2.6,2.83,0,0,0,1,0,0,0,0,1,0,0
23.1,0,32189.0,1,3.91,93.5,0,28.0,1,1,5.8,3.32,3.61,0,0,0,0,1,0,0,0,1,0,0
22.4,0,111861.0,1,3.49,82.4,3,6.5,0,1,6.8,2.21,2.03,0,0,0,1,0,0,0,1,0,0,0
17.5,0,25000.0,1,2.33,77.3,1,12.3,1,0,3.5,2.37,2.52,0,1,0,0,0,0,1,0,0,0,0
19.4,1,27320.0,1,3.45,76.0,1,43.5,0,0,2.6,2.12,1.59,0,0,0,0,0,0,0,1,0,1,0
20.5,0,39567.0,1,3.3,100.0,0,28.3,0,1,7.4,0.85,0.81,0,0,0,1,0,1,0,0,0,0,0
20.8,1,30339.0,1,5.63,88.3,2,51.0,0,1,6.1,3.26,3.52,0,0,0,1,0,0,0,0,0,1,0
22.4,0,37390.0,1,4.74,79.8,0,40.8,0,0,2.9,2.01,1.44,0,0,0,0,0,0,1,0,0,0,0
21.4,0,25000.0,1,4.58,93.4,1,33.1,0,0,5.4,1.94,2.03,0,0,1,0,0,1,0,0,0,1,0
18.1,1,25000.0,0,3.76,81.3,0,31.5,1,1,6.6,3.28,3.32,0,0,0,1,0,1,0,0,0,0,0
21.8,0,27199.0,0,2.84,91.7,3,16.2,1,0,7.1,2.53,3.07,0,0,1,0,0,0,1,0,1,0,0
22.3,0,25000.0,0,4.29,86.6,1,22.4,1,1,6.6,3.7,3.16,0,0,1,0,0,1,0,0,0,1,0
22.2,0,28946.0,1,5.84,79.3,2,35.0,0,1,4.8,1.43,1.55,0,0,0,0,0,1,0,0,0,0,1
23.4,1,25000.0,0,2.88,86.0,3,25.9,0,0,4.0,0.68,1.08,1,0,1,0,1,0,0,0,1,0,0
22.8,1,25000.0,1,4.59,86.3,5,35.6,1,0,5.7,3.34,3.3,1,1,0,0,0,0,0,1,1,0,0
22.0,0,36037.0,1,3.41,88.4,3,42.4,0,0,6.9,1.68,1.91,0,0,1,0,0,0,0,0,0,1,0
20.8,1,25000.0,1,3.99,95.0,1,27.8,1,0,7.1,1.69,1.25,0,0,0,0,1,0,0,0,1,0,0
17.3,1,25914.0,1,3.8,99.7,2,24.8,0,0,8.3,2.96,2.62,0,1,0,0,0,0,1,0,1,0,0
21.9,0,119421.0,1,4.58,85.3,0,19.2,1,1,5.6,3.45,3.52,0,1,0,0,0,0,1,0,0,1,0
21.5,1,25000.0,1,3.8,66.7,3,40.0,0,0,3.5,0.41,0.02,1,1,0,0,0,0,1,0,0,0,0
21.6,0,64299.0,0,3.35,89.0,4,39.0,1,0,7.5,0.85,0.82,0,0,1,0,0,0,0,0,0,1,0
18.2,1,30724.0,1,1.95,79.9,3,56.2,0,0,5.6,2.55,2.52,1,1,0,0,0,0,0,1,0,0,0
18.6,1,29740.5,1,4.0,68.5,3,32.1,1,0,5.5,4.0,3.45,0,1,0,0,0,0,1,0,0,0,0
23.3,0,29740.5,1,4.0,87.5,2,28.8,1,1,5.5,2.28,2.21,0,0,0,1,0,1,0,0,0,0,0
20.9,0,32332.0,1,4.08,85.5,1,35.6,0,1,8.0,2.44,2.48,0,0,0,1,0,1,0,0,1,0,0
22.5,0,71114.0,1,3.91,75.6,0,26.5,0,1,6.2,1.56,1.28,0,0,1,0,0,0,1,0,0,0,0
21.1,0,25000.0,1,5.93,72.5,2,19.4,0,0,8.1,1.19,1.32,1,0,1,0,0,1,0,0,0,0,0
21.1,0,29740.5,1,4.0,78.2,2,31.1,0,0,5.5,1.17,0.84,0,0,0,1,0,0,1,0,1,0,0
23.1,1,54515.0,1,5.39,86.0,2,35.5,0,0,4.2,2.53,2.39,0,0,0,0,0,1,0,0,1,0,0
19.9,1,36480.0,0,4.44,75.7,2,36.3,0,0,7.0,2.75,2.36,1,1,0,0,0,1,0,0,1,0,0
21.2,1,25000.0,1,4.13,87.3,5,35.3,0,0,4.9,3.39,3.23,0,0,0,0,0,1,0,0,1,0,0
20.0,0,31550.0,1,2.63,78.6,0,42.8,0,0,7.7,1.67,1.85,0,0,0,0,1,0,0,0,0,1,0
20.0,1,73669.0,0,1.52,86.4,5,36.2,0,0,5.8,1.51,1.78,1,1,0,0,1,0,0,0,0,0,0
20.3,1,29081.0,0,5.78,84.5,2,33.2,0,0,7.7,2.23,2.62,0,0,0,0,0,0,0,1,1,0,0
21.5,1,25000.0,0,4.15,61.5,1,14.8,0,0,6.6,2.06,1.95,0,0,1,0,1,0,0,0,1,0,0
19.9,1,37531.0,1,8.41,82.9,0,33.0,0,0,3.9,2.6,3.26,0,0,1,0,0,0,1,0,0,1,0
23.8,1,26395.0,1,3.24,80.7,4,27.9,1,1,1.9,3.84,4.0,0,0,1,0,0,0,0,1,0,0,0
19.0,0,25000.0,1,4.56,76.1,3,16.5,0,0,6.9,1.95,2.69,0,0,0,1,0,0,0,1,0,1,0
20.6,1,25000.0,1,5.33,71.9,0,36.0,1,0,6.5,1.41,1.7,0,0,0,1,0,1,0,0,0,1,0
20.0,0,53373.0,1,3.15,80.3,0,36.2,1,0,3.7,1.45,1.1,0,0,1,0,0,0,0,0,0,1,0
24.2,0,25000.0,1,3.65,79.2,2,35.1,0,0,6.9,1.72,1.94,1,0,0,1,0,0,0,0,0,0,0
21.4,1,25000.0,1,3.75,87.2,2,36.7,0,0,8.0,3.2,3.54,0,0,0,0,0,0,0,0,1,0,0
23.3,0,29104.0,0,3.47,80.8,2,31.5,0,0,4.2,3.39,3.0,0,0,0,0,0,1,0,0,0,0,0
17.7,1,25000.0,0,4.52,82.7,2,27.0,0,0,2.0,3.4,3.52,0,0,0,1,1,0,0,0,1,0,0
21.6,0,31572.0,1,4.07,84.6,3,51.2,1,0,7.2,1.69,1.92,1,0,0,1,0,0,1,0,1,0,0
23.0,0,26327.0,1,1.35,78.3,2,31.8,1,0,7.8,0.96,1.46,1,1,0,0,0,0,0,0,0,0,0
21.2,0,25000.0,1,4.14,74.0,3,5.0,1,0,4.2,1.6,2.64,0,0,0,1,1,0,0,0,0,1,0
23.3,0,25000.0,1,4.49,99.7,0,5.0,1,0,6.9,4.0,4.0,0,0,0,0,0,0,1,0,0,0,0
19.9,1,38780.0,1,3.95,81.4,1,44.5,0,0,6.1,0.71,0.67,1,1,0,0,0,0,0,1,1,0,0
24.1,1,30490.0,1,6.14,80.3,1,8.0,0,0,5.3,2.04,1.63,0,0,1,0,1,0,0,0,1,0,0
26.1,0,28306.0,1,4.45,93.3,2,23.5,1,1,6.5,2.76,2.54,1,1,0,0,0,1,0,0,0,0,0
20.2,1,95076.0,1,4.03,97.1,1,15.4,1,0,4.6,2.98,3.47,1,0,0,0,1,0,0,0,1,0,0
20.0,1,46103.0,1,5.18,93.6,4,26.4,0,1,3.5,4.0,3.82,1,0,1,0,1,0,0,0,0,1,0
24.2,1,49586.0,1,6.95,78.9,2,34.6,0,0,6.2,4.0,4.0,0,0,0,0,0,1,0,0,1,0,0
24.5,0,26914.0,1,3.81,84.8,3,22.0,1,0,6.0,2.35,1.79,1,0,0,0,0,1,0,0,1,0,0
19.8,1,33931.0,1,5.37,86.7,3,20.2,1,1,1.0,4.0,3.97,0,0,1,0,0,0,0,0,0,0,0
20.1,0,25000.0,0,6.39,99.9,1,38.8,0,0,3.4,4.0,4.0,0,0,0,1,0,1,0,0,1,0,0
20.4,1,47407.0,1,3.7,85.4,2,61.6,1,0,4.3,2.53,2.79,0,1,0,0,0,0,0,0,0,1,0
18.0,1,27827.0,0,2.48,85.7,2,36.5,0,0,6.4,1.38,1.33,0,0,1,0,0,0,0,0,0,0,0
19.0,0,33977.0,1,4.57,73.9,0,19.0,0,0,2.8,4.0,3.78,0,1,0,0,0,1,0,0,1,0,0
18.8,1,32740.0,1,5.75,72.0,2,40.5,0,0,4.9,3.83,3.63,0,0,0,1,0,0,0,1,0,0,0
19.3,0,29410.0,1,3.63,92.8,1,50.9,0,0,9.0,2.87,3.56,0,0,1,0,0,1,0,0,0,0,0
20.9,1,173323.0,1,5.42,84.8,2,42.8,1,0,5.6,3.87,3.83,0,0,1,0,1,0,0,0,0,1,0
21.5,1,25000.0,1,2.88,85.6,3,11.5,1,0,5.7,0.48,0.46,0,0,0,0,0,1,0,0,0,1,0
24.4,1,25000.0,1,3.68,90.6,1,36.3,0,0,5.4,1.52,1.28,0,0,1,0,1,0,0,0,0,1,0
18.8,0,45092.0,1,3.88,88.8,0,24.5,1,0,7.3,2.61,3.07,0,0,0,1,0,1,0,0,0,0,0
23.2,0,25000.0,1,3.82,87.8,1,30.6,1,1,5.6,2.69,2.7,1,0,1,0,0,0,0,1,0,1,0
20.5,0,25000.0,1,2.88,87.1,1,25.5,1,0,5.1,1.36,0.93,0,0,0,0,0,0,0,0,0,0,0
20.9,1,25000.0,0,3.56,83.1,1,38.9,0,0,5.8,2.59,2.31,0,0,0,1,0,1,0,0,0,0,1
22.5,0,39932.0,1,1.44,83.7,1,25.8,0,0,7.9,1.63,1.48,0,1,0,0,1,0,0,0,0,0,0
18.5,1,40237.0,1,4.9,89.3,2,47.0,1,1,6.2,2.18,2.15,0,1,0,0,0,0,0,0,0,0,1
21.8,0,25000.0,1,4.05,74.5,1,30.0,0,0,5.6,1.52,1.25,1,0,1,0,0,1,0,0,0,0,0
21.4,0,45656.0,0,5.49,73.6,3,27.3,0,0,7.6,0.74,0.85,1,0,0,1,1,0,0,0,0,1,0
22.1,0,25000.0,1,3.88,82.7,0,36.9,0,0,4.6,4.0,3.86,0,0,0,0,0,0,0,0,1,0,0
21.6,1,25000.0,1,1.66,83.2,1,34.3,0,0,1.0,4.0,3.9,0,0,1,0,1,0,0,0,0,0,0
26.4,0,26850.0,0,4.41,87.8,4,37.2,0,0,6.3,2.34,1.79,0,0,1,0,0,1,0,0,0,0,0
19.6,1,25000.0,1,3.14,80.2,1,28.4,0,0,6.3,1.77,1.76,0,0,0,0,0,1,0,0,0,0,0
19.8,0,25000.0,1,5.39,75.8,0,46.0,0,0,4.4,4.0,3.58,0,0,0,0,1,0,0,0,0,0,0
19.6,1,25000.0,1,3.72,86.8,1,41.9,0,0,5.0,2.99,3.31,0,0,0,1,0,0,0,1,0,0,0
19.8,1,45090.0,1,6.62,92.8,4,29.9,1,0,7.8,2.25,2.11,0,0,0,1,0,0,0,0,0,0,0
19.6,1,64168.0,1,2.84,84.9,1,39.9,0,0,6.3,0.39,0.83,1,0,0,1,0,0,0,1,1,0,0
23.6,1,25000.0,0,4.32,70.4,2,26.8,1,0,8.2,3.12,3.02,0,0,1,0,1,0,0,0,0,1,0
24.1,1,46163.0,0,4.78,84.2,1,36.8,0,0,6.0,1.21,1.06,1,1,0,0,0,1,0,0,0,0,0
19.7,0,43561.0,1,3.57,66.5,1,39.9,1,0,5.2,1.18,1.5,1,0,0,0,0,0,0,1,1,0,0
19.2,0,29740.5,1,4.0,81.7,3,33.0,1,0,5.5,0.0,0.07,1,0,1,0,1,0,0,0,0,0,0
22.0,0,25000.0,1,3.74,65.9,1,20.2,1,0,6.2,1.71,1.35,1,0,0,1,0,1,0,0,1,0,0
19.8,0,25000.0,1,1.64,78.6,3,15.7,0,0,6.3,0.92,1.23,1,0,0,0,1,0,0,0,1,0,0
22.4,1,31011.0,1,3.09,86.1,1,33.5,1,0,5.1,0.71,0.35,0,0,0,0,0,0,0,1,0,0,0
21.4,0,25000.0,1,3.77,79.7,3,21.3,0,0,4.5,2.49,2.87,0,0,1,0,0,0,0,0,0,0,0
17.7,1,25000.0,1,5.3,91.2,1,42.7,1,0,4.5,3.14,3.25,0,0,1,0,0,1,0,0,0,0,0
24.4,0,25000.0,1,4.36,83.8,0,11.9,0,0,6.4,2.45,2.83,0,1,0,0,1,0,0,0,0,1,0
25.0,1,25000.0,1,3.47,73.0,2,45.8,1,1,6.7,2.21,2.39,1,0,0,0,0,0,1,0,0,0,0
19.7,1,32368.0,0,3.39,89.2,2,30.6,1,0,1.0,3.13,3.0,0,0,1,0,0,0,0,1,1,0,0
20.1,1,45338.0,1,3.28,87.5,0,19.7,0,0,4.2,2.66,2.32,0,1,0,0,1,0,0,0,0,0,0
21.6,1,25000.0,1,5.2,92.2,3,24.6,1,0,2.6,2.76,2.38,0,0,0,1,0,0,0,1,0,1,0
21.7,1,37700.0,1,2.07,87.7,1,27.6,1,1,4.6,1.7,1.67,1,0,0,1,0,1,0,0,1,0,0
22.4,1,29998.0,1,2.9,85.8,3,35.8,0,0,4.4,2.51,2.22,0,1,0,0,0,1,0,0,0,0,0
25.4,0,52120.0,1,2.06,74.1,5,15.3,0,0,5.8,2.17,1.94,1,0,0,0,1,0,0,0,0,0,0
20.6,0,26552.0,1,4.76,88.5,0,18.5,0,0,5.8,2.59,2.11,0,0,0,0,1,0,0,0,1,0,0
19.2,1,28357.0,1,5.97,80.8,1,26.1,0,0,9.3,1.55,1.62,1,0,0,0,0,1,0,0,0,0,0
18.0,1,25000.0,1,4.75,88.4,0,29.6,0,0,6.2,2.58,2.21,0,1,0,0,0,0,1,0,1,0,0
19.4,0,26975.0,0,4.84,99.8,0,38.6,0,0,6.6,3.79,3.09,0,0,0,0,0,1,0,0,1,0,0
20.9,1,25000.0,1,3.32,91.7,2,33.2,0,0,2.9,2.22,1.95,0,0,0,0,0,0,0,0,1,0,0
24.9,0,25000.0,1,4.63,84.3,0,25.3,0,1,4.9,1.92,2.09,0,0,0,1,0,0,0,1,0,0,0
19.9,1,47356.0,1,3.02,82.6,0,32.8,1,0,3.6,1.64,1.28,1,0,0,1,1,0,0,0,1,0,0
21.5,0,25000.0,1,3.25,78.7,1,32.0,0,0,6.6,1.93,2.88,0,0,0,0,1,0,0,0,0,1,0
21.0,0,25000.0,1,3.95,63.4,0,27.0,1,0,5.6,1.88,1.68,0,1,0,0,0,0,0,1,0,0,0
23.6,0,54677.0,0,4.05,82.4,0,31.4,0,1,4.9,2.16,2.45,0,0,0,1,0,1,0,0,1,0,0
26.6,0,25000.0,1,6.33,77.9,1,5.0,1,1,7.2,2.98,3.28,0,0,1,0,0,0,0,1,1,0,0
19.8,1,48886.0,1,5.13,84.6,2,41.2,1,0,5.0,2.48,2.06,0,0,0,1,0,0,0,0,0,1,0
19.9,1,25000.0,1,4.15,77.9,4,36.6,0,0,7.9,0.29,0.21,1,1,0,0,1,0,0,0,0,0,0
23.3,0,25000.0,1,6.22,83.8,1,48.0,1,0,7.9,1.83,1.64,0,0,0,1,0,1,0,0,0,0,0
22.5,0,25000.0,1,7.12,92.0,0,20.3,1,0,4.4,4.0,4.0,0,0,0,0,0,0,0,1,0,1,0
25.1,1,65358.0,1,4.03,83.3,0,36.9,1,1,7.5,0.71,1.05,1,0,1,0,0,1,0,0,1,0,0
22.3,0,25000.0,1,4.5,73.3,2,7.1,1,0,5.7,2.2,2.16,0,0,0,0,1,0,0,0,1,0,0
20.2,1,46551.0,1,2.39,75.4,1,8.8,1,0,4.8,2.53,2.5,0,1,0,0,1,0,0,0,0,1,0
22.3,1,25000.0,1,4.21,87.5,2,27.2,0,1,6.2,3.53,3.35,0,0,0,0,0,0,0,1,0,1,0
23.4,0,65541.0,1,3.12,88.0,1,23.1,0,1,2.6,0.97,0.93,0,0,0,1,0,0,1,0,0,0,0
22.8,1,111756.0,1,1.55,75.0,1,42.6,0,1,4.5,1.82,1.7,0,0,0,0,1,0,0,0,0,1,0
22.1,0,25000.0,1,5.29,81.8,4,44.1,0,1,6.3,3.33,3.0,1,0,0,0,0,0,0,0,0,1,0
23.3,1,25000.0,1,4.14,89.2,0,45.4,0,0,5.0,1.43,1.21,0,0,0,1,0,0,0,0,1,0,0
23.6,1,47282.0,1,2.87,95.8,3,37.2,1,0,7.4,1.13,0.84,1,1,0,0,0,1,0,0,1,0,0
24.0,0,40450.0,1,1.62,83.4,3,37.7,0,1,4.8,2.44,2.82,0,0,1,0,0,0,0,1,0,0,0
22.4,0,47389.0,1,3.21,80.4,3,14.6,0,0,5.7,1.32,0.99,0,0,0,1,0,1,0,0,0,0,0
20.6,1,25000.0,1,3.12,79.0,5,46.8,1,0,5.3,1.96,2.26,0,0,1,0,1,0,0,0,0,0,0
21.3,1,97980.0,1,3.86,83.1,1,45.0,0,0,2.7,3.17,2.88,0,0,0,1,0,0,0,1,0,0,0
23.7,1,31915.0,1,1.73,93.1,2,13.4,1,0,6.2,2.13,2.22,0,0,0,1,0,1,0,0,0,0,0
19.2,1,25000.0,1,4.56,83.2,3,35.6,1,1,6.1,2.33,2.41,0,0,0,1,1,0,0,0,1,0,0
21.8,0,25543.0,1,4.83,86.0,1,23.4,1,1,2.0,2.57,2.47,0,0,0,0,0,1,0,0,1,0,0
20.1,0,25000.0,1,2.31,70.6,5,52.2,0,0,1.1,3.81,4.0,0,0,0,0,1,0,0,0,0,0,1
21.1,1,77232.0,1,1.8,94.8,3,18.3,0,0,4.7,2.55,2.31,0,0,1,0,0,1,0,0,1,0,0
23.8,1,25000.0,0,5.32,92.7,5,31.1,0,0,7.7,2.61,2.42,0,1,0,0,0,0,0,1,0,1,0
21.4,0,39954.0,1,3.81,79.6,4,32.2,0,0,10.0,0.1,0.07,0,1,0,0,1,0,0,0,0,0,0
21.1,0,25000.0,1,4.83,81.2,2,29.4,0,0,2.2,4.0,3.95,0,0,1,0,0,0,0,0,0,0,0
18.0,0,25000.0,1,4.14,91.4,0,55.8,1,0,8.4,4.0,4.0,0,0,0,0,0,0,1,0,0,0,0
22.6,0,25000.0,1,3.89,100.0,2,50.3,0,0,7.6,0.89,0.62,0,0,0,0,0,0,0,1,0,1,0
22.4,1,42570.0,1,5.35,68.5,1,10.3,0,1,4.4,1.97,1.67,0,1,0,0,1,0,0,0,0,0,0
25.8,1,64829.0,0,5.09,77.9,0,35.8,0,0,8.9,1.65,1.65,0,0,1,0,0,0,1,0,0,0,0
20.3,0,25000.0,1,4.5,78.8,0,29.9,0,0,6.3,2.56,2.76,0,0,0,1,0,0,0,1,0,0,0
21.5,0,25000.0,1,4.59,90.3,2,40.0,0,1,5.1,1.4,1.48,1,0,0,0,0,0,0,1,0,0,0
21.5,1,48146.0,1,3.44,84.8,0,32.6,0,1,2.3,2.55,3.19,0,0,1,0,0,1,0,0,0,0,0
24.5,1,25000.0,1,4.72,77.9,3,20.2,1,0,5.7,2.19,1.71,0,0,0,0,0,0,0,1,0,1,0
20.8,1,61804.0,1,6.02,70.7,1,17.6,0,0,5.6,2.45,1.69,0,0,1,0,0,0,1,0,0,0,1
21.6,0,25000.0,1,5.33,90.1,1,25.2,1,1,9.5,2.08,2.09,0,1,0,0,0,0,0,0,0,0,0
22.3,1,25000.0,0,1.57,80.4,0,28.6,0,1,3.8,3.43,3.37,0,0,0,0,1,0,0,0,1,0,0
21.4,1,34513.0,1,4.59,72.7,0,32.3,0,0,3.9,2.3,2.72,0,0,0,1,0,0,0,1,0,0,0
20.0,0,25000.0,1,4.69,76.5,3,23.2,1,1,4.6,2.74,2.74,0,0,0,1,0,0,0,0,0,0,1
21.4,1,25000.0,1,5.47,78.6,2,50.5,0,1,10.0,1.31,0.78,0,1,0,0,0,0,1,0,1,0,0
23.4,1,36768.0,1,5.61,79.6,1,36.4,1,0,3.4,4.0,3.97,0,0,0,1,0,1,0,0,1,0,0
18.7,1,25000.0,1,4.64,73.6,2,40.5,0,0,7.9,1.23,1.24,0,0,0,1,0,0,0,1,0,0,0
21.3,1,79654.0,1,2.39,73.7,4,28.3,1,0,2.7,3.29,3.66,0,0,0,1,0,0,0,1,0,0,0
19.5,1,30521.0,1,3.85,100.0,1,17.5,1,1,6.3,3.36,3.94,0,1,0,0,0,0,0,1,1,0,0
23.6,0,25000.0,1,2.97,84.6,0,40.6,1,0,5.7,2.7,2.51,0,0,1,0,1,0,0,0,0,0,0
17.6,0,25000.0,0,2.48,78.7,0,18.1,1,1,4.2,2.64,2.72,0,0,0,0,0,1,0,0,1,0,0
19.8,1,53906.0,1,5.82,85.0,4,5.7,1,1,6.8,2.81,3.01,0,0,1,0,1,0,0,0,1,0,0
21.8,1,42644.0,1,3.4,83.3,2,36.8,0,1,4.1,2.82,3.12,0,0,1,0,0,1,0,0,1,0,0
24.4,0,68328.0,1,6.59,74.7,2,20.9,1,0,2.6,2.83,2.65,0,0,1,0,0,0,1,0,1,0,0
20.9,1,25000.0,1,3.5,66.7,1,26.0,1,0,4.9,0.14,0.16,1,0,0,1,0,0,0,1,0,0,1
19.8,1,35524.0,1,3.07,77.8,0,38.3,0,0,3.8,1.01,0.87,0,0,0,0,0,0,1,0,0,0,0
25.1,0,38405.0,1,4.78,80.5,1,18.8,0,1,6.0,3.33,3.19,0,0,1,0,0,1,0,0,1,0,0
17.8,1,45124.0,1,3.9,81.1,2,10.8,0,0,5.0,3.2,3.14,0,0,0,0,1,0,0,0,1,0,0
17.0,1,58476.0,0,4.36,67.3,1,44.6,1,0,8.3,1.58,2.42,0,1,0,0,0,0,1,0,0,0,1
22.0,1,25000.0,1,3.3,100.0,3,29.3,0,1,4.9,2.62,2.07,0,1,0,0,0,0,0,0,0,0,0
19.9,1,27764.0,1,3.3,100.0,2,45.1,1,1,6.0,3.46,3.63,0,1,0,0,0,0,1,0,0,0,0
18.8,1,25000.0,0,3.36,85.6,2,37.5,0,0,3.4,2.09,1.96,0,0,0,1,1,0,0,0,0,0,0
22.6,1,28809.0,1,2.65,82.2,4,37.9,0,0,4.7,2.07,2.4,1,1,0,0,0,0,0,1,0,0,0
21.5,1,45209.0,1,5.26,77.5,2,32.0,0,0,3.9,4.0,3.91,0,0,0,1,1,0,0,0,1,0,0
19.8,0,25000.0,0,4.27,86.6,2,32.0,1,0,7.6,1.63,1.57,0,0,1,0,0,1,0,0,0,1,0
18.2,1,57851.0,1,4.2,81.1,4,43.6,1,0,4.1,2.43,2.59,0,0,1,0,1,0,0,0,1,0,0
22.9,1,25000.0,1,4.87,92.0,1,39.8,0,0,4.3,2.15,2.08,1,0,1,0,0,0,1,0,0,1,0
22.4,0,25000.0,1,4.46,89.3,1,22.9,0,0,6.0,1.32,0.98,0,0,0,0,1,0,0,0,1,0,0
20.8,0,62716.0,1,6.94,75.2,3,35.9,1,1,4.2,3.03,2.91,0,1,0,0,1,0,0,0,0,1,0
25.1,1,36200.0,0,4.55,76.5,2,22.6,1,0,8.0,1.69,2.07,1,0,0,0,0,0,0,1,1,0,0
18.6,1,36451.0,1,1.33,89.8,0,26.2,0,1,9.0,0.0,0.0,1,1,0,0,0,0,1,0,0,0,0
17.6,1,25000.0,1,3.36,87.6,0,36.8,0,0,3.9,3.48,3.18,0,1,0,0,0,0,0,0,1,0,0
19.5,0,25000.0,0,2.79,73.1,1,22.4,0,1,7.0,1.3,0.91,0,0,1,0,0,1,0,0,0,0,0
20.9,1,52300.0,1,4.61,78.3,0,31.8,1,0,4.0,0.0,0.02,1,1,0,0,1,0,0,0,0,1,0
21.5,1,25000.0,1,3.46,80.8,1,34.6,0,1,4.9,1.73,1.76,0,0,0,1,1,0,0,0,0,0,0
20.5,1,25000.0,0,4.65,81.7,1,25.9,1,0,6.7,1.93,1.99,0,0,0,1,1,0,0,0,0,0,0
21.8,1,53017.0,1,3.11,81.4,2,38.6,0,0,5.8,2.91,2.86,0,0,0,1,1,0,0,0,1,0,0
18.2,1,29740.5,1,4.0,74.2,3,24.7,1,0,5.5,3.73,3.68,0,0,0,0,1,0,0,0,0,0,0
24.2,1,34945.0,1,3.31,83.2,2,41.3,0,1,7.5,1.11,1.14,1,0,0,1,0,0,0,1,1,0,0
20.8,0,30508.0,1,3.56,82.6,1,31.6,1,0,7.5,2.86,2.31,0,0,0,0,0,0,0,1,1,0,0
23.5,0,29685.0,1,4.29,75.9,4,32.1,1,0,5.6,2.51,3.01,0,0,1,0,0,0,1,0,1,0,0
21.8,1,25000.0,1,4.59,83.3,0,19.2,0,1,4.4,1.74,1.42,0,1,0,0,0,0,0,1,0,0,0
22.0,1,25000.0,1,5.86,81.8,2,27.2,0,1,5.5,0.78,0.13,0,0,0,1,0,0,0,0,0,1,0
22.3,1,29740.5,1,4.0,78.2,1,32.3,1,0,5.5,3.13,3.51,0,0,0,1,0,0,0,1,0,0,0
22.0,1,39720.0,1,5.23,72.8,3,42.3,0,0,6.9,2.22,2.27,0,1,0,0,0,0,0,0,0,1,0
22.4,0,25000.0,1,4.56,92.2,3,26.1,0,1,5.2,2.13,1.54,0,0,1,0,0,0,1,0,0,0,0
23.9,0,53170.0,1,3.37,96.2,1,42.2,0,0,3.5,1.85,1.52,0,1,0,0,0,0,1,0,1,0,0
21.4,1,25985.0,0,4.81,84.0,4,20.9,0,0,7.9,1.44,1.92,1,0,0,1,0,0,1,0,0,0,0
22.6,1,25000.0,1,5.55,93.5,1,34.0,1,0,5.5,3.3,3.0,0,0,0,1,1,0,0,0,0,0,0
20.8,1,25779.0,1,5.55,83.8,3,23.9,0,1,4.2,1.9,2.31,0,0,0,1,1,0,0,0,0,0,0
24.2,0,25000.0,1,4.02,70.9,2,48.5,0,1,7.6,0.83,1.13,0,0,1,0,0,0,1,0,0,0,1
19.5,0,54473.0,1,3.55,84.4,2,46.4,0,1,7.8,1.58,1.66,0,0,1,0,0,1,0,0,1,0,0
25.0,0,25000.0,1,5.03,79.3,1,33.4,0,0,2.1,4.0,4.0,0,0,1,0,0,0,0,1,0,0,0
20.9,0,25192.0,1,0.83,85.8,1,23.6,0,0,7.5,0.89,0.77,0,0,0,1,0,1,0,0,0,0,0
17.9,1,69350.0,1,6.08,94.6,2,11.8,1,1,5.8,3.3,3.3,0,0,0,1,1,0,0,0,0,0,1
21.3,0,29740.5,1,4.0,77.9,0,34.5,0,0,5.5,2.57,2.37,0,1,0,0,1,0,0,0,0,0,0
19.5,0,29740.5,1,4.0,70.1,0,32.5,0,0,5.5,2.15,1.5,1,0,1,0,0,0,0,1,0,1,0
22.8,0,63286.0,1,3.57,88.9,1,40.3,1,1,6.2,0.0,0.0,1,0,1,0,0,0,1,0,1,0,0
19.6,1,25000.0,1,6.7,92.8,2,12.4,0,0,5.0,3.83,3.69,0,0,0,1,0,0,0,0,0,0,0
20.0,0,53851.0,0,2.66,89.9,2,31.7,1,1,7.3,4.0,4.0,0,0,1,0,0,1,0,0,0,0,0
17.0,0,74249.0,1,3.66,73.1,1,35.1,1,0,4.3,2.71,2.71,0,0,0,0,1,0,0,0,0,0,0
20.0,0,74584.0,0,6.28,73.1,4,19.2,1,0,7.3,1.12,1.31,1,0,1,0,0,1,0,0,1,0,0
17.0,0,53791.0,1,2.6,88.1,0,31.4,1,0,5.8,2.68,2.73,1,0,0,0,0,0,1,0,1,0,0
17.5,0,53131.0,1,4.21,78.9,2,21.3,0,1,6.9,1.24,0.7,0,0,0,1,0,1,0,0,0,0,0
22.7,0,25000.0,1,3.69,74.1,5,20.1,0,1,3.7,4.0,3.79,0,0,0,1,0,1,0,0,1,0,0
22.7,0,25000.0,1,6.68,91.5,0,23.6,1,1,6.3,3.34,4.0,0,1,0,0,0,0,0,1,1,0,0
21.9,0,25000.0,1,3.29,79.0,1,26.8,0,1,6.5,1.25,1.54,1,0,0,1,0,0,0,1,0,0,0
18.9,1,25000.0,1,2.24,95.0,2,44.9,1,0,8.8,2.84,2.88,0,0,0,0,1,0,0,0,0,0,0
20.9,1,66548.0,1,4.31,78.5,0,26.1,0,0,6.8,2.39,2.52,0,0,1,0,0,1,0,0,0,1,0
21.0,1,25085.0,1,3.29,76.0,3,19.8,1,0,4.4,2.6,2.33,0,1,0,0,1,0,0,0,0,0,0
18.5,0,64524.0,1,4.78,81.5,1,39.8,0,1,4.4,4.0,4.0,0,1,0,0,0,0,1,0,1,0,0
24.3,0,25000.0,0,4.56,88.1,0,42.3,1,0,6.9,1.15,1.28,1,0,0,1,0,0,0,0,1,0,0
22.9,0,56930.0,1,2.48,84.3,2,39.8,0,1,4.5,3.76,3.83,0,0,0,1,0,0,0,1,0,0,0
20.5,1,25000.0,1,6.39,97.1,2,46.4,0,0,4.6,2.47,2.31,0,0,0,1,0,0,0,0,1,0,0
21.1,1,25000.0,1,3.21,83.4,1,32.3,0,1,4.0,1.48,1.36,1,1,0,0,0,0,0,0,0,0,0
21.5,1,78926.0,1,3.34,80.6,0,31.9,1,0,5.7,1.15,1.23,0,0,0,1,0,0,0,1,0,0,0
17.0,1,57779.0,1,4.75,94.1,1,21.6,0,1,5.9,2.8,2.68,0,0,0,1,0,0,0,0,0,0,0
20.5,0,33761.0,0,6.12,86.8,2,46.8,0,1,4.9,1.03,0.94,0,0,1,0,0,0,1,0,1,0,0
19.5,1,29740.5,1,4.0,78.7,2,28.9,0,0,5.5,2.78,2.8,0,1,0,0,0,1,0,0,0,1,0
18.8,0,38704.0,1,3.4,83.9,0,26.4,0,0,6.5,2.25,2.85,1,0,0,1,0,0,0,1,1,0,0
20.4,0,33416.0,1,5.24,83.7,2,25.3,1,0,8.7,2.42,2.02,1,0,0,1,0,0,0,0,1,0,0
25.0,1,25000.0,1,3.26,80.4,2,37.6,0,1,5.7,0.98,1.02,0,0,0,0,1,0,0,0,0,0,0
22.4,0,25000.0,1,4.2,83.5,0,31.0,1,0,4.2,2.73,1.98,0,1,0,0,0,0,0,0,0,0,0
19.7,1,96416.0,1,3.46,71.7,0,32.3,0,1,3.7,1.79,1.91,0,0,0,1,0,0,0,1,1,0,0
22.3,1,147753.0,1,4.64,79.2,2,26.1,0,0,5.3,0.0,0.0,1,0,0,0,0,0,0,0,1,0,0
24.1,0,75933.0,0,2.38,85.5,3,27.6,0,1,6.9,3.51,3.58,0,0,0,1,0,0,0,0,1,0,0
23.0,0,39614.0,1,4.41,77.8,1,28.2,0,0,5.0,2.49,2.78,1,1,0,0,0,0,1,0,0,0,0
21.1,1,25000.0,1,4.63,74.9,2,47.1,0,0,7.0,2.87,3.41,0,0,1,0,0,0,1,0,0,0,0
19.6,1,25000.0,1,4.89,81.7,2,8.4,0,0,8.0,2.55,2.42,0,1,0,0,0,0,0,1,0,0,0
22.5,1,25000.0,1,3.32,78.2,1,35.4,0,0,4.0,2.94,2.96,0,0,0,0,0,0,1,0,1,0,0
21.9,1,25000.0,1,5.88,71.4,2,43.1,1,0,3.5,1.1,1.37,0,1,0,0,1,0,0,0,1,0,0
23.0,0,108088.0,1,1.27,71.6,2,7.9,0,1,7.2,2.41,2.19,0,0,0,0,0,0,1,0,0,0,0
22.4,0,87884.0,1,3.14,85.3,2,29.1,1,1,6.0,3.36,2.8,0,0,1,0,0,0,0,1,0,0,0
23.3,1,46526.0,1,7.18,82.7,2,41.8,1,1,6.1,1.02,0.57,0,1,0,0,0,0,1,0,1,0,0
19.8,0,25000.0,1,4.04,84.5,1,21.0,0,0,6.8,2.35,2.3,0,0,1,0,0,0,0,0,0,0,0
23.9,1,50809.0,1,5.46,79.6,5,33.2,0,1,2.8,3.65,3.68,0,1,0,0,0,1,0,0,1,0,0
21.4,1,25766.0,0,4.25,69.9,1,18.8,0,0,6.3,2.74,2.43,0,1,0,0,1,0,0,0,1,0,0
25.6,0,25000.0,1,6.26,75.0,2,30.4,0,1,5.8,1.38,1.51,1,0,0,0,0,0,1,0,1,0,0
19.5,0,35322.0,1,3.75,79.4,1,45.3,0,0,6.3,1.7,1.49,1,0,0,1,0,0,0,1,1,0,0
24.8,0,25000.0,1,4.29,85.5,5,50.3,1,0,3.8,3.33,3.43,0,1,0,0,0,1,0,0,0,0,0
21.4,0,25000.0,1,5.14,68.0,1,33.1,1,0,5.6,1.87,2.31,1,0,1,0,0,1,0,0,0,0,1
19.6,0,25585.0,1,5.99,63.5,0,14.7,0,1,4.6,0.52,0.56,1,0,0,1,1,0,0,0,0,0,1
19.9,1,25000.0,0,1.6,93.6,2,26.3,0,0,7.4,2.02,2.04,1,0,0,1,0,0,0,0,0,1,0
20.3,0,29128.0,1,4.67,86.8,3,8.2,0,0,5.3,3.33,3.47,0,0,0,0,0,1,0,0,0,0,0
21.9,0,28300.0,1,2.89,75.0,2,26.5,1,1,4.4,2.46,2.73,0,0,0,1,0,1,0,0,1,0,0
22.2,1,25000.0,1,3.93,80.1,1,41.6,0,0,3.7,4.0,3.66,0,1,0,0,1,0,0,0,0,0,0
19.7,0,74026.0,1,3.3,78.6,2,13.6,0,1,7.1,0.0,0.05,0,0,1,0,1,0,0,0,0,0,0
20.9,1,25000.0,1,1.09,84.3,1,27.5,1,1,7.3,0.95,1.07,0,1,0,0,0,0,1,0,0,0,0
25.7,1,25000.0,1,5.38,77.9,2,20.2,1,0,9.0,1.47,1.69,1,0,1,0,0,0,1,0,0,1,0
24.8,0,25000.0,1,2.29,72.8,3,51.5,0,1,4.9,1.18,0.75,1,0,1,0,0,1,0,0,1,0,0
22.0,1,27861.0,1,3.91,85.9,1,34.8,1,0,3.7,3.84,3.28,0,1,0,0,0,0,0,0,0,0,0
21.1,0,29740.5,1,4.0,96.5,4,40.2,1,1,5.5,4.0,3.75,0,1,0,0,0,0,0,1,0,0,0
21.3,1,34949.0,1,2.97,86.2,1,33.5,0,0,4.2,3.89,3.98,0,0,1,0,0,1,0,0,0,0,0
22.3,0,41768.0,1,4.83,82.6,1,39.1,1,0,4.4,2.73,2.91,0,1,0,0,0,1,0,0,0,0,0
18.7,1,35057.0,0,3.52,80.3,3,43.0,1,0,6.4,0.44,0.46,1,0,0,0,0,0,0,0,1,0,0
20.4,1,34162.0,0,3.07,75.7,1,30.5,1,1,7.5,1.1,1.31,1,1,0,0,1,0,0,0,0,0,0
17.3,1,35805.0,1,2.11,78.7,0,23.6,1,0,6.2,1.71,1.43,1,0,0,0,1,0,0,0,0,0,0
21.9,0,25000.0,1,2.8,85.1,3,18.8,0,1,5.7,1.54,1.17,0,0,1,0,0,0,0,1,0,0,0
22.4,0,25592.0,1,4.55,91.5,0,51.1,0,0,7.0,2.22,2.78,0,0,0,0,0,0,0,0,1,0,0
19.9,0,59716.0,1,1.4,91.9,2,39.8,1,0,5.1,2.12,2.06,0,0,1,0,1,0,0,0,0,0,0
24.5,1,316601.0,0,6.18,83.4,3,5.0,1,1,8.1,1.01,0.94,1,0,0,1,1,0,0,0,0,0,0
18.3,1,25000.0,1,3.8,83.5,3,27.1,1,1,10.0,1.75,1.77,0,1,0,0,0,1,0,0,0,0,0
17.8,1,38325.0,1,2.87,82.4,1,35.0,1,0,4.4,1.15,0.9,1,1,0,0,1,0,0,0,0,0,0
21.5,0,25000.0,1,4.77,86.6,4,50.1,0,1,7.7,2.16,1.79,0,1,0,0,0,0,0,0,1,0,0
23.3,1,101579.0,0,3.46,82.4,2,16.8,1,1,7.7,0.36,0.57,1,0,0,0,0,0,0,1,1,0,0
24.7,0,25000.0,1,5.16,82.5,2,35.1,0,1,6.4,1.96,2.17,0,0,1,0,0,0,0,1,0,0,0
20.0,0,43259.0,1,2.62,75.1,1,25.2,0,0,7.8,2.4,2.65,0,0,0,1,0,1,0,0,1,0,0
23.4,1,25000.0,1,2.71,74.9,4,15.6,1,1,6.1,1.08,1.54,0,0,0,0,0,0,1,0,1,0,0
20.9,1,25000.0,1,4.77,76.5,1,46.1,1,0,6.7,2.21,2.84,1,0,0,1,0,0,0,0,1,0,0
20.6,0,29127.0,0,5.56,83.9,1,18.4,0,0,5.6,2.61,3.22,0,1,0,0,0,0,0,1,0,1,0
22.9,1,56490.0,0,4.25,79.5,2,41.6,0,0,5.8,1.54,1.29,1,0,1,0,0,1,0,0,1,0,0
22.4,1,25000.0,1,4.3,100.0,3,10.9,0,0,6.6,1.61,1.12,0,0,1,0,0,0,0,0,0,1,0
17.5,1,44269.0,1,2.92,85.1,1,24.1,0,0,6.3,3.07,3.42,0,0,1,0,1,0,0,0,1,0,0
24.2,0,30069.0,1,3.33,94.6,0,36.9,0,0,3.6,2.58,2.65,0,0,1,0,1,0,0,0,0,0,0
24.0,0,35020.0,1,3.15,93.9,2,38.6,0,1,6.4,3.1,3.59,0,0,0,0,0,0,1,0,0,0,0
19.6,1,52839.0,1,5.68,85.4,0,35.2,0,0,5.1,3.38,3.46,0,0,1,0,0,0,0,1,0,1,0
21.9,1,25000.0,1,5.81,81.7,2,41.8,0,0,4.5,2.5,2.05,0,0,1,0,1,0,0,0,1,0,0
22.1,1,48357.0,1,4.68,74.8,0,26.5,1,0,7.2,1.31,1.03,1,0,0,0,0,0,0,0,0,0,1
21.6,0,25000.0,1,6.61,77.2,2,46.7,0,1,3.8,3.65,3.43,0,0,0,0,0,1,0,0,1,0,0
19.8,1,57384.0,1,4.8,88.7,3,34.3,1,0,5.0,3.37,3.51,0,0,0,1,1,0,0,0,0,0,1
19.5,1,36342.0,1,5.54,84.2,1,38.8,1,0,3.6,3.29,3.44,0,0,0,0,0,0,1,0,0,0,0
20.9,0,29740.5,0,4.0,61.900000000000006,5,34.4,1,1,5.5,1.48,2.16,1,0,1,0,0,1,0,0,0,1,0
23.6,0,25000.0,1,3.8,80.3,1,35.9,1,0,9.8,1.97,1.72,0,0,0,1,0,0,0,1,0,0,0
22.2,0,48726.0,1,3.8,84.6,2,18.0,0,1,4.1,1.77,2.06,0,0,0,0,0,0,0,0,0,0,0
20.2,0,63359.0,1,2.78,82.2,1,18.7,0,0,5.2,3.44,3.6,0,0,0,0,0,1,0,0,0,0,0
22.7,1,25000.0,1,3.43,80.1,3,23.5,1,1,8.0,3.37,3.2,0,0,0,1,1,0,0,0,0,1,0
17.0,1,25000.0,1,4.43,81.6,0,36.2,0,1,6.3,3.57,3.52,0,1,0,0,0,0,0,0,0,0,0
23.5,1,45095.0,1,3.22,62.7,1,22.9,0,0,5.3,2.12,2.33,1,0,0,1,0,0,0,1,0,0,0
17.2,1,25000.0,1,4.72,82.1,1,26.4,0,0,4.3,1.9,2.19,0,0,0,1,0,0,0,0,0,0,0
20.2,0,25000.0,0,3.04,73.5,1,29.1,1,1,6.7,1.89,1.79,1,0,0,0,0,1,0,0,0,0,0
18.5,0,25000.0,1,2.98,84.9,2,47.0,0,1,4.9,2.76,2.6,0,0,0,0,0,0,0,1,1,0,0
18.2,0,25000.0,1,4.02,83.1,3,37.2,0,0,9.4,1.79,1.65,0,1,0,0,1,0,0,0,1,0,0
23.6,1,25000.0,0,1.34,88.0,1,12.5,0,0,5.0,1.73,1.79,0,1,0,0,0,0,0,0,0,1,0
20.0,0,29740.5,0,4.0,73.1,1,31.9,1,1,5.5,2.63,2.22,0,0,1,0,0,0,0,1,0,0,0
21.8,0,25000.0,0,4.92,95.8,7,26.4,1,0,7.1,0.57,0.46,1,0,0,0,0,0,0,1,0,1,0
20.9,1,43717.0,1,5.06,66.1,4,27.3,1,0,7.1,1.48,1.77,0,0,1,0,0,0,1,0,1,0,0
22.0,0,25000.0,1,4.97,81.0,2,30.0,1,0,5.2,2.63,2.83,0,0,0,0,0,0,0,0,0,1,0
21.2,1,25000.0,1,3.85,65.7,2,43.5,1,1,4.7,3.03,3.77,0,0,0,1,0,0,0,1,0,0,0
18.2,1,95609.0,1,4.32,85.9,0,20.2,0,1,5.0,2.7,2.57,0,0,1,0,0,0,0,1,0,1,0
23.2,0,28868.0,1,4.51,80.7,0,32.4,0,1,7.4,2.62,2.64,0,1,0,0,0,0,0,0,1,0,0
19.9,0,36516.0,1,2.11,78.2,4,33.5,1,1,6.4,1.2,0.94,1,0,0,1,0,1,0,0,1,0,0
17.6,1,25000.0,1,4.26,84.1,2,27.3,0,0,2.1,3.52,3.61,0,1,0,0,0,0,1,0,0,0,0
20.1,1,108889.0,1,3.51,73.6,1,22.3,1,1,3.2,1.54,1.3,0,0,0,1,1,0,0,0,0,1,0
24.3,0,25000.0,1,6.4,96.8,1,20.9,1,1,5.3,4.0,3.73,0,0,0,0,0,0,0,1,1,0,0
22.9,0,25930.0,1,3.75,80.0,4,25.0,0,0,6.5,2.05,2.6,0,1,0,0,1,0,0,0,0,0,0
20.2,0,65528.0,1,3.84,82.6,2,38.9,0,0,5.1,1.15,0.92,0,1,0,0,0,1,0,0,0,0,0
20.2,1,26661.0,1,2.41,81.0,2,25.7,0,1,4.6,0.77,0.68,0,0,1,0,1,0,0,0,1,0,0
20.3,1,30599.0,1,3.49,89.4,1,28.8,1,0,3.7,2.93,3.09,0,0,1,0,0,0,1,0,1,0,0
25.6,1,25109.0,1,1.25,72.4,5,16.1,1,0,7.1,0.0,0.04,0,0,0,1,0,0,1,0,1,0,0
21.8,1,29740.5,1,4.0,88.6,1,24.3,0,0,5.5,1.25,1.44,1,0,0,0,1,0,0,0,1,0,0
21.9,1,37134.0,1,4.76,77.9,1,32.8,0,0,8.5,1.26,1.32,1,0,0,1,0,0,0,1,0,1,0
23.3,1,41430.0,1,3.52,77.9,1,10.0,1,1,3.2,2.12,2.25,0,1,0,0,0,0,0,0,0,0,0
21.5,0,25000.0,1,4.66,89.0,2,42.5,0,0,6.7,2.68,2.86,0,0,1,0,0,1,0,0,0,0,0
20.4,1,25000.0,1,2.75,79.9,1,22.9,1,0,6.5,2.94,2.96,0,0,0,0,0,0,0,0,0,0,1
20.6,0,25000.0,1,3.76,86.9,0,51.2,1,0,7.0,1.53,1.58,0,1,0,0,0,0,0,1,0,1,0
20.8,1,29740.5,1,4.0,87.1,3,35.0,0,1,5.5,3.4,3.77,0,0,0,0,0,0,0,0,0,1,0
20.9,1,25000.0,1,2.01,79.2,4,8.0,0,1,4.6,1.33,0.96,0,0,0,1,0,0,0,0,0,1,0
22.6,1,35536.0,1,4.99,83.9,3,33.3,0,1,5.2,2.7,2.83,0,0,0,0,0,0,0,0,0,1,0
21.1,1,52217.0,0,3.86,78.1,0,26.2,0,0,5.8,2.35,3.0,0,0,0,0,0,0,0,0,0,0,0
22.6,1,50143.0,1,1.75,81.8,1,33.5,0,0,3.7,2.4,2.06,0,0,0,1,0,0,0,1,0,1,0
20.8,0,25000.0,1,2.92,85.8,1,49.4,1,0,7.4,1.03,1.51,0,0,1,0,0,0,0,1,0,0,0
21.2,0,25667.0,1,5.7,74.3,2,38.5,0,1,1.0,4.0,3.67,0,0,0,0,0,0,0,1,0,0,0
17.0,1,25000.0,1,3.06,85.5,2,27.3,0,1,3.4,3.79,3.32,0,1,0,0,0,0,1,0,0,0,0
23.0,1,32411.0,1,4.81,84.5,1,13.2,0,0,2.5,3.77,3.31,0,0,0,1,0,0,0,1,0,1,0
21.8,0,25000.0,1,3.04,70.1,1,40.5,1,0,7.5,0.86,0.72,1,1,0,0,0,0,0,0,0,1,0
23.2,0,42410.0,1,4.32,76.0,2,36.1,0,0,5.9,1.9,1.19,1,1,0,0,0,0,0,0,0,0,0
17.0,1,29393.0,1,4.68,76.5,5,43.9,1,0,4.5,2.68,2.95,0,1,0,0,0,0,0,0,1,0,0
25.6,0,25000.0,1,3.14,78.4,2,28.3,0,0,5.7,1.96,1.43,0,0,0,0,0,0,0,1,1,0,0
20.7,0,25000.0,1,3.83,74.4,1,33.5,1,0,6.0,3.09,2.77,0,0,0,0,0,0,0,0,0,0,0
23.4,0,29836.0,1,4.4,89.5,1,27.0,1,0,3.3,4.0,3.42,0,0,1,0,0,0,1,0,0,0,0
18.7,0,31384.0,0,3.26,90.5,3,31.0,1,1,5.8,2.56,2.72,0,0,0,1,0,1,0,0,1,0,0
22.3,0,25000.0,1,3.73,75.7,1,11.8,0,0,8.0,2.98,2.81,0,0,1,0,1,0,0,0,0,1,0
18.7,0,25000.0,1,2.77,72.8,3,33.8,0,0,8.3,1.64,1.54,1,0,0,1,1,0,0,0,0,0,0
19.6,1,30753.0,1,4.14,81.9,0,34.6,0,0,7.0,2.07,2.17,0,0,0,1,1,0,0,0,1,0,0
25.2,0,25000.0,0,5.4,92.6,2,24.0,0,0,6.0,2.24,2.05,0,0,1,0,0,1,0,0,1,0,0
20.6,0,25000.0,1,2.49,99.2,5,37.3,0,1,7.2,2.99,2.64,0,0,0,1,0,0,0,0,0,1,0
21.5,0,25000.0,1,3.08,76.6,2,40.5,0,0,6.8,1.43,1.12,0,1,0,0,0,0,0,1,0,1,0
22.9,0,29740.5,1,4.0,63.8,0,46.8,0,0,5.5,2.14,2.53,0,1,0,0,0,0,0,0,0,0,0
22.1,1,25000.0,1,4.67,70.1,1,17.8,1,0,3.9,1.61,1.48,1,1,0,0,0,0,0,1,0,0,0
21.3,1,25000.0,1,1.92,67.7,1,38.0,1,1,6.6,1.58,1.49,1,0,0,0,0,0,0,1,1,0,0
21.8,1,29980.0,0,4.65,85.3,3,46.1,0,0,4.3,2.57,2.16,0,0,0,0,0,1,0,0,0,1,0
26.3,1,25000.0,1,4.74,82.8,1,25.8,1,1,3.7,4.0,4.0,0,0,0,0,0,0,0,1,0,0,0
20.9,1,31021.0,1,5.18,83.7,2,46.7,0,1,7.8,0.91,1.06,0,0,1,0,0,1,0,0,1,0,0
21.4,0,25000.0,0,4.48,91.0,2,21.3,1,1,5.6,0.52,0.48,0,0,0,0,0,0,1,0,1,0,0
23.3,1,32879.0,1,2.04,95.0,0,30.8,0,0,5.4,2.67,2.57,0,0,1,0,0,0,1,0,0,0,0
23.4,0,50359.0,1,3.83,88.7,0,9.3,1,0,3.3,2.29,2.53,0,0,1,0,0,1,0,0,0,1,0
23.6,0,29740.5,1,4.0,87.9,0,7.6,0,1,5.5,4.0,3.91,0,0,0,1,0,0,1,0,1,0,0
22.4,1,64404.0,1,4.69,70.2,5,11.4,1,1,4.9,2.63,2.53,0,0,1,0,0,0,1,0,0,0,0
18.5,1,29740.5,1,4.0,62.900000000000006,0,47.0,0,1,5.5,2.98,3.24,0,0,0,1,0,0,0,1,0,1,0
24.6,0,34308.0,1,3.44,93.1,1,20.7,0,0,3.3,3.32,3.63,0,0,0,0,0,0,0,0,0,0,0
18.5,0,25000.0,1,3.86,77.6,0,20.7,1,1,8.6,2.82,3.76,0,0,1,0,0,1,0,0,0,0,0
21.7,0,25000.0,1,3.87,90.8,5,34.9,1,0,8.0,1.13,1.23,0,0,0,1,0,0,1,0,0,0,1
19.3,0,25000.0,0,2.35,83.0,1,21.1,0,0,5.3,1.53,1.05,1,0,0,1,0,0,0,0,0,0,1
20.9,0,29814.0,1,2.74,88.3,1,44.5,0,0,3.1,2.27,2.03,0,0,1,0,0,0,1,0,0,0,0
21.7,0,45181.0,1,3.91,75.0,4,52.4,1,0,2.4,2.7,3.3,0,1,0,0,1,0,0,0,0,0,0
21.7,0,25000.0,1,2.91,88.1,0,5.0,0,0,4.7,1.53,1.46,0,0,1,0,0,1,0,0,1,0,0
21.9,0,29076.0,1,2.1,76.9,0,36.2,1,0,1.4,3.2,3.0,0,0,1,0,0,0,0,0,1,0,0
24.6,0,25000.0,1,2.03,83.8,2,5.3,1,0,4.7,2.84,2.42,0,0,0,1,0,1,0,0,0,0,0
22.0,1,33712.0,1,4.9,81.8,2,13.7,0,1,1.9,3.17,3.68,0,1,0,0,1,0,0,0,0,0,1
20.5,0,25000.0,1,4.46,91.5,3,35.7,1,0,5.3,2.98,3.01,0,0,0,1,0,0,1,0,1,0,0
23.1,1,25000.0,0,4.19,88.7,1,18.7,0,0,5.9,2.4,2.14,0,1,0,0,0,0,1,0,1,0,0
23.6,0,25000.0,1,3.57,67.9,0,33.1,1,1,5.2,1.21,1.32,1,1,0,0,1,0,0,0,1,0,0
18.3,1,40215.0,1,3.24,75.5,1,30.4,0,0,9.4,1.36,0.24,0,0,0,1,0,0,1,0,0,0,0
22.3,1,28056.0,1,1.38,76.9,4,10.2,0,1,5.1,1.5,0.73,1,0,0,1,0,0,0,1,0,0,0
22.5,1,25000.0,1,4.77,87.5,2,37.9,0,0,8.6,3.88,3.83,0,1,0,0,0,0,0,1,0,0,0
20.3,1,34782.0,1,3.47,78.0,0,33.6,1,0,6.0,0.0,0.0,1,1,0,0,0,0,0,1,0,0,0
24.0,1,25000.0,0,4.81,73.3,1,30.5,1,1,9.1,0.42,0.46,0,0,0,0,0,0,0,0,0,1,0
20.7,0,58449.0,1,2.78,71.1,2,22.2,0,1,2.3,2.19,1.74,0,0,0,1,0,0,1,0,1,0,0
21.3,1,25000.0,0,6.14,87.8,1,34.7,1,0,3.6,4.0,3.73,0,1,0,0,0,0,0,0,0,1,0
20.6,1,26577.0,1,4.24,65.4,2,14.5,1,0,5.0,2.72,2.62,1,0,0,1,0,0,1,0,0,1,0
21.0,1,25000.0,1,3.84,90.4,2,17.9,0,1,8.4,0.98,0.5,0,0,0,0,0,1,0,0,0,0,0
18.6,0,25000.0,1,2.67,71.7,2,33.9,1,0,5.1,2.94,3.17,0,0,0,1,0,0,0,0,1,0,0
17.8,1,29740.5,0,4.0,78.4,0,42.4,0,0,5.5,3.76,3.97,0,1,0,0,0,1,0,0,1,0,0
24.5,1,46527.0,1,4.8,72.7,1,24.3,0,1,6.6,2.09,2.07,0,0,0,0,0,0,0,0,0,0,0
19.1,1,47094.0,1,1.09,74.6,1,35.5,0,0,7.1,0.76,0.43,0,0,1,0,0,0,0,1,1,0,0
18.8,0,47596.0,1,3.82,80.2,2,32.5,0,0,4.1,3.32,3.7,0,0,0,1,0,0,0,1,0,0,0
17.0,1,30252.0,1,3.85,80.9,3,35.0,0,1,4.3,4.0,3.98,0,1,0,0,0,0,0,1,0,1,0
19.6,1,25000.0,1,4.59,69.6,2,21.7,1,0,8.6,0.0,0.44,1,0,0,0,1,0,0,0,1,0,0
18.1,1,25000.0,1,1.82,78.8,0,28.2,1,1,7.7,0.48,0.63,0,1,0,0,0,1,0,0,0,0,0
24.6,0,74466.0,1,5.04,82.8,3,29.5,0,0,8.2,2.18,2.25,0,0,1,0,0,1,0,0,1,0,0
23.2,1,70362.0,1,4.96,85.7,5,48.0,0,1,7.2,1.47,1.82,0,0,1,0,0,0,0,1,0,1,0
19.5,0,32001.0,1,5.01,65.7,2,16.7,1,0,4.0,1.64,1.82,0,0,0,1,1,0,0,0,1,0,0
26.0,1,25000.0,1,3.14,78.2,0,13.2,1,1,5.4,0.23,0.08,1,1,0,0,0,0,0,0,0,0,0
23.2,1,67587.0,1,5.46,65.6,1,66.0,0,1,3.6,3.28,3.08,0,0,0,0,0,0,0,0,0,0,0
20.3,1,25000.0,1,2.94,77.9,1,33.7,0,1,7.3,1.74,1.21,0,0,0,1,0,0,0,1,0,0,0
17.0,1,34109.0,1,1.25,78.6,3,36.6,1,1,4.5,1.24,0.67,1,0,0,1,0,1,0,0,1,0,0
26.0,1,66915.0,1,4.4,87.0,6,37.7,0,0,2.4,2.6,2.03,0,1,0,0,0,0,1,0,1,0,0
17.9,1,25000.0,1,3.92,89.8,1,39.3,0,0,5.7,0.46,0.61,1,1,0,0,0,0,0,1,1,0,0
17.4,1,48900.0,1,5.59,73.8,3,40.8,0,0,7.5,0.77,1.14,1,0,0,0,1,0,0,0,0,0,0
23.2,0,40633.0,1,2.66,84.4,1,39.3,1,0,3.0,3.21,3.08,0,0,0,1,1,0,0,0,0,0,0
26.4,0,29036.0,1,3.55,87.2,2,43.5,1,1,5.3,2.06,1.87,0,0,1,0,0,0,0,0,1,0,0
24.0,1,25000.0,1,3.43,76.0,3,32.0,0,1,4.5,3.24,2.7,0,0,0,1,0,0,0,0,0,0,0
22.2,0,25000.0,1,5.04,88.2,4,42.9,0,1,7.3,1.2,1.48,0,0,0,0,0,0,0,1,0,0,0
22.3,0,35372.0,1,2.59,83.1,3,52.7,0,0,1.8,2.89,2.68,1,0,0,0,0,0,0,0,0,0,0
22.9,0,25000.0,1,5.66,79.8,0,32.4,0,1,7.5,3.86,3.91,0,0,1,0,0,0,1,0,1,0,0
22.7,1,32159.0,1,3.04,83.1,4,35.8,1,0,4.2,1.68,1.85,0,0,0,1,0,0,0,1,0,1,0
21.6,0,41136.0,1,3.42,69.4,1,23.0,0,0,5.2,1.16,0.75,0,1,0,0,0,0,0,0,0,0,0
21.2,1,53698.0,1,4.05,83.1,1,28.0,0,0,7.0,0.82,0.92,0,0,1,0,0,0,0,1,0,0,0
20.9,0,25000.0,1,2.68,75.2,2,34.2,0,0,8.2,1.61,1.95,0,1,0,0,0,0,0,0,0,1,0
19.3,1,65496.0,1,4.51,82.2,4,25.3,0,0,5.6,1.39,1.56,0,1,0,0,0,0,0,0,0,0,1
20.4,1,82225.0,1,4.34,78.8,4,31.1,0,1,4.2,1.55,1.19,0,0,0,0,0,0,0,1,0,0,0
17.3,1,38028.0,1,3.19,84.3,1,34.1,0,0,4.5,0.39,1.03,0,1,0,0,0,1,0,0,1,0,0
20.8,1,25000.0,1,4.37,91.5,1,48.2,0,0,7.6,2.32,2.49,0,0,1,0,0,1,0,0,0,0,0
18.8,0,25000.0,1,4.41,83.0,2,19.6,0,1,3.9,3.91,3.68,1,0,0,0,0,0,0,1,0,0,1
18.6,1,28896.0,0,4.74,90.0,1,35.0,1,1,6.1,3.31,3.39,0,1,0,0,0,1,0,0,0,0,0
21.4,0,34971.0,1,5.43,73.8,0,22.8,0,1,5.5,0.97,0.86,0,0,0,1,0,0,0,1,1,0,0
24.1,1,30127.0,1,4.54,93.5,0,39.2,0,0,6.9,1.67,1.92,0,0,1,0,0,0,0,0,0,0,0
23.0,1,35196.0,1,4.63,73.9,1,40.1,0,1,5.6,2.95,2.65,0,0,0,1,0,0,0,0,1,0,0
17.5,0,28157.0,1,2.57,72.0,2,50.1,0,0,4.7,2.45,2.17,1,1,0,0,0,0,0,0,0,1,0
18.8,0,34859.0,1,2.01,79.8,2,24.9,0,1,4.6,2.82,2.5,0,0,1,0,0,0,0,1,0,0,0
23.1,1,25000.0,1,3.28,78.4,2,31.7,0,0,4.6,1.61,1.49,1,0,1,0,0,1,0,0,0,0,0
18.8,1,25000.0,0,4.43,69.3,2,39.6,1,0,3.0,3.24,3.01,0,0,0,1,0,0,0,0,0,0,0
20.5,0,25000.0,1,4.54,73.0,4,37.9,0,1,6.4,2.92,2.55,0,0,0,0,0,0,0,0,0,1,0
22.2,1,29740.5,1,4.0,38.2,3,5.0,0,0,5.5,0.0,0.08,1,0,1,0,0,0,0,1,0,0,0
18.9,0,71564.0,1,4.17,71.2,2,21.8,0,0,2.9,1.72,1.41,0,1,0,0,0,0,0,1,1,0,0
21.2,0,41489.0,1,5.46,76.7,1,36.8,0,0,4.8,2.19,2.33,0,0,0,1,1,0,0,0,0,0,1
18.1,1,65853.0,1,6.94,93.9,1,27.5,0,0,5.0,2.32,2.37,1,0,0,1,0,0,0,0,0,0,0
19.7,1,48006.0,1,5.87,87.7,3,39.7,0,1,4.4,2.71,2.04,0,0,0,1,1,0,0,0,0,0,0
21.7,1,33149.0,1,3.32,84.6,4,42.5,1,0,5.3,2.24,2.06,0,0,0,0,0,0,0,0,1,0,0
17.5,1,25000.0,1,3.25,99.3,1,27.4,0,1,5.3,4.0,3.98,0,0,1,0,0,0,1,0,0,0,0
22.0,0,25405.0,1,4.64,67.7,2,37.2,1,1,7.1,1.53,2.02,1,0,0,1,0,0,1,0,0,0,0
21.0,0,25000.0,1,5.05,81.5,1,47.5,1,1,5.5,0.85,1.59,1,0,0,1,0,0,1,0,1,0,0
22.2,0,25000.0,1,5.46,98.3,4,42.2,0,1,6.6,3.77,3.57,0,1,0,0,0,1,0,0,0,0,0
21.5,0,25000.0,1,4.78,77.9,1,20.8,0,0,3.0,1.49,1.46,0,0,0,0,0,1,0,0,1,0,0
24.0,1,39960.0,1,2.41,75.4,4,27.8,0,0,3.6,0.87,1.0,0,0,0,0,0,0,0,1,1,0,0
21.3,0,36124.0,1,2.19,88.5,1,30.3,1,0,3.0,4.0,4.0,0,0,1,0,0,0,0,0,0,0,0
20.1,1,25000.0,1,5.9,77.5,1,18.8,0,1,4.8,3.58,3.77,1,0,0,1,0,0,0,0,0,0,0
21.3,0,25000.0,1,3.79,92.1,3,42.8,0,1,5.6,2.42,2.44,0,0,0,1,0,1,0,0,0,1,0
22.2,1,59679.0,1,2.74,88.7,2,22.3,1,0,8.5,0.0,0.0,1,0,0,0,0,0,0,1,1,0,0
21.1,0,25000.0,1,2.53,80.5,1,28.8,1,0,4.0,2.85,3.07,1,0,0,1,0,0,0,1,0,1,0
21.1,0,32941.0,1,3.29,89.8,0,42.9,0,1,7.0,0.83,0.77,0,0,1,0,0,0,1,0,0,0,0
19.5,1,26533.0,0,6.07,80.1,1,24.6,0,0,4.0,3.07,3.77,1,1,0,0,1,0,0,0,1,0,0
19.5,1,40288.0,1,3.68,83.1,2,26.0,1,1,5.5,2.18,2.3,0,0,0,0,1,0,0,0,0,1,0
17.9,0,29740.5,1,4.0,86.7,1,34.1,0,0,5.5,1.92,1.63,0,0,0,1,0,0,0,1,1,0,0
24.8,1,31384.0,1,4.45,78.9,1,25.1,0,0,3.8,2.03,2.79,1,1,0,0,0,0,1,0,0,1,0
18.3,0,32900.0,1,3.92,94.1,3,48.4,1,1,4.0,4.0,3.92,0,0,0,0,1,0,0,0,0,0,1
19.5,0,34136.0,1,1.43,82.6,1,19.0,0,0,8.4,2.82,2.43,0,0,0,0,0,0,1,0,0,0,0
19.4,1,31177.0,1,5.09,84.3,1,5.0,0,0,4.5,1.51,1.2,0,0,0,1,0,0,0,0,1,0,0
23.0,1,36562.0,1,3.03,71.5,0,40.1,1,1,7.3,2.24,1.94,0,0,1,0,0,0,0,1,0,1,0
20.4,0,110753.0,1,1.85,76.8,1,25.7,0,0,6.7,0.87,0.93,0,0,1,0,0,1,0,0,0,0,0
23.7,1,138244.0,1,1.6,83.3,2,20.3,0,0,4.4,1.48,1.99,0,0,0,0,0,0,0,1,0,1,0
19.5,1,25000.0,1,4.77,88.9,4,34.6,1,0,5.5,3.51,3.7,0,0,0,1,1,0,0,0,0,0,1
21.6,0,25000.0,1,5.05,93.3,3,35.0,0,0,5.7,1.93,1.38,0,0,0,0,0,0,0,0,1,0,0
19.2,0,42502.0,1,1.03,73.5,0,20.9,1,0,6.4,1.45,1.37,0,1,0,0,1,0,0,0,1,0,0
25.7,1,33248.0,0,3.32,75.4,2,44.2,1,0,4.8,1.88,1.98,1,0,0,1,1,0,0,0,0,0,1
18.4,1,56197.0,1,4.47,72.2,2,40.3,1,0,2.8,2.55,2.51,0,0,1,0,0,1,0,0,0,0,0
21.7,0,35275.0,1,4.2,85.9,3,53.7,0,0,4.2,2.65,2.68,1,0,1,0,1,0,0,0,0,0,0
22.4,0,30797.0,1,3.33,93.3,2,24.5,1,1,7.6,0.39,0.41,1,0,1,0,0,0,0,0,0,0,0
21.9,0,58533.0,1,3.89,80.7,2,31.9,1,0,5.4,1.87,1.64,1,0,1,0,0,0,0,1,0,0,0
20.6,1,29740.5,1,4.0,67.5,2,32.8,1,0,5.5,2.77,2.75,0,0,0,0,0,0,0,1,0,0,0
20.7,0,25000.0,1,4.57,83.1,2,26.1,0,1,2.8,3.08,2.97,0,1,0,0,0,0,0,0,0,0,0
21.1,0,25000.0,1,4.84,78.2,4,34.8,0,0,7.7,1.12,0.66,1,0,0,0,0,1,0,0,1,0,0
20.7,0,27907.0,1,3.43,72.2,2,35.7,1,0,5.1,2.41,2.64,0,1,0,0,1,0,0,0,0,0,1
23.1,0,31542.0,1,2.35,90.5,1,35.7,0,0,7.5,1.32,1.13,0,0,0,0,0,0,0,0,0,1,0
25.9,1,25963.0,1,4.32,83.2,2,26.1,0,0,6.7,1.95,1.97,0,0,1,0,0,0,0,0,0,0,0
19.8,0,38581.0,1,5.04,77.6,1,27.5,0,0,6.9,2.51,2.6,1,0,0,0,0,0,1,0,0,0,1
18.0,1,54050.0,0,3.12,100.0,2,23.2,0,1,8.5,0.78,0.53,0,0,0,1,0,1,0,0,0,0,0
20.8,1,83586.0,1,4.3,82.0,3,21.0,1,0,5.7,2.52,2.02,0,0,0,0,1,0,0,0,0,0,0
26.7,0,42081.0,1,4.0,68.3,2,29.2,0,0,5.3,0.22,0.36,1,0,1,0,0,0,1,0,0,0,0
19.2,0,25000.0,0,1.84,87.2,1,48.2,1,1,8.3,1.01,0.69,1,0,0,1,0,0,0,1,0,0,1
24.6,0,27216.0,1,3.79,67.3,1,54.5,0,1,7.0,2.78,3.03,0,0,0,1,0,1,0,0,0,1,0
24.7,0,28418.0,1,4.23,85.7,3,45.8,0,1,4.2,2.0,1.88,1,0,0,0,0,1,0,0,0,0,0
19.8,1,40489.0,1,3.4,85.5,0,24.4,0,1,7.4,2.37,3.05,1,1,0,0,0,0,0,1,0,1,0
22.3,0,37530.0,0,5.42,93.0,1,34.9,1,0,8.2,2.09,1.75,0,1,0,0,0,0,1,0,0,0,0
24.6,1,101746.0,1,2.38,74.0,3,5.4,0,1,1.4,2.91,3.43,0,0,1,0,0,1,0,0,0,1,0
20.2,0,25000.0,1,6.8,79.7,2,28.1,0,0,3.3,3.72,3.52,0,0,0,0,0,0,0,0,0,0,0
20.6,1,37453.0,0,4.0,81.4,2,25.3,1,0,4.0,2.89,2.87,0,0,0,0,0,0,1,0,0,1,0
19.7,0,122128.0,1,3.75,88.9,3,52.5,1,0,6.8,2.86,2.91,0,0,1,0,1,0,0,0,1,0,0
18.8,1,25000.0,1,5.19,85.5,4,33.1,1,1,6.9,2.45,2.19,0,1,0,0,0,0,1,0,0,0,0
19.6,0,32438.0,0,2.06,86.2,2,30.6,1,0,6.4,2.52,2.63,0,0,0,0,0,0,1,0,0,0,0
18.3,0,25000.0,1,6.96,91.8,2,29.2,1,0,7.1,3.71,3.67,0,1,0,0,1,0,0,0,0,0,0
21.1,1,31234.0,1,3.11,80.2,2,26.5,0,1,3.5,2.76,2.9,0,0,0,0,0,0,0,1,0,0,0
19.3,0,29740.5,1,4.0,93.7,3,36.4,0,1,5.5,3.54,3.61,0,1,0,0,0,0,0,0,1,0,0
21.5,0,55719.0,1,4.0,81.3,2,22.1,0,0,7.8,1.34,1.45,0,0,1,0,0,0,0,1,1,0,0
17.6,0,32480.0,1,2.68,89.2,1,36.6,0,0,5.7,2.53,2.57,0,0,1,0,0,0,0,0,1,0,0
21.7,0,25000.0,1,5.32,78.0,0,47.2,1,0,7.7,1.96,1.29,0,0,1,0,0,0,1,0,1,0,0
22.8,1,49234.0,1,4.69,86.8,0,31.4,0,0,4.2,2.55,2.24,0,0,0,0,0,0,0,0,1,0,0
17.0,1,33117.0,1,7.97,91.3,2,26.2,0,0,3.6,3.24,3.55,0,0,0,0,0,0,1,0,0,0,0
21.8,1,29740.5,1,4.0,73.3,5,29.1,0,0,5.5,2.65,2.82,0,0,0,0,0,0,0,0,1,0,0
23.7,1,25000.0,1,3.18,89.6,5,44.4,1,0,6.9,0.02,0.03,1,0,1,0,0,0,1,0,0,0,0
18.3,1,37097.0,1,1.59,83.4,1,31.7,0,1,7.5,0.3,0.37,1,1,0,0,0,1,0,0,0,0,0
24.7,0,47288.0,1,3.03,98.3,2,22.7,1,1,6.5,2.62,3.02,0,0,0,0,0,0,1,0,1,0,0
21.9,1,25000.0,1,4.33,79.9,1,39.7,1,0,4.6,2.85,2.78,0,1,0,0,0,1,0,0,0,1,0
19.4,1,25000.0,1,3.51,84.3,2,21.5,0,1,6.6,1.64,1.96,1,0,0,1,0,1,0,0,1,0,0
20.9,1,29000.0,1,4.99,80.8,3,27.2,0,0,6.6,2.32,2.77,1,0,0,0,0,0,1,0,0,0,0
22.2,0,62123.0,1,4.47,87.3,3,32.7,1,1,1.9,4.0,3.27,0,1,0,0,0,0,0,0,0,1,0
21.2,0,29740.5,1,4.0,64.5,6,20.3,0,0,5.5,2.04,2.05,1,0,0,1,0,0,0,1,0,0,0
22.2,1,25000.0,1,3.47,70.7,1,8.6,0,0,6.0,1.46,1.61,0,1,0,0,0,0,1,0,1,0,0
19.0,0,25000.0,1,2.87,87.3,3,35.4,0,0,7.5,1.09,0.75,0,1,0,0,0,0,0,1,0,0,0
21.4,1,25000.0,1,4.45,82.2,0,5.0,1,0,5.3,2.79,3.09,0,0,0,0,0,0,0,0,0,1,0
17.9,0,25000.0,1,4.56,66.0,0,18.9,1,0,5.8,0.94,0.95,1,0,0,0,1,0,0,0,1,0,0
20.8,0,38866.0,1,3.22,76.9,3,39.3,0,0,5.4,2.02,1.73,1,0,0,1,0,0,1,0,0,0,0
19.0,1,27917.0,1,1.87,78.9,1,35.0,0,1,6.0,0.51,0.76,1,1,0,0,0,1,0,0,0,0,0
19.4,0,25000.0,1,7.66,78.1,4,28.1,1,0,3.0,3.11,3.16,0,1,0,0,0,1,0,0,0,0,0
23.7,0,57674.0,1,4.42,89.5,0,19.3,0,0,4.4,2.77,3.0,0,1,0,0,0,1,0,0,0,1,0
23.4,1,32346.0,1,4.42,92.1,3,24.8,1,1,1.5,3.92,3.98,0,1,0,0,0,0,0,1,1,0,0
22.3,0,38609.0,1,1.56,64.1,1,36.9,1,0,4.7,2.24,2.21,0,0,0,0,0,1,0,0,0,0,0
18.6,1,25000.0,1,4.94,81.0,3,28.4,0,0,6.4,2.24,1.71,0,1,0,0,0,0,0,1,0,0,0
20.3,1,25000.0,1,5.38,82.9,3,15.2,1,0,4.1,3.69,3.54,0,0,0,0,1,0,0,0,0,0,0
23.7,1,25000.0,1,4.44,70.1,1,19.4,0,0,5.0,1.57,1.7,0,0,0,1,0,0,1,0,0,1,0
21.3,1,25000.0,1,4.17,92.0,3,24.8,1,0,6.2,3.19,3.5,0,0,0,0,0,0,1,0,0,0,0
26.1,1,42016.0,1,4.18,85.0,3,34.4,1,1,10.0,0.0,0.58,1,0,0,0,0,1,0,0,1,0,0
21.9,0,25000.0,1,2.85,88.8,4,31.3,0,0,5.4,3.94,3.71,0,0,0,1,0,0,0,1,0,0,0
21.4,1,77320.0,1,3.09,78.4,4,15.0,0,0,6.8,1.37,1.52,1,0,0,0,0,0,0,0,1,0,0
20.3,1,32937.0,1,3.7,75.8,2,46.2,0,0,5.2,2.43,2.54,0,0,0,0,0,0,1,0,1,0,0
21.3,0,67250.0,1,5.43,77.4,2,21.1,0,1,6.1,1.72,1.53,0,1,0,0,0,0,1,0,1,0,0
20.7,0,25000.0,1,4.35,81.1,1,35.3,1,1,5.4,2.36,2.31,1,0,0,0,0,1,0,0,1,0,0
22.6,0,40228.0,1,3.04,78.6,0,18.6,0,0,4.7,1.26,2.11,0,0,0,0,1,0,0,0,0,0,0
23.1,0,31292.0,1,3.16,89.2,0,59.8,1,0,5.1,2.45,2.55,0,0,1,0,1,0,0,0,0,0,0
19.3,0,48563.0,1,1.19,100.0,2,45.9,0,1,7.7,1.79,1.51,0,0,0,1,0,0,0,1,0,0,1
18.1,0,25841.0,1,4.58,86.7,0,20.7,0,1,6.0,2.32,2.22,0,0,1,0,0,0,0,1,0,0,0
17.0,0,39495.0,1,3.73,66.4,1,31.1,1,0,3.3,1.9,1.72,1,1,0,0,1,0,0,0,1,0,0
22.1,0,57602.0,1,4.24,83.2,0,17.6,0,0,4.7,2.87,2.71,0,0,1,0,0,0,0,1,1,0,0
18.6,1,25000.0,1,7.94,72.5,1,25.7,0,0,3.9,2.35,2.02,0,0,0,1,0,0,1,0,1,0,0
17.0,1,34384.0,1,3.42,78.7,2,35.1,0,1,7.2,1.73,1.37,0,0,1,0,0,0,1,0,1,0,0
21.9,0,25000.0,1,4.28,81.7,1,40.1,1,0,4.1,1.04,1.48,0,0,1,0,0,0,0,0,1,0,0
26.5,1,45320.0,1,3.18,79.9,3,15.1,0,0,7.1,3.71,3.59,0,1,0,0,0,1,0,0,1,0,0
21.0,1,96067.0,0,3.78,73.7,1,21.0,0,0,7.3,2.01,2.29,0,1,0,0,0,0,0,1,0,0,0
22.8,0,25000.0,1,2.73,86.2,2,41.3,0,1,5.8,2.15,1.96,1,0,1,0,0,0,1,0,0,0,1
21.2,0,28146.0,0,2.57,66.0,0,45.9,0,0,6.5,1.88,1.82,1,0,1,0,0,1,0,0,0,0,0
20.8,1,50427.0,1,1.65,85.1,2,20.7,1,1,4.6,2.77,2.7,0,0,0,0,0,0,0,0,0,0,0
23.0,0,30298.0,1,2.59,74.8,1,41.5,1,0,7.0,0.65,0.52,1,0,0,1,0,1,0,0,0,1,0
20.4,0,32829.0,1,4.3,84.2,1,15.2,0,0,3.3,1.59,1.27,0,1,0,0,0,0,0,1,0,0,0
21.6,0,25000.0,1,3.59,71.2,0,26.4,1,0,4.7,1.72,1.89,1,0,1,0,0,0,0,1,0,1,0
21.7,0,25000.0,1,3.71,83.9,0,16.3,0,0,4.9,2.44,2.35,1,0,1,0,0,1,0,0,1,0,0
19.5,0,28226.0,1,3.41,93.0,3,25.1,1,0,7.3,2.81,2.49,0,1,0,0,0,0,0,1,1,0,0
23.2,0,30485.0,1,4.2,77.2,3,52.9,0,0,8.6,0.67,0.48,0,1,0,0,0,0,1,0,0,0,0
20.6,1,25000.0,1,4.12,77.1,2,29.3,1,0,4.7,3.49,3.61,0,0,1,0,0,0,0,0,0,0,0
19.3,0,28578.0,1,4.04,85.5,5,26.6,1,0,5.3,1.48,1.26,0,0,0,0,1,0,0,0,1,0,0
22.2,0,76200.0,1,3.58,83.7,2,23.2,0,0,3.4,1.82,1.94,0,0,1,0,1,0,0,0,0,0,0
19.0,0,25000.0,1,4.95,70.9,2,26.4,0,0,5.4,0.59,0.41,1,0,0,0,1,0,0,0,0,0,0
21.1,0,25000.0,0,1.39,90.9,0,20.3,0,0,7.5,0.0,0.0,0,0,1,0,0,0,0,1,1,0,0
21.0,1,27150.0,1,3.01,88.5,1,31.6,1,1,2.3,4.0,4.0,0,0,0,0,1,0,0,0,0,0,0
23.4,0,25000.0,1,2.96,92.3,3,29.6,1,0,5.5,3.4,3.46,0,0,0,0,0,0,0,0,1,0,0
22.0,1,25000.0,1,4.84,86.4,5,24.5,0,1,6.8,2.2,2.46,0,1,0,0,0,0,0,1,0,0,0
20.9,1,32322.0,1,3.3,97.1,0,23.5,0,0,5.6,4.0,4.0,0,0,0,1,1,0,0,0,1,0,0
22.8,1,25000.0,1,2.73,67.0,2,32.2,0,0,5.2,2.07,1.48,0,0,0,0,1,0,0,0,1,0,0
24.1,1,25000.0,1,4.22,94.2,1,21.2,1,1,7.1,3.82,3.65,0,0,0,1,0,0,0,0,0,0,0
22.2,0,32600.0,0,5.04,78.9,3,27.1,0,1,4.0,3.04,3.23,0,1,0,0,0,1,0,0,1,0,0
21.0,1,25000.0,1,4.96,77.6,2,24.6,1,0,4.1,4.0,3.95,0,1,0,0,0,0,0,0,1,0,0
18.1,1,29740.5,1,4.0,61.3,1,5.0,0,0,5.5,2.35,2.27,0,0,0,1,0,0,0,1,0,0,1
18.7,0,44468.0,1,4.15,86.1,0,40.3,1,0,6.1,1.39,1.38,1,1,0,0,1,0,0,0,1,0,0
20.3,1,25000.0,1,4.36,88.4,0,8.0,1,1,5.9,2.76,2.46,0,0,0,0,0,0,0,1,0,0,0
19.7,1,25000.0,1,3.66,78.3,1,8.8,0,1,4.5,2.94,2.52,0,1,0,0,1,0,0,0,0,0,0
20.6,1,25000.0,1,3.58,84.2,1,40.7,1,0,3.9,1.55,2.17,0,0,0,1,0,1,0,0,1,0,0
21.1,1,25000.0,1,2.73,100.0,0,16.7,0,0,5.4,3.53,3.56,0,0,0,0,0,0,1,0,1,0,0
22.2,1,38439.0,1,4.9,76.6,0,5.1,0,0,5.7,0.2,0.0,1,0,0,0,0,0,1,0,1,0,0
20.8,1,31806.0,1,1.66,78.8,2,46.0,0,0,3.3,2.33,2.74,0,0,1,0,0,0,0,0,0,0,0
22.1,0,124882.0,0,2.3,93.4,0,22.3,1,0,2.0,3.9,3.83,0,0,1,0,0,0,0,1,1,0,0
21.1,1,57077.0,1,6.43,69.4,1,44.6,1,0,2.4,3.19,3.45,0,0,1,0,0,0,0,1,0,1,0
17.0,1,25000.0,1,3.85,84.0,0,19.0,0,0,2.9,4.0,3.94,0,1,0,0,0,0,0,1,1,0,0
18.9,0,25000.0,1,4.18,62.7,4,10.3,1,0,3.3,2.57,3.0,0,0,0,1,0,0,0,1,1,0,0
20.7,1,150846.0,1,2.42,71.0,3,26.1,1,1,5.3,0.92,0.73,1,0,0,1,0,0,0,1,0,0,0
18.3,0,56249.0,0,4.63,72.5,2,15.5,0,0,5.7,3.2,3.31,0,0,0,0,0,1,0,0,1,0,0
22.3,1,42346.0,1,5.79,75.0,1,34.9,0,0,5.2,0.48,0.56,1,0,0,1,0,0,0,1,0,0,0
24.4,1,31098.0,0,5.89,72.0,4,38.1,0,1,6.1,3.83,3.7,0,0,0,1,0,1,0,0,0,1,0
23.7,0,35035.0,1,2.03,83.6,3,41.2,0,0,6.2,1.59,1.45,0,1,0,0,0,0,0,0,1,0,0
20.5,1,25000.0,1,5.52,93.2,1,26.3,0,0,6.1,1.56,1.3,0,1,0,0,1,0,0,0,0,0,0
24.3,1,32670.0,1,4.01,98.3,3,46.6,1,0,5.7,2.43,2.78,0,0,1,0,1,0,0,0,1,0,0
21.3,0,31031.0,1,0.72,73.8,4,18.9,0,1,3.6,1.72,2.04,1,1,0,0,0,0,1,0,0,0,1
20.3,1,25000.0,1,2.0,87.8,2,31.6,0,1,3.1,1.89,2.02,0,0,0,1,0,1,0,0,0,0,0
19.7,0,25000.0,0,1.55,91.7,1,28.3,0,1,4.5,1.89,1.51,0,1,0,0,0,0,0,1,0,0,0
20.3,0,73799.0,1,4.78,83.0,2,53.7,0,0,7.5,1.72,1.32,0,1,0,0,0,1,0,0,0,0,0
20.1,1,27581.0,1,3.76,87.7,2,44.5,0,0,9.7,3.45,3.7,0,0,1,0,0,1,0,0,0,0,1
21.4,0,103023.0,1,3.15,85.7,0,30.4,0,0,6.5,0.82,0.9,1,0,1,0,1,0,0,0,0,0,0
21.4,1,25000.0,1,3.88,85.7,2,32.4,1,0,6.1,1.63,1.75,0,0,0,1,0,1,0,0,1,0,0
21.0,0,25000.0,1,6.28,76.1,2,48.4,0,1,7.4,2.04,2.13,0,0,0,1,0,0,0,1,0,0,0
22.0,0,25000.0,1,3.62,66.0,3,21.0,0,0,8.2,2.06,2.72,0,0,1,0,0,1,0,0,1,0,0
23.6,0,25000.0,1,4.43,79.2,3,5.6,1,0,3.8,1.7,1.49,0,1,0,0,0,0,0,1,0,1,0
23.1,1,25000.0,1,4.82,75.9,1,18.4,1,1,10.0,0.35,0.91,1,0,1,0,0,0,1,0,1,0,0
17.7,0,35925.0,1,2.42,79.8,1,25.0,1,0,8.4,0.15,0.34,1,0,1,0,0,1,0,0,0,1,0
17.0,1,34895.0,1,4.73,89.7,0,46.3,1,1,3.0,4.0,3.6,0,0,0,1,0,0,0,1,0,0,0
23.1,1,29740.5,1,4.0,78.5,4,42.4,0,0,5.5,4.0,3.85,0,1,0,0,0,1,0,0,0,0,0
18.0,0,25000.0,1,5.3,83.2,3,29.5,1,0,10.0,1.81,1.77,1,0,1,0,1,0,0,0,0,1,0
20.5,1,72158.0,1,3.81,72.5,3,35.6,0,0,7.4,2.13,2.4,0,0,0,0,1,0,0,0,1,0,0
18.4,0,25048.0,1,5.22,78.9,0,21.5,0,1,4.4,3.9,3.75,0,0,0,1,1,0,0,0,0,0,0
17.0,1,25000.0,1,4.64,75.8,2,55.1,1,1,5.6,3.52,3.56,1,0,0,0,0,0,1,0,1,0,0
22.2,0,35065.0,1,4.09,83.0,2,44.6,1,0,6.9,3.58,3.38,0,1,0,0,0,0,0,1,1,0,0
22.7,1,33613.0,1,5.19,78.3,3,30.6,1,1,7.1,0.75,0.84,1,1,0,0,0,0,0,1,0,1,0
19.7,1,25000.0,1,6.27,89.2,0,29.1,1,0,8.0,1.2,1.04,1,0,1,0,1,0,0,0,0,1,0
17.0,1,32504.0,1,5.2,75.2,1,38.4,1,0,5.9,2.69,2.89,0,0,0,0,0,1,0,0,1,0,0
19.8,0,25000.0,1,3.9,99.5,1,29.3,0,0,6.0,2.78,2.53,0,0,1,0,0,0,0,0,0,1,0
21.9,1,46908.0,1,3.37,70.2,2,8.1,0,0,4.8,2.35,2.66,0,0,1,0,0,1,0,0,1,0,0
17.7,0,25000.0,1,4.69,84.4,3,48.4,0,0,3.8,3.77,3.66,0,1,0,0,0,0,1,0,1,0,0
21.4,1,25000.0,1,4.2,69.1,1,44.0,0,1,3.7,2.4,2.9,0,0,0,1,0,1,0,0,0,1,0
21.0,1,43883.0,1,5.46,90.4,5,34.5,0,0,5.2,2.61,2.15,0,0,1,0,1,0,0,0,0,1,0
22.3,1,61229.0,1,2.76,82.4,0,25.0,0,0,6.1,3.46,3.53,0,0,0,1,0,0,0,0,0,0,0
21.3,1,76993.0,1,5.35,83.6,0,30.1,0,0,2.9,3.93,3.98,0,0,0,0,1,0,0,0,0,0,0
18.9,0,56021.0,1,2.19,74.8,2,5.0,1,0,9.2,2.99,3.02,0,0,1,0,0,0,1,0,0,0,0
23.6,0,25000.0,1,3.77,90.7,4,16.7,0,0,4.2,4.0,3.77,0,0,0,1,1,0,0,0,0,1,0
20.7,1,25000.0,1,4.76,87.1,2,51.2,0,0,4.0,3.52,3.93,0,0,0,1,0,0,1,0,0,0,0
20.9,0,69081.0,1,3.85,77.6,3,36.2,1,1,5.4,0.03,0.05,1,0,0,0,0,0,0,0,0,0,0
18.9,0,67671.0,1,4.57,81.9,1,6.6,1,0,1.2,4.0,4.0,0,1,0,0,1,0,0,0,0,0,0
20.0,1,25000.0,1,5.8,74.9,0,20.1,1,0,6.2,0.72,1.24,0,0,0,1,0,0,1,0,0,1,0
19.1,1,51674.0,0,3.26,74.2,3,6.9,1,0,3.7,2.88,3.1,0,0,1,0,0,1,0,0,0,1,0
20.6,0,25000.0,0,2.17,77.1,1,20.6,1,1,2.0,0.87,0.89,0,0,0,0,1,0,0,0,0,0,0
24.8,1,73186.0,1,2.52,79.8,0,28.0,1,0,5.8,0.75,0.78,0,0,0,0,0,0,0,0,0,0,0
18.0,1,25000.0,1,3.88,82.0,4,49.2,0,0,5.8,2.62,2.78,1,0,1,0,0,0,1,0,1,0,0
17.5,1,29740.5,1,4.0,81.6,2,39.4,0,0,5.5,2.23,2.71,0,0,0,1,0,0,0,1,1,0,0
24.2,0,47652.0,1,3.59,75.1,1,26.4,0,1,5.8,2.37,2.54,0,0,0,1,0,0,0,0,0,1,0
20.5,1,87424.0,1,6.8,88.1,2,27.0,1,1,5.8,2.16,1.95,0,0,0,0,1,0,0,0,1,0,0
19.5,1,25000.0,1,2.35,90.7,2,20.4,1,0,5.6,2.24,1.92,0,0,1,0,0,0,0,1,0,0,0
23.3,1,37912.0,1,1.73,89.3,1,43.1,1,1,1.0,4.0,3.92,0,1,0,0,0,0,1,0,1,0,0
19.7,1,25000.0,1,4.3,87.6,1,44.5,0,1,5.6,3.53,3.96,0,0,1,0,0,1,0,0,0,0,0
25.0,1,49335.0,1,3.26,62.0,0,13.9,1,0,5.4,0.67,0.36,0,0,0,0,1,0,0,0,0,0,1
22.5,0,50992.0,1,3.02,74.0,1,9.4,0,0,5.2,3.13,3.64,0,0,1,0,0,0,1,0,0,0,0
19.9,1,125268.0,0,4.03,70.1,1,26.2,1,0,4.0,1.69,1.76,0,0,0,0,0,1,0,0,1,0,0
25.7,0,39705.0,0,2.4,67.8,4,27.6,1,0,6.5,1.22,1.09,0,0,1,0,0,1,0,0,0,0,0
19.7,1,45911.0,1,4.71,91.2,2,33.1,1,1,3.7,2.99,2.74,1,0,1,0,0,0,0,1,1,0,0
22.6,0,25000.0,1,4.25,95.6,3,9.9,0,0,6.8,1.63,1.24,0,1,0,0,0,0,0,0,0,0,0
21.7,0,41144.0,1,3.53,82.1,2,21.4,1,1,6.2,0.92,1.18,1,1,0,0,0,0,0,0,1,0,0
23.9,1,25000.0,1,4.27,85.8,1,29.0,1,0,8.0,1.29,0.94,0,0,0,0,0,1,0,0,0,1,0
24.4,0,31873.0,0,6.49,79.1,0,20.7,1,1,4.7,4.0,4.0,0,0,0,0,0,0,0,0,0,0,0
21.1,1,33015.0,1,3.68,91.4,3,40.3,0,0,7.9,0.87,0.81,0,1,0,0,0,0,0,0,0,1,0
19.3,0,25000.0,1,3.36,84.2,0,52.4,0,0,5.9,1.58,0.93,0,1,0,0,0,0,0,0,0,1,0
22.0,1,30877.0,1,4.87,77.8,0,23.5,0,0,5.4,2.96,2.98,0,0,0,0,0,0,1,0,0,0,0
19.5,0,25000.0,1,3.14,86.5,0,40.7,0,1,4.0,1.31,1.07,0,1,0,0,1,0,0,0,1,0,0
25.4,0,25000.0,1,4.63,80.5,1,25.7,1,0,6.2,3.28,3.51,0,0,1,0,0,0,1,0,0,0,0
21.3,0,56727.0,0,5.07,83.6,0,18.8,0,0,4.6,2.45,3.23,0,0,1,0,1,0,0,0,1,0,0
20.2,0,33033.0,1,5.82,87.5,1,21.5,0,0,5.4,1.49,1.53,0,0,0,1,0,0,0,1,1,0,0
21.4,1,36616.0,1,3.58,100.0,3,39.2,0,0,6.9,2.25,2.07,0,0,0,0,0,1,0,0,0,0,1
18.0,0,25000.0,0,2.28,96.3,0,22.3,0,0,5.4,3.78,3.98,0,0,0,0,1,0,0,0,1,0,0
18.9,0,38333.0,1,3.67,83.2,4,24.6,0,0,6.1,2.72,2.95,0,0,0,0,0,1,0,0,1,0,0
23.6,0,40874.0,1,4.23,74.5,1,16.3,1,1,8.2,2.46,2.31,0,0,0,0,0,0,0,1,0,1,0
19.6,1,25000.0,1,3.2,64.0,3,37.6,1,0,6.5,1.7,1.62,1,0,1,0,0,0,1,0,0,0,0
18.7,0,103883.0,0,4.17,92.3,1,35.5,0,1,4.3,2.79,2.99,0,0,0,0,0,0,0,1,0,0,0
22.2,1,25000.0,1,6.27,91.0,0,47.5,1,0,4.8,3.64,3.47,0,1,0,0,0,0,0,1,0,0,0
23.6,0,47602.0,0,3.26,77.0,3,37.2,0,0,5.8,1.93,2.17,0,0,1,0,0,0,0,1,0,1,0
22.6,1,45601.0,1,2.95,81.3,0,35.0,0,0,9.3,0.0,0.43,1,0,0,1,1,0,0,0,0,0,0
23.2,1,41149.0,1,5.22,83.7,1,37.0,0,1,3.1,1.75,1.84,0,1,0,0,0,0,0,1,0,0,0
19.3,0,33048.0,1,2.39,86.8,1,26.9,0,0,5.8,2.28,2.4,0,0,0,0,1,0,0,0,0,0,1
17.9,1,41374.0,1,4.02,95.2,5,31.3,0,0,8.0,1.89,2.37,0,0,1,0,1,0,0,0,1,0,0
24.3,0,50056.0,1,3.32,71.6,2,41.2,1,0,6.6,0.4,0.05,0,1,0,0,0,1,0,0,0,0,0
20.3,0,29740.5,0,4.0,87.4,1,20.2,0,1,5.5,3.93,3.26,0,0,0,1,1,0,0,0,0,0,0
20.4,1,35579.0,1,3.81,83.8,1,50.4,1,0,2.4,4.0,3.75,0,0,0,1,0,1,0,0,1,0,0
23.9,1,26636.0,1,3.18,77.9,0,37.7,1,1,8.2,1.93,1.75,0,0,1,0,0,0,0,0,0,1,0
22.2,0,25000.0,1,4.66,88.5,1,54.3,0,1,4.6,3.69,3.7,0,1,0,0,0,0,1,0,0,0,0
22.0,1,45720.0,1,4.26,81.1,2,15.9,0,1,3.8,3.14,2.63,0,0,1,0,1,0,0,0,0,1,0
25.8,0,25000.0,1,4.23,81.4,2,15.9,0,0,6.0,2.52,2.3,0,0,0,0,1,0,0,0,1,0,0
19.6,0,25000.0,0,2.77,84.5,1,34.5,0,0,8.1,1.26,1.76,0,0,0,1,0,0,0,1,0,0,0
23.0,1,25000.0,1,3.26,78.3,3,31.5,1,0,6.2,2.45,2.51,0,0,0,1,1,0,0,0,0,0,0
21.1,1,25000.0,1,4.33,87.2,2,24.5,0,0,4.8,2.96,2.9,1,0,1,0,0,0,0,0,0,1,0
21.6,1,55110.0,1,2.84,78.8,3,14.8,1,0,5.9,0.05,0.15,0,1,0,0,0,1,0,0,1,0,0
24.4,0,32595.0,1,3.95,95.5,2,26.8,0,0,5.7,2.82,2.92,0,0,1,0,0,0,0,0,0,0,0
22.1,1,68147.0,1,4.45,83.8,1,32.6,0,0,4.7,2.5,2.32,0,0,0,1,0,0,0,1,0,1,0
22.2,1,25000.0,1,4.97,76.6,0,14.3,1,0,5.6,2.88,2.65,0,0,0,0,1,0,0,0,0,1,0
23.4,0,50237.0,1,3.3,84.5,3,25.1,0,0,4.0,2.62,2.81,0,0,0,0,0,0,0,1,0,0,0
20.2,0,163370.0,1,3.49,89.9,1,34.6,0,1,3.7,2.93,2.61,0,0,0,1,1,0,0,0,0,0,0
19.2,1,36813.0,0,4.26,69.4,1,39.5,0,1,6.5,4.0,3.79,0,0,0,0,0,0,0,0,0,0,0
18.7,1,49861.0,1,3.05,92.1,2,26.6,0,1,4.8,2.44,2.26,0,1,0,0,1,0,0,0,0,1,0
17.0,0,45076.0,1,2.2,84.7,0,20.4,0,1,5.5,3.92,4.0,0,0,0,1,0,0,1,0,0,1,0
25.5,0,25000.0,1,4.46,81.8,0,31.4,1,0,4.1,2.71,2.73,0,0,1,0,0,0,1,0,1,0,0
18.6,0,42256.0,1,3.66,76.5,1,27.5,0,0,4.5,1.82,1.85,0,1,0,0,0,0,0,1,1,0,0
20.5,0,35735.0,1,4.7,84.8,1,12.4,0,0,4.6,2.97,2.81,1,0,1,0,0,0,1,0,0,0,0
20.4,0,25442.0,1,3.26,74.9,4,24.6,0,1,4.4,2.33,2.64,0,1,0,0,1,0,0,0,0,1,0
21.7,0,25000.0,0,4.11,66.1,0,22.9,1,0,4.8,1.87,1.46,0,1,0,0,0,0,1,0,1,0,0
22.8,0,45089.0,0,1.65,76.3,1,30.3,1,1,5.9,1.9,2.07,1,1,0,0,0,0,0,0,1,0,0
22.9,0,25000.0,1,4.79,79.8,0,21.2,1,1,8.0,0.42,0.21,0,1,0,0,0,0,0,0,0,0,0
19.7,0,106958.0,1,3.3,86.9,0,23.4,1,0,6.9,3.42,3.45,0,0,0,0,0,0,0,0,1,0,0
20.6,1,31841.0,1,3.82,80.2,0,27.8,1,0,4.9,2.7,2.96,0,1,0,0,0,0,0,0,0,1,0
21.6,1,25000.0,0,3.8,72.8,2,37.7,0,0,4.4,2.85,2.59,0,0,0,1,0,0,0,1,0,0,0
20.5,0,25000.0,1,3.55,76.7,1,31.1,0,1,2.3,1.86,1.96,0,0,1,0,0,0,1,0,0,0,0
24.5,1,25163.0,1,4.08,82.2,0,62.0,0,0,4.3,2.62,2.65,0,0,0,1,0,1,0,0,0,0,0
22.1,0,126428.0,1,4.02,87.2,3,14.8,0,0,3.5,3.54,3.26,0,0,0,0,0,0,0,1,1,0,0
22.6,1,25000.0,1,4.29,88.5,2,40.9,1,0,5.6,0.0,0.32,0,0,1,0,0,1,0,0,1,0,0
22.5,0,27730.0,1,2.36,71.1,3,29.1,0,0,8.5,0.0,0.0,1,0,0,0,0,0,0,1,0,0,0
23.6,1,25000.0,1,5.0,82.4,3,13.3,0,1,4.8,4.0,3.63,0,0,1,0,0,1,0,0,1,0,0
21.4,0,40117.0,1,3.84,88.2,2,25.5,0,0,2.9,1.84,2.33,0,0,1,0,0,0,0,0,1,0,0
18.1,0,25000.0,1,4.44,75.0,1,11.8,1,0,5.1,1.42,1.27,1,1,0,0,0,0,1,0,1,0,0
21.9,1,25000.0,1,3.83,96.4,0,31.0,0,0,4.7,3.45,2.96,0,0,0,0,1,0,0,0,1,0,0
19.6,0,26445.0,1,2.61,78.0,2,26.3,1,0,7.8,1.94,2.19,1,1,0,0,1,0,0,0,0,0,0
19.8,1,25000.0,1,7.29,90.2,3,21.8,1,1,2.1,2.78,3.07,0,0,0,0,0,0,0,1,1,0,0
22.3,1,25000.0,1,4.16,87.5,0,17.3,0,1,3.7,4.0,4.0,0,0,0,1,0,1,0,0,1,0,0
23.7,1,25000.0,1,1.95,76.5,1,42.2,0,1,6.9,1.98,1.93,0,0,0,0,0,0,1,0,0,0,0
21.0,1,60525.0,1,3.88,82.1,0,28.1,0,0,2.7,4.0,3.92,0,0,0,0,1,0,0,0,0,0,0
21.7,0,25000.0,0,3.49,92.9,2,32.5,1,1,6.5,1.52,0.89,0,0,0,0,0,0,1,0,0,0,0
24.7,1,25000.0,1,3.79,77.7,1,32.1,0,1,4.3,1.1,1.08,1,0,1,0,1,0,0,0,1,0,0
21.5,0,25000.0,1,1.87,83.4,2,31.3,0,0,7.3,1.17,1.5,1,1,0,0,0,0,1,0,1,0,0
26.7,1,30718.0,1,4.04,70.0,1,26.1,1,0,5.4,1.08,0.86,0,1,0,0,1,0,0,0,0,1,0
22.2,0,25000.0,1,2.87,84.9,2,48.2,0,0,5.2,0.38,0.03,1,0,0,1,0,1,0,0,1,0,0
17.1,1,78872.0,0,5.92,78.8,1,56.8,1,0,6.6,2.28,1.86,0,1,0,0,1,0,0,0,1,0,0
22.7,0,50038.0,1,3.86,86.2,0,47.4,0,0,5.5,2.94,2.56,0,0,0,1,0,0,0,0,0,0,0
21.8,0,70130.0,1,4.93,75.2,2,30.3,1,0,3.3,3.76,3.37,0,0,0,1,1,0,0,0,0,0,0
23.8,0,37619.0,1,5.15,84.6,7,29.4,0,0,4.6,0.56,0.75,1,0,0,0,0,0,0,0,1,0,0
22.5,1,25000.0,1,4.58,79.2,1,43.1,1,1,2.6,3.54,3.27,0,1,0,0,0,1,0,0,1,0,0
20.7,0,74697.0,1,4.21,60.9,2,20.9,1,0,3.9,2.82,2.44,0,0,0,1,0,0,0,1,0,0,0
18.3,1,25000.0,1,5.43,82.7,1,50.5,1,0,1.7,3.26,3.02,0,0,1,0,0,0,0,1,0,0,0
20.5,1,25000.0,1,3.19,92.1,1,39.5,0,0,9.7,0.23,0.29,0,0,1,0,0,0,1,0,0,0,0
19.1,1,32656.0,1,4.97,73.2,2,26.6,0,1,5.5,2.65,3.03,0,0,0,0,1,0,0,0,1,0,0
19.7,1,67978.0,1,3.46,76.8,1,33.4,1,1,6.5,1.66,2.16,1,1,0,0,1,0,0,0,0,0,0
22.3,1,55936.0,0,4.12,92.6,0,37.5,1,0,4.0,2.62,3.07,0,0,1,0,0,0,0,0,0,0,0
24.7,0,51214.0,1,2.43,86.5,0,24.9,0,1,6.4,1.62,1.23,0,0,1,0,0,0,0,0,0,0,0
21.9,1,25000.0,0,2.3,79.4,3,42.4,0,0,6.9,3.31,3.87,0,0,0,0,0,0,1,0,1,0,0
18.4,1,25000.0,1,3.9,84.4,0,45.3,0,0,7.2,1.35,1.73,0,0,1,0,0,1,0,0,0,0,0
22.0,1,36591.0,1,5.39,77.0,2,26.8,0,0,5.4,1.3,1.46,0,0,1,0,0,0,0,1,1,0,0
23.6,0,27500.0,1,3.74,100.0,0,24.3,0,0,7.3,2.45,1.91,0,1,0,0,0,0,0,0,0,0,0
19.7,0,50695.0,1,6.2,89.1,4,28.7,1,0,4.4,3.89,4.0,0,0,0,0,0,1,0,0,1,0,0
20.7,1,29740.5,1,4.0,95.7,3,16.1,0,1,5.5,2.81,2.74,0,0,0,0,0,0,0,1,0,1,0
21.0,0,42396.0,1,3.78,82.7,4,10.0,0,0,5.6,3.08,2.76,0,0,1,0,0,0,0,1,0,0,0
19.3,0,25000.0,1,5.93,71.8,3,24.8,1,1,3.4,4.0,3.95,1,0,0,1,1,0,0,0,0,0,0
22.4,1,32106.0,1,5.7,86.0,1,18.5,0,0,2.2,4.0,3.99,0,0,1,0,0,0,0,1,0,0,0
20.7,0,27853.0,1,2.23,92.0,0,51.2,0,1,5.0,2.81,2.61,0,0,0,0,0,1,0,0,0,1,0
21.9,0,32886.0,1,3.95,92.4,2,24.5,0,0,5.0,0.83,0.54,1,1,0,0,0,0,0,1,0,0,1
19.0,0,25000.0,1,4.67,68.5,3,35.5,0,0,5.0,1.86,2.27,0,0,1,0,0,0,0,0,0,0,1
20.0,1,25000.0,1,4.94,83.7,1,22.5,1,1,7.4,2.07,2.44,0,0,0,0,0,1,0,0,0,0,0
22.6,1,39257.0,1,4.79,69.2,2,51.4,1,0,8.0,1.05,0.88,1,0,0,0,0,0,0,1,1,0,0
20.2,1,25000.0,0,3.79,77.3,3,27.7,1,0,6.7,2.11,2.69,1,0,1,0,0,0,1,0,0,1,0
24.8,0,41974.0,1,3.6,86.7,2,15.1,0,0,6.6,2.78,2.82,0,1,0,0,0,0,1,0,0,0,0
20.1,0,25000.0,1,3.86,92.7,3,38.0,0,0,5.4,4.0,4.0,0,0,1,0,0,1,0,0,0,0,0
21.5,1,69532.0,1,3.03,83.8,3,33.1,1,0,5.8,1.98,2.07,0,1,0,0,0,0,0,0,0,0,0
23.1,1,54211.0,1,2.23,72.8,0,44.4,1,0,6.3,2.48,1.91,1,1,0,0,0,0,0,1,0,0,0
17.9,0,35529.0,1,4.67,86.8,2,28.2,1,1,5.8,2.77,2.14,0,0,0,0,0,0,0,0,0,0,0
17.1,0,26161.0,0,4.75,75.2,1,31.3,1,1,6.6,3.36,3.08,0,0,0,1,1,0,0,0,0,1,0
17.6,0,49585.0,1,6.28,79.7,1,11.9,1,1,5.6,2.58,1.93,0,0,0,0,0,1,0,0,0,0,0
23.8,0,37629.0,1,3.23,82.7,2,40.0,1,0,4.6,2.8,2.6,0,1,0,0,1,0,0,0,0,0,0
19.8,0,34309.0,1,4.48,76.6,0,30.8,0,0,6.0,2.14,2.12,0,0,0,1,0,1,0,0,0,0,0
26.6,1,55588.0,1,3.67,87.1,4,28.5,0,1,5.1,3.33,3.35,0,1,0,0,0,1,0,0,0,0,0
19.8,1,69977.0,1,3.81,88.0,4,27.2,1,1,8.1,2.85,2.68,1,0,1,0,0,0,0,1,0,1,0
21.4,1,25000.0,1,3.18,90.2,1,26.6,0,0,4.7,3.11,3.14,0,1,0,0,0,0,0,0,0,0,0
24.4,0,29740.5,1,4.0,93.4,1,40.2,0,1,5.5,1.2,1.37,0,0,0,1,0,0,0,0,0,0,0
25.4,1,25000.0,1,5.8,80.9,3,18.9,1,1,8.5,2.39,2.48,0,0,1,0,0,0,0,0,0,0,0
25.5,1,25000.0,1,3.44,72.2,0,38.9,0,0,3.5,2.34,2.53,1,0,0,0,1,0,0,0,0,1,0
23.7,1,28634.0,1,4.53,73.0,2,10.7,1,1,7.8,1.66,1.03,1,0,0,1,0,0,1,0,0,1,0
23.3,1,29740.5,1,4.0,95.9,1,7.0,1,0,5.5,2.66,2.79,0,0,0,0,0,0,0,0,0,1,0
22.3,0,29353.0,1,2.1,94.9,1,46.9,1,0,6.5,0.15,0.41,1,0,1,0,0,0,0,1,0,0,0
22.7,1,25000.0,1,3.8,92.7,1,17.7,0,0,8.3,1.58,1.07,0,0,0,0,0,1,0,0,0,0,0
19.8,1,58447.0,1,6.49,77.3,3,31.3,0,1,4.1,2.58,2.54,1,0,0,1,0,0,1,0,1,0,0
19.2,0,32349.0,1,2.94,95.5,0,26.8,0,0,4.7,2.44,2.16,0,1,0,0,0,0,0,0,0,1,0
21.0,1,36526.0,1,2.74,80.6,2,34.1,0,0,6.9,0.37,0.48,0,0,1,0,0,0,1,0,0,0,0
20.6,0,59429.0,1,2.86,84.7,1,30.6,1,0,4.8,2.72,3.33,0,0,1,0,0,0,1,0,0,0,0
20.0,0,27613.0,1,6.35,88.6,2,42.5,0,0,1.5,4.0,4.0,0,0,0,0,0,0,0,1,0,1,0
22.5,0,102347.0,1,5.44,92.1,1,12.8,0,0,7.2,4.0,4.0,0,0,1,0,0,1,0,0,0,1,0
23.1,0,25000.0,1,4.82,86.3,1,38.1,0,1,6.2,2.47,2.16,0,0,1,0,0,0,1,0,0,1,0
21.2,1,98594.0,1,5.76,93.0,3,29.4,0,0,5.5,1.93,1.99,0,1,0,0,1,0,0,0,0,1,0
24.3,0,29740.5,1,4.0,82.1,2,11.6,0,1,5.5,1.77,1.61,0,0,0,1,0,0,0,0,0,1,0
18.5,1,40558.0,1,3.86,80.4,1,23.6,0,1,9.5,0.98,0.94,0,0,0,0,0,1,0,0,0,0,0
20.6,1,25000.0,1,3.41,79.4,2,10.8,0,0,7.3,0.44,0.78,1,1,0,0,0,0,0,1,1,0,0
19.4,1,29740.5,1,4.0,57.8,3,9.9,1,1,5.5,2.33,2.12,0,0,0,1,0,0,1,0,0,0,0
17.0,1,29740.5,1,4.0,44.6,1,24.8,1,0,5.5,1.27,1.35,1,0,0,0,0,1,0,0,1,0,0
20.8,0,35402.0,1,2.81,90.3,0,44.2,1,0,7.6,1.29,1.47,0,1,0,0,0,0,1,0,1,0,0
20.7,1,25000.0,1,4.68,80.1,0,33.8,1,0,7.6,2.42,2.96,0,0,0,0,0,0,0,1,0,0,1
24.3,0,52174.0,1,3.58,87.9,4,45.6,1,1,2.8,1.81,2.35,1,1,0,0,1,0,0,0,1,0,0
22.4,1,25000.0,1,5.44,86.8,3,30.9,1,1,4.6,3.59,3.42,0,1,0,0,0,0,0,1,0,0,0
18.7,1,81638.0,1,2.74,83.3,3,48.6,1,0,3.5,2.59,2.73,0,0,0,1,1,0,0,0,0,0,0
25.1,0,25000.0,1,4.74,89.6,1,47.4,0,0,6.7,3.55,4.0,0,0,0,1,0,1,0,0,1,0,0
23.7,1,25000.0,1,4.21,90.6,3,18.6,0,0,3.9,3.48,3.28,0,0,0,1,1,0,0,0,0,0,0
22.3,0,52624.0,1,4.24,74.4,1,30.9,1,0,8.3,1.5,1.18,1,0,0,1,0,0,1,0,0,0,0
20.5,1,25000.0,1,4.36,94.3,2,21.3,1,0,7.8,2.55,2.0,0,0,1,0,0,1,0,0,0,0,0
18.9,1,29604.0,1,3.75,88.9,0,28.3,1,1,5.1,3.7,3.95,0,1,0,0,1,0,0,0,1,0,0
20.2,1,25000.0,1,4.65,75.0,2,49.9,0,0,3.2,1.83,2.14,0,0,0,1,0,0,0,1,1,0,0
23.4,0,25000.0,1,4.37,76.8,1,22.3,0,0,4.1,1.58,1.43,0,1,0,0,0,0,0,1,0,0,0
25.1,1,28390.0,1,4.15,72.1,0,15.8,0,1,6.3,0.77,1.16,0,0,0,1,0,0,1,0,1,0,0
24.4,1,63510.0,1,5.57,87.0,1,16.6,0,0,7.0,3.6,3.87,0,0,0,1,0,0,0,0,1,0,0
19.9,1,54278.0,1,2.25,80.6,1,25.3,0,0,5.4,0.0,0.01,1,0,1,0,0,1,0,0,0,0,0
18.5,0,34169.0,1,4.76,62.1,1,74.9,1,0,1.0,3.6,3.87,0,0,1,0,0,0,0,1,0,0,0
21.3,0,57951.0,1,4.29,77.6,1,47.7,0,0,6.7,0.12,0.0,1,0,0,0,0,0,0,0,0,1,0
17.1,0,25000.0,0,4.65,79.0,1,5.0,0,0,1.9,2.97,3.17,0,0,0,0,1,0,0,0,0,0,1
21.7,1,25000.0,1,4.78,82.8,2,29.6,1,0,1.7,2.92,3.12,0,1,0,0,0,0,0,1,0,0,0
20.7,0,37703.0,1,4.86,69.7,1,22.5,0,0,7.3,2.27,2.74,1,0,0,1,0,0,1,0,1,0,0
20.0,0,27495.0,1,3.5,82.9,2,41.8,1,0,3.4,1.99,1.8,0,1,0,0,0,0,1,0,1,0,0
17.5,0,25640.0,1,3.15,94.0,2,15.9,1,0,6.0,0.46,0.81,1,0,0,1,0,1,0,0,1,0,0
22.1,0,25000.0,1,4.61,83.5,2,17.6,0,0,5.7,2.45,2.35,0,0,1,0,0,0,0,1,0,0,0
19.8,0,25000.0,1,5.92,86.7,0,23.1,0,0,4.1,2.43,2.75,0,0,0,1,0,1,0,0,0,1,0
18.4,1,48568.0,1,3.73,94.5,3,21.7,0,1,5.9,2.41,2.23,0,0,0,1,0,0,0,0,0,0,0
17.0,0,34404.0,1,2.68,81.2,0,37.8,0,1,4.5,1.46,1.08,0,0,0,0,0,1,0,0,1,0,0
20.9,0,51083.0,1,5.03,81.0,2,26.0,0,0,5.6,2.54,2.24,0,0,0,0,1,0,0,0,0,1,0
24.9,1,25000.0,1,2.92,84.8,0,42.0,0,1,4.8,1.96,2.36,0,0,0,0,0,0,1,0,0,0,1
24.7,1,25000.0,1,4.41,74.9,1,20.3,0,0,4.6,2.04,2.36,1,0,0,1,0,0,0,1,0,0,0
20.0,0,29850.0,1,2.7,76.4,2,40.4,0,1,4.3,3.31,3.12,0,0,0,1,0,0,0,0,0,0,1
19.7,1,49638.0,0,3.63,65.7,0,16.1,0,0,3.9,1.62,1.45,0,1,0,0,1,0,0,0,0,0,0
22.0,0,25877.0,1,3.98,100.0,3,37.4,0,0,7.0,1.19,0.86,0,0,0,0,0,0,1,0,0,0,0
18.8,1,48102.0,1,3.62,88.6,1,24.0,1,0,4.7,2.84,2.32,0,0,0,1,0,0,0,0,0,0,0
21.7,1,25000.0,1,4.3,74.4,3,40.7,1,1,3.5,2.75,2.41,0,0,0,1,0,0,0,1,1,0,0
22.7,1,26988.0,1,4.42,90.2,1,5.0,1,0,4.8,2.04,1.99,0,1,0,0,0,0,1,0,0,0,0
23.7,1,28508.0,1,3.34,75.5,2,20.6,1,0,4.5,2.24,2.29,0,0,1,0,0,0,0,1,1,0,0
20.8,1,62059.0,1,3.28,82.5,1,44.0,1,0,4.8,3.91,3.88,0,0,0,1,0,0,0,0,0,0,0
20.6,1,33677.0,1,5.64,82.5,2,27.6,1,0,6.8,4.0,3.56,0,0,1,0,1,0,0,0,0,0,0
19.1,0,84766.0,0,3.69,78.4,2,9.6,1,0,4.4,1.72,1.67,1,0,0,1,0,0,0,0,0,1,0
19.2,0,25000.0,0,4.39,75.5,1,21.5,0,0,4.8,1.82,1.68,0,1,0,0,0,0,0,0,0,1,0
20.5,1,32143.0,1,2.22,91.7,2,34.6,1,1,6.7,0.97,0.95,0,0,1,0,0,0,1,0,1,0,0
21.8,0,33112.0,1,6.34,82.7,2,20.3,0,0,6.3,2.27,2.35,0,1,0,0,0,0,0,1,1,0,0
23.0,0,43134.0,1,4.59,95.5,2,43.9,1,0,4.3,4.0,4.0,0,0,0,1,1,0,0,0,0,1,0
19.2,0,25000.0,1,1.37,73.7,1,43.0,0,0,7.2,0.31,0.03,1,0,1,0,0,0,0,1,0,1,0
24.3,0,29740.5,1,4.0,78.2,1,38.0,0,1,5.5,0.43,0.96,1,0,1,0,0,0,0,0,0,0,0
20.4,1,29965.0,1,3.06,81.6,1,42.4,1,0,7.0,0.95,0.95,1,1,0,0,1,0,0,0,1,0,0
21.0,1,25000.0,1,6.22,90.8,1,23.8,0,1,6.0,4.0,3.96,0,1,0,0,0,0,0,0,1,0,0
19.4,1,29448.0,1,7.28,75.7,2,47.8,0,0,5.2,3.54,3.58,0,0,0,0,1,0,0,0,0,0,0
17.0,1,29740.5,1,4.0,86.6,1,42.9,1,0,5.5,2.5,2.4,0,1,0,0,1,0,0,0,0,0,0
22.9,0,157935.0,0,5.42,84.7,0,28.5,1,0,3.0,3.21,3.17,0,1,0,0,0,1,0,0,0,1,0
22.6,1,55824.0,1,5.62,93.4,3,10.5,0,0,5.3,2.95,3.08,0,0,0,1,0,0,1,0,0,0,0
20.4,0,30632.0,1,2.57,86.0,2,5.0,0,0,5.5,1.95,2.43,1,1,0,0,0,0,0,1,0,0,0
21.1,0,27802.0,1,3.91,67.6,3,41.9,1,0,5.0,0.0,0.06,0,0,0,1,0,0,1,0,0,0,0
22.1,0,52609.0,0,3.89,73.9,3,10.7,0,1,5.3,2.22,2.54,0,0,1,0,0,0,0,0,0,0,0
17.6,0,54139.0,1,5.8,74.3,1,18.9,0,1,8.0,2.25,2.56,0,0,1,0,1,0,0,0,1,0,0
19.8,1,25000.0,1,6.73,78.4,2,35.7,0,0,8.4,1.96,2.01,0,0,0,1,1,0,0,0,1,0,0
22.7,1,43730.0,1,6.88,92.6,0,14.4,0,0,3.5,4.0,4.0,0,0,0,0,1,0,0,0,0,1,0
18.2,1,30236.0,1,4.65,79.9,2,59.2,0,0,6.0,1.56,1.91,1,0,1,0,0,0,0,1,1,0,0
21.6,0,25000.0,1,4.5,82.3,3,32.8,1,0,5.6,2.07,2.17,0,1,0,0,0,0,0,0,0,1,0
18.0,0,50419.0,1,3.42,80.2,2,47.7,0,0,6.7,1.85,1.92,0,0,1,0,0,1,0,0,0,0,0
22.0,0,114429.0,1,4.08,86.3,0,42.5,0,0,8.6,1.78,2.03,0,1,0,0,0,0,0,1,1,0,0
20.9,1,29740.5,1,4.0,76.2,2,5.0,1,0,5.5,2.04,1.83,1,0,1,0,1,0,0,0,1,0,0
17.4,0,57541.0,1,5.24,80.6,0,38.9,1,0,6.8,2.82,2.83,1,1,0,0,0,1,0,0,1,0,0
23.6,1,87770.0,1,4.72,80.5,3,29.8,1,1,5.6,3.86,3.69,0,0,1,0,0,0,1,0,0,0,0
19.4,1,29740.5,0,4.0,81.4,2,29.3,1,0,5.5,1.87,1.67,0,1,0,0,0,0,0,0,1,0,0
19.2,0,25000.0,1,6.52,77.5,2,29.7,1,1,10.0,1.89,1.84,1,0,1,0,1,0,0,0,1,0,0
21.4,1,44096.0,1,4.61,71.3,4,42.7,0,0,4.1,0.33,0.0,1,0,0,0,0,0,1,0,0,0,0
23.5,0,25628.0,1,4.26,89.5,1,49.7,0,0,7.0,1.95,1.52,1,1,0,0,1,0,0,0,0,0,0
18.8,1,25000.0,0,5.17,81.1,1,15.7,1,0,5.0,1.56,2.05,0,0,1,0,0,0,0,1,0,0,0
21.1,0,28370.0,1,3.17,91.0,1,30.9,0,0,3.1,0.97,0.63,1,0,0,0,0,0,0,1,0,0,0
21.9,1,46006.0,1,3.05,85.8,1,46.8,0,0,8.6,0.9,0.99,0,0,1,0,0,0,0,1,0,1,0
22.5,0,27190.0,0,3.52,86.1,1,27.5,1,0,2.4,3.05,2.66,0,0,1,0,0,0,0,0,1,0,0
21.4,0,25000.0,1,2.69,91.0,1,32.4,1,1,1.6,4.0,3.74,0,1,0,0,0,0,0,0,0,0,0
20.2,0,26001.0,1,4.15,100.0,2,32.6,1,1,6.8,3.25,2.89,0,1,0,0,0,1,0,0,1,0,0
19.2,1,29387.0,1,1.35,92.4,2,55.4,0,1,5.0,1.28,1.76,1,1,0,0,0,0,0,1,1,0,0
21.2,0,25000.0,1,3.38,89.1,2,39.0,1,0,6.3,3.13,3.41,0,0,1,0,0,1,0,0,0,1,0
18.6,1,27292.0,1,1.44,84.3,1,54.8,1,0,5.5,1.75,2.02,1,1,0,0,1,0,0,0,0,0,1
17.0,1,25000.0,1,3.66,92.1,6,50.9,1,1,6.6,1.86,1.9,1,0,0,1,0,1,0,0,0,0,0
22.0,1,44153.0,1,3.72,76.0,4,27.3,0,0,5.0,1.24,1.58,0,0,0,0,0,0,0,1,1,0,0
23.0,0,29740.5,1,4.0,86.7,3,33.6,0,1,5.5,0.64,0.49,0,0,0,0,0,0,0,0,1,0,0
17.0,1,54591.0,1,4.37,92.2,3,54.6,0,0,7.2,2.86,3.36,0,1,0,0,1,0,0,0,1,0,0
18.8,0,25000.0,1,2.99,89.6,3,16.3,0,0,8.3,3.15,3.11,0,0,0,0,0,1,0,0,1,0,0
22.4,0,25000.0,1,3.5,81.4,3,39.1,1,0,7.8,2.55,2.04,0,1,0,0,0,1,0,0,1,0,0
25.5,1,35478.0,1,5.86,85.6,0,39.3,0,0,5.3,2.2,1.93,0,0,0,0,0,0,0,0,0,0,0
21.0,0,25000.0,1,2.58,79.4,2,26.7,1,0,6.8,1.8,1.86,0,0,1,0,0,0,0,0,0,0,0
19.4,1,35145.0,1,6.78,75.9,1,25.4,1,1,6.3,1.57,1.46,1,0,0,1,0,0,0,0,0,0,0
20.6,0,25000.0,1,4.55,93.6,3,27.1,0,1,6.3,2.43,2.18,0,0,0,0,0,0,0,0,1,0,0
24.0,1,25000.0,0,2.32,78.5,0,38.4,0,0,3.1,2.69,2.52,0,1,0,0,0,0,0,0,0,0,0
19.6,1,37919.0,1,2.65,78.5,5,47.7,1,0,6.9,0.24,0.08,1,0,0,1,0,0,1,0,1,0,0
19.2,1,25000.0,1,5.08,78.6,0,38.9,1,0,6.6,2.29,2.44,0,0,0,0,0,0,1,0,1,0,0
19.9,1,25000.0,1,4.96,76.4,1,14.9,1,0,8.8,1.0,0.61,1,0,1,0,0,0,0,0,1,0,0
18.9,1,34508.0,1,4.56,76.2,3,48.1,0,0,7.6,1.74,1.34,0,0,1,0,0,0,0,1,1,0,0
21.3,1,29740.5,1,4.0,68.2,2,44.3,1,0,5.5,1.6,1.35,0,0,0,0,0,1,0,0,0,0,0
24.6,1,32900.0,1,3.86,69.6,1,27.1,0,0,5.3,2.94,2.84,0,0,0,0,0,0,1,0,0,0,0
21.7,1,36192.0,1,2.99,80.5,3,22.1,0,0,3.7,3.92,3.61,0,1,0,0,0,0,1,0,1,0,0
20.4,1,30774.0,0,4.51,85.7,2,19.1,1,1,8.8,1.16,1.42,1,0,0,1,1,0,0,0,1,0,0
20.4,0,42824.0,1,6.1,68.6,0,42.9,0,1,3.6,4.0,3.43,0,0,0,0,0,0,1,0,0,1,0
17.6,0,31523.0,1,3.96,83.5,0,7.4,1,0,2.1,4.0,3.52,0,1,0,0,0,1,0,0,0,1,0
22.9,0,25000.0,1,4.34,92.3,2,43.2,0,1,7.1,3.05,3.06,0,0,0,0,0,0,0,0,0,0,0
20.8,0,25000.0,1,5.33,78.2,3,24.6,0,0,5.7,1.65,1.86,0,0,0,0,1,0,0,0,1,0,0
20.6,0,94539.0,1,3.32,74.1,1,33.4,0,0,6.0,1.82,2.13,1,0,1,0,0,0,0,1,0,0,0
28.0,0,29734.0,1,4.54,81.5,3,5.0,1,0,5.8,2.01,2.88,0,0,0,1,0,0,0,0,1,0,0
21.7,1,52583.0,1,5.04,86.2,2,8.7,0,1,3.6,4.0,4.0,0,0,0,1,1,0,0,0,1,0,0
19.3,0,29740.5,1,4.0,77.5,4,21.8,1,0,5.5,3.78,3.68,0,0,1,0,0,0,1,0,1,0,0
20.1,1,28715.0,1,2.31,89.6,0,19.1,0,0,4.9,2.6,2.45,0,0,0,0,0,0,0,1,0,1,0
23.5,0,25000.0,1,3.71,85.8,4,39.1,1,0,4.7,2.91,3.52,0,1,0,0,0,0,0,1,0,0,0
21.2,0,130556.0,1,5.11,95.8,2,33.6,0,0,8.1,3.38,3.7,0,0,1,0,1,0,0,0,0,0,0
17.8,1,34612.0,1,2.09,68.5,0,53.2,0,0,6.9,1.54,1.51,1,0,0,0,0,0,0,1,1,0,0
23.0,0,25000.0,1,4.31,70.7,0,36.2,0,0,1.4,4.0,3.87,0,0,0,1,0,1,0,0,0,0,1
19.5,1,25000.0,1,3.76,78.7,2,22.2,1,0,5.9,2.36,2.46,0,1,0,0,0,1,0,0,1,0,0
25.1,1,97172.0,1,3.71,71.3,2,44.7,0,1,7.4,0.93,0.53,0,1,0,0,0,1,0,0,0,0,0
23.4,1,26958.0,1,4.39,94.6,1,24.4,1,0,3.3,3.78,3.47,1,0,1,0,1,0,0,0,0,0,0
20.0,0,46469.0,1,1.8,83.9,2,23.8,1,0,3.9,4.0,3.65,0,0,0,0,0,0,1,0,0,1,0
23.8,0,49692.0,0,5.55,79.4,1,30.0,0,0,7.3,1.16,0.91,0,0,0,0,0,0,0,1,0,0,0
21.1,0,25000.0,1,2.84,94.4,2,49.4,0,1,4.7,1.52,1.53,0,1,0,0,0,0,0,0,1,0,0
22.9,1,44510.0,1,4.47,84.3,1,42.6,1,0,1.9,3.61,3.74,0,0,0,1,0,0,0,1,1,0,0
22.1,1,25000.0,1,4.91,80.3,2,42.2,0,1,7.7,1.55,1.17,1,0,0,0,0,0,0,1,0,1,0
19.1,0,29740.5,1,4.0,75.7,1,53.5,0,0,5.5,1.28,1.07,0,0,0,0,0,0,0,0,0,0,0
19.6,1,59795.0,1,3.96,86.4,2,42.0,1,0,6.2,2.47,2.7,0,0,1,0,0,0,0,1,0,0,0
23.3,0,27040.0,1,2.1,86.2,5,15.3,0,0,5.4,0.73,0.67,1,1,0,0,1,0,0,0,0,0,0
20.3,1,40583.0,1,1.93,87.5,1,36.5,0,0,7.5,0.29,0.15,0,0,0,1,1,0,0,0,0,0,0
20.1,1,38046.0,1,5.66,88.4,1,49.5,0,1,3.5,3.96,3.73,0,0,1,0,0,0,0,1,1,0,0
18.9,1,43598.0,1,3.27,93.6,1,11.8,0,1,6.7,4.0,4.0,0,0,1,0,0,0,0,1,0,0,0
21.9,0,25000.0,1,3.51,75.4,2,29.8,1,0,7.9,3.46,2.68,0,0,1,0,0,1,0,0,0,0,1
25.5,1,25000.0,1,2.53,99.9,0,17.2,0,0,3.1,2.75,3.41,0,0,0,1,0,0,0,1,0,0,0
18.7,1,25000.0,1,3.5,96.4,0,31.5,0,0,4.2,3.69,3.55,0,1,0,0,0,0,0,1,1,0,0
21.1,1,25000.0,0,6.27,95.7,3,43.6,0,1,8.5,2.45,2.46,0,0,0,0,0,1,0,0,0,0,0
24.1,1,38461.0,1,4.04,80.4,4,46.1,0,0,7.4,3.32,3.4,0,0,0,0,0,0,0,1,0,0,0
20.8,1,60605.0,1,2.95,76.3,2,27.8,1,1,4.0,2.78,3.07,0,1,0,0,0,1,0,0,0,1,0
22.0,1,66643.0,1,5.36,82.8,3,37.9,1,1,3.3,4.0,3.74,0,0,1,0,0,0,0,1,1,0,0
18.7,0,25000.0,1,0.76,84.3,1,12.0,1,0,6.0,0.57,0.62,0,1,0,0,0,1,0,0,1,0,0
21.9,1,35425.0,1,3.99,88.9,1,9.0,0,0,6.1,4.0,3.8,0,0,0,1,1,0,0,0,0,0,0
20.6,0,38847.0,1,3.54,80.7,3,43.4,0,1,5.4,2.65,2.8,0,0,0,0,0,0,0,0,1,0,0
23.2,0,43164.0,1,3.64,89.4,1,5.0,0,1,9.7,1.47,1.48,0,0,0,1,0,0,0,0,1,0,0
23.6,1,25000.0,0,2.13,79.2,2,21.8,1,0,6.7,0.55,0.46,0,0,0,0,0,1,0,0,0,1,0
26.7,1,88641.0,1,3.81,82.4,2,38.1,0,1,4.0,1.55,1.99,1,0,0,1,1,0,0,0,0,0,1
22.3,0,29740.5,0,4.0,87.8,3,32.6,1,1,5.5,1.44,1.22,0,0,0,0,0,0,0,1,0,1,0
21.7,1,52659.0,1,2.76,83.0,1,5.0,1,0,5.6,2.29,2.4,0,0,0,0,1,0,0,0,1,0,0
21.4,1,61211.0,0,3.48,76.6,0,36.3,1,1,4.3,3.09,3.15,0,0,1,0,0,1,0,0,0,1,0
20.2,1,40965.0,1,1.48,74.8,2,19.7,0,0,7.1,0.29,0.34,1,1,0,0,1,0,0,0,1,0,0
21.7,0,25000.0,0,6.83,90.5,1,31.4,0,0,8.2,2.84,2.67,0,0,1,0,0,0,0,1,0,1,0
20.4,0,27354.0,1,0.5,86.0,0,22.5,1,1,5.9,2.38,2.07,0,1,0,0,0,0,0,0,0,1,0
21.4,0,25000.0,1,3.81,93.1,5,21.7,0,0,3.7,3.81,3.41,0,0,1,0,0,0,0,0,0,0,0
23.9,0,38141.0,1,3.78,91.2,2,8.4,0,1,5.7,2.29,2.35,0,1,0,0,1,0,0,0,1,0,0
18.8,1,26862.0,1,3.26,79.7,3,25.7,1,1,3.8,4.0,3.96,0,0,0,1,1,0,0,0,0,0,0
23.5,1,29018.0,1,3.69,90.1,3,44.8,0,0,5.9,2.4,2.61,0,0,0,1,0,0,1,0,0,0,0
23.9,1,61230.0,1,4.83,84.8,2,24.9,0,0,6.9,2.19,2.35,0,0,0,1,0,0,0,0,1,0,0
20.7,1,25000.0,1,2.37,81.1,2,25.5,0,0,1.9,2.42,2.59,0,0,0,1,1,0,0,0,0,0,0
17.0,1,25559.0,0,1.69,100.0,3,21.5,0,1,6.8,1.39,1.15,1,0,1,0,0,1,0,0,1,0,0
19.7,1,30127.0,1,3.31,100.0,3,14.6,0,0,4.8,1.98,2.14,0,1,0,0,1,0,0,0,0,0,0
23.9,1,25000.0,0,0.5,87.2,4,18.0,0,0,4.5,1.98,2.02,0,0,1,0,1,0,0,0,1,0,0
20.9,1,25346.0,0,2.86,75.2,1,32.7,1,0,3.1,1.11,0.98,1,0,0,1,0,0,1,0,0,0,0
18.8,1,25000.0,1,3.3,78.2,0,59.5,0,0,3.6,1.88,1.86,0,0,0,0,0,1,0,0,0,1,0
19.9,0,25000.0,1,4.12,77.7,0,41.7,0,0,8.7,0.41,1.13,1,0,0,0,0,0,1,0,1,0,0
22.8,0,49668.0,1,5.68,88.5,3,37.4,0,0,7.0,1.19,1.16,1,0,1,0,0,1,0,0,1,0,0
22.2,0,38885.0,1,4.39,85.1,3,53.9,1,0,7.8,0.8,0.8,1,0,0,1,0,0,0,0,0,0,0
20.5,1,25000.0,1,4.45,79.5,3,35.6,1,0,4.0,3.01,3.02,0,0,0,0,0,0,0,0,1,0,0
20.2,1,30469.0,1,3.06,98.5,1,42.9,1,0,8.7,1.75,1.71,0,0,0,0,0,0,0,1,1,0,0
20.1,1,25000.0,1,3.21,78.6,1,32.6,0,0,5.4,3.52,3.49,0,0,0,0,0,1,0,0,0,0,0
19.0,1,29691.0,1,3.24,96.9,1,35.4,0,0,4.1,4.0,4.0,0,0,0,0,1,0,0,0,0,0,0
24.6,1,172507.0,1,3.83,91.4,0,13.1,1,0,3.6,2.95,2.64,1,0,0,0,0,0,0,0,0,1,0
20.3,0,89992.0,1,3.42,87.2,3,26.3,1,0,3.6,1.47,1.47,1,0,1,0,0,0,0,0,0,0,1
23.7,0,30686.0,1,4.42,75.8,0,23.3,0,1,4.2,2.64,2.63,0,0,0,0,0,0,0,0,0,1,0
24.3,1,32731.0,1,4.8,94.8,2,22.6,0,1,3.9,4.0,3.95,0,0,0,0,1,0,0,0,0,0,0
23.2,1,25000.0,1,5.66,97.8,1,21.9,0,1,7.1,2.53,2.39,0,0,1,0,0,1,0,0,0,1,0
20.1,1,25000.0,1,4.36,83.9,4,47.2,1,0,10.0,2.08,1.92,1,0,1,0,0,0,0,1,0,0,0
21.9,1,36950.0,1,4.42,92.0,0,25.6,0,0,5.1,2.93,3.0,0,0,0,0,1,0,0,0,0,0,0
20.9,1,25000.0,1,5.51,82.8,0,28.3,0,1,5.1,2.76,2.84,0,1,0,0,0,0,0,1,0,0,0
19.0,1,51149.0,1,4.94,94.0,3,57.2,1,1,2.2,4.0,4.0,0,0,1,0,0,1,0,0,0,0,0
21.7,1,76253.0,1,3.53,74.4,4,39.3,1,0,3.8,3.82,3.99,0,1,0,0,0,0,0,0,1,0,0
18.4,1,36300.0,0,2.64,89.9,3,30.1,1,0,2.6,3.0,3.06,0,1,0,0,0,1,0,0,0,0,0
23.6,1,31604.0,0,3.38,61.9,5,42.7,1,1,7.0,1.56,1.89,1,1,0,0,0,1,0,0,0,1,0
20.0,1,25000.0,1,2.92,72.6,1,22.0,0,0,9.0,0.0,0.07,1,0,1,0,0,1,0,0,0,0,0
21.4,1,46563.0,1,4.15,73.5,2,24.9,1,0,3.6,2.89,2.78,0,0,0,0,1,0,0,0,1,0,0
21.6,0,25000.0,1,4.64,82.1,4,25.7,0,0,5.1,4.0,4.0,0,0,0,1,0,0,0,0,0,1,0
20.4,1,25000.0,1,3.47,74.9,1,33.0,0,0,5.1,2.03,2.67,0,0,0,0,1,0,0,0,0,0,0
22.3,0,52878.0,1,3.52,75.0,4,35.6,1,1,6.7,1.3,1.62,0,0,0,0,0,0,0,1,1,0,0
20.0,0,29740.5,1,4.0,80.6,0,18.6,0,0,5.5,0.67,1.16,0,1,0,0,0,0,0,1,0,1,0
22.9,0,25000.0,1,3.26,81.0,3,34.9,1,0,9.3,2.16,1.61,0,0,0,1,0,0,1,0,0,1,0
18.0,0,25000.0,0,8.08,72.8,1,37.3,1,0,4.2,3.5,3.85,0,1,0,0,0,0,0,0,0,0,0
21.3,0,25000.0,1,5.46,71.3,1,24.4,0,1,7.1,1.97,2.33,0,0,1,0,0,0,0,0,1,0,0
25.3,0,25000.0,1,5.73,75.2,2,28.0,1,0,4.4,4.0,3.41,0,0,0,0,0,0,0,1,0,1,0
18.8,1,25000.0,1,4.63,90.0,2,16.4,1,0,2.6,3.56,3.58,0,0,0,1,1,0,0,0,0,0,1
19.5,1,25000.0,1,5.21,100.0,1,11.9,0,0,8.1,4.0,3.55,0,0,0,0,0,1,0,0,1,0,0
22.1,0,44794.0,0,3.55,93.7,2,16.2,0,0,8.9,2.12,1.4,0,0,0,0,1,0,0,0,0,1,0
21.4,0,37674.0,0,2.94,79.1,3,38.6,0,1,6.2,1.11,1.25,0,0,0,0,0,0,0,0,0,0,0
21.8,0,41619.0,1,5.93,85.3,1,36.3,0,1,4.4,4.0,4.0,0,0,1,0,0,1,0,0,1,0,0
22.1,0,25000.0,1,2.58,82.0,1,53.1,1,1,3.5,3.27,3.43,0,1,0,0,0,1,0,0,1,0,0
22.4,0,25000.0,1,4.64,80.9,2,30.5,0,0,6.5,1.7,2.13,0,0,0,0,0,0,1,0,0,0,0
23.4,0,30703.0,1,6.32,82.9,2,30.6,0,0,1.7,3.93,4.0,0,0,0,0,0,0,0,1,0,0,0
21.9,0,30898.0,0,5.26,84.2,1,34.0,1,1,7.1,1.05,1.31,0,0,0,1,1,0,0,0,1,0,0
20.5,0,27218.0,1,3.67,68.0,1,17.2,0,0,4.7,2.69,2.98,0,1,0,0,0,0,1,0,1,0,0
22.5,0,25000.0,1,5.66,77.0,2,40.8,1,0,4.7,2.7,2.39,1,0,1,0,1,0,0,0,0,0,0
25.2,0,82989.0,1,4.28,81.7,3,34.6,1,0,3.6,2.64,2.84,0,1,0,0,1,0,0,0,0,0,1
20.7,0,38392.0,1,3.83,100.0,3,18.6,0,0,2.9,2.61,2.47,0,0,0,1,0,0,0,0,0,1,0
18.9,0,96994.0,1,4.96,87.1,1,34.5,0,0,5.4,1.65,1.46,0,1,0,0,0,0,0,0,0,1,0
23.4,1,63664.0,1,2.86,90.8,2,39.1,0,1,5.9,1.56,1.9,0,0,0,1,1,0,0,0,0,0,0
20.7,1,82616.0,1,2.13,81.1,1,14.0,0,1,5.3,2.29,2.52,0,1,0,0,0,0,0,1,0,0,0
17.0,0,25000.0,1,3.7,93.5,3,42.7,0,1,7.5,1.69,1.79,0,0,0,1,1,0,0,0,1,0,0
22.9,0,42442.0,1,3.15,84.3,1,24.6,1,0,5.6,2.85,3.56,0,0,0,0,0,0,0,1,0,0,0
19.8,1,25000.0,0,2.11,88.6,3,5.0,1,0,6.8,2.97,3.38,0,1,0,0,0,1,0,0,0,0,0
20.8,1,25000.0,1,4.04,83.4,0,41.7,0,0,2.9,3.74,3.51,0,0,1,0,0,0,0,0,0,0,1
21.7,0,72955.0,1,3.3,86.4,4,46.1,0,1,4.7,0.9,1.14,1,0,0,1,0,0,0,1,1,0,0
21.4,0,25000.0,1,2.76,78.2,1,16.5,1,1,8.2,1.01,0.83,1,1,0,0,1,0,0,0,1,0,0
22.6,0,25000.0,0,3.98,96.6,1,9.9,0,1,7.2,2.75,2.76,0,1,0,0,0,1,0,0,0,1,0
20.0,0,25000.0,1,2.77,78.1,2,45.9,1,0,6.1,2.74,2.48,0,0,0,0,0,0,1,0,0,0,0
22.1,1,25000.0,1,5.51,74.4,1,22.6,0,0,4.8,2.38,2.46,0,1,0,0,0,0,0,1,0,0,0
20.4,1,25000.0,1,6.31,83.3,1,46.1,0,1,3.8,3.75,3.53,0,0,0,0,0,0,1,0,1,0,0
22.6,1,26031.0,1,4.91,97.0,4,8.5,0,1,4.5,4.0,3.86,0,0,0,0,0,0,1,0,0,0,1
22.4,0,83993.0,1,3.44,76.5,1,46.9,1,0,6.6,2.77,2.97,0,0,0,0,0,0,0,1,0,1,0
18.9,1,25000.0,1,4.53,80.6,4,42.9,1,1,1.9,4.0,3.95,0,1,0,0,0,0,0,0,0,0,0
23.4,0,80464.0,0,3.13,84.1,2,36.5,1,0,8.7,0.68,0.15,1,0,0,1,0,0,1,0,1,0,0
19.8,1,49479.0,1,4.87,71.4,1,5.9,0,0,7.7,2.1,1.91,0,0,0,1,0,0,0,0,0,1,0
22.8,0,37713.0,1,4.94,71.0,0,25.7,0,0,7.7,0.0,0.15,0,0,1,0,0,1,0,0,0,0,0
21.8,0,46577.0,1,5.02,91.0,2,42.1,0,0,6.6,3.57,3.75,0,0,0,1,1,0,0,0,0,0,0
25.0,1,29977.0,1,3.52,82.6,2,9.8,0,1,5.7,1.63,1.71,1,0,0,1,0,0,1,0,0,1,0
20.5,0,64320.0,1,4.92,73.5,3,23.7,1,1,6.2,0.7,0.47,0,0,1,0,0,0,0,1,0,0,0
20.2,1,29740.5,1,4.0,64.5,0,34.8,0,0,5.5,1.62,1.46,0,0,1,0,0,1,0,0,0,0,0
21.0,1,25000.0,1,4.34,77.5,0,16.1,0,0,9.3,1.46,1.12,1,1,0,0,0,1,0,0,0,0,0
20.3,1,35516.0,0,4.12,82.1,2,45.6,1,0,5.3,3.01,3.09,0,0,0,0,0,0,1,0,1,0,0
22.8,1,47590.0,1,2.61,83.6,1,43.2,1,0,4.6,2.17,2.26,0,0,0,0,0,1,0,0,0,0,0
17.4,0,25000.0,1,4.54,64.8,1,32.9,0,0,5.0,2.63,3.02,0,0,0,0,1,0,0,0,0,0,1
18.7,0,32072.0,1,3.64,92.7,2,35.2,0,1,4.2,2.46,2.78,0,1,0,0,1,0,0,0,0,0,0
18.7,1,25000.0,1,2.33,82.6,0,23.5,0,0,7.0,2.88,3.07,0,1,0,0,0,1,0,0,0,0,0
23.1,1,25000.0,1,3.08,76.9,2,37.1,0,1,4.6,2.03,2.47,1,0,1,0,0,0,0,0,0,0,0
24.8,0,25000.0,1,4.56,89.1,4,22.8,1,1,5.3,2.99,2.75,0,0,0,1,0,0,0,0,0,0,0
20.8,0,25000.0,0,3.37,73.7,1,27.6,0,0,7.9,2.31,2.41,1,0,1,0,0,0,1,0,1,0,0
20.6,1,44419.0,1,3.26,79.5,1,24.1,0,1,7.4,1.16,0.85,0,0,0,1,1,0,0,0,0,0,0
21.2,0,25000.0,1,1.3,72.3,3,47.2,1,1,3.7,2.81,2.27,0,0,1,0,0,0,1,0,0,0,0
23.6,0,25000.0,1,5.42,88.0,0,44.5,1,0,7.6,2.14,1.83,0,0,1,0,0,0,0,1,0,1,0
19.0,0,25000.0,1,2.57,91.5,2,18.0,0,1,3.0,1.41,1.94,0,0,0,0,0,1,0,0,0,0,0
21.5,1,25102.0,0,4.08,85.1,0,46.1,1,1,2.8,4.0,3.53,0,0,0,1,0,0,0,0,0,0,0
23.1,0,25000.0,1,3.39,80.5,1,20.4,0,1,4.9,2.64,3.68,1,0,1,0,0,0,1,0,1,0,0
22.1,0,37886.0,1,4.35,71.8,5,52.2,1,0,6.0,1.41,1.25,1,1,0,0,0,0,0,1,0,1,0
21.4,0,25000.0,0,4.32,78.3,1,48.9,0,0,5.1,2.79,2.84,0,0,0,0,1,0,0,0,0,0,0
23.2,0,58656.0,1,3.73,83.9,1,56.3,0,0,6.3,2.37,1.79,0,0,0,0,0,1,0,0,0,0,0
17.0,0,25000.0,1,4.36,77.4,2,33.5,1,0,4.8,3.2,3.44,0,0,0,0,0,1,0,0,0,0,0
22.5,1,28075.0,1,4.02,78.4,3,26.6,1,0,1.8,2.54,2.35,1,0,0,0,1,0,0,0,0,1,0
19.6,0,29800.0,1,2.22,73.0,5,26.4,1,1,5.2,1.42,1.43,1,0,0,0,0,0,0,1,0,0,0
17.0,0,34425.0,1,5.57,76.1,4,34.5,1,0,2.8,1.92,2.03,0,0,0,0,0,0,1,0,0,0,0
22.1,0,30400.0,1,5.98,70.3,3,17.8,0,0,5.5,1.43,1.14,0,0,0,0,0,0,0,0,0,0,0
24.0,1,25000.0,0,2.86,84.2,1,5.0,1,1,3.2,2.19,2.68,0,0,0,1,0,0,1,0,1,0,0
20.7,1,36528.0,1,1.99,82.4,5,25.2,0,0,6.4,1.19,1.05,1,0,0,1,0,0,0,0,1,0,0
23.1,0,39328.0,1,5.63,82.8,3,30.5,0,1,7.9,3.1,2.76,0,1,0,0,0,0,0,1,1,0,0
24.5,0,25000.0,1,2.61,79.1,3,36.7,1,1,2.4,4.0,3.78,0,0,0,1,0,0,0,0,0,0,0
23.9,1,38400.0,1,5.68,77.3,1,34.8,0,1,1.8,4.0,3.96,0,0,1,0,1,0,0,0,0,0,0
24.6,0,29740.5,1,4.0,64.6,2,31.7,0,0,5.5,2.8,3.07,0,0,0,0,1,0,0,0,1,0,0
22.6,1,45412.0,1,3.79,78.6,2,44.0,1,0,7.5,1.3,1.24,0,0,0,1,0,0,1,0,0,0,0
21.2,0,52022.0,1,3.77,83.2,3,19.5,0,1,5.8,3.73,3.59,0,0,1,0,1,0,0,0,0,0,0
17.5,0,32963.0,1,2.71,96.7,2,21.9,1,0,4.7,4.0,3.92,0,0,0,0,0,0,0,0,0,0,0
20.5,1,25000.0,1,4.09,80.5,1,55.3,1,1,3.6,1.98,1.55,0,0,0,1,0,1,0,0,0,0,0
19.1,0,25000.0,0,4.64,77.3,3,5.0,1,0,6.8,1.39,1.27,0,0,0,0,0,0,1,0,1,0,0
25.8,0,36024.0,1,4.47,80.0,2,43.4,1,1,8.3,0.45,0.31,1,0,0,1,0,0,0,0,0,1,0
20.6,1,52347.0,1,4.8,78.1,1,36.8,0,0,2.1,4.0,4.0,0,0,0,1,0,0,0,0,0,0,0
21.3,0,158189.0,1,5.38,78.0,2,30.0,0,0,6.0,1.11,0.72,1,0,0,1,0,0,0,0,0,0,0
22.2,1,53589.0,1,3.94,77.3,3,40.8,1,1,10.0,2.85,3.19,0,1,0,0,0,0,1,0,1,0,0
21.1,0,25000.0,1,7.67,87.5,2,38.6,0,0,4.4,3.49,3.98,0,0,0,1,1,0,0,0,0,0,0
24.7,1,25000.0,1,4.58,87.4,1,12.5,0,0,5.2,1.7,1.14,0,1,0,0,0,0,0,1,0,0,0
19.6,1,116671.0,1,4.52,89.2,3,18.3,1,1,5.4,2.76,2.7,0,1,0,0,0,0,0,0,1,0,0
21.4,1,26144.0,1,4.51,90.9,2,24.2,0,0,4.8,3.99,3.62,0,0,0,1,1,0,0,0,0,0,0
19.4,1,30592.0,1,4.53,79.1,2,5.0,1,0,7.5,1.5,1.13,1,0,1,0,0,0,1,0,0,0,0
18.1,0,29740.5,1,4.0,69.5,2,29.9,0,0,5.5,1.12,0.88,0,0,1,0,0,0,0,0,0,1,0
19.7,1,76044.0,1,5.36,97.8,2,37.7,1,0,2.4,2.37,2.74,0,0,1,0,0,0,0,0,0,1,0
20.9,1,40143.0,1,0.74,63.9,3,44.0,0,0,3.8,2.81,2.86,0,0,0,0,0,0,0,0,1,0,0
20.1,0,25000.0,1,3.68,79.3,1,30.9,0,0,7.7,0.0,0.2,0,0,0,0,1,0,0,0,0,0,0
19.5,1,25000.0,0,1.86,70.6,4,21.0,0,1,6.6,2.07,2.16,1,0,0,1,1,0,0,0,0,0,0
17.9,0,35751.0,1,5.77,85.2,1,32.7,1,0,6.3,2.4,2.13,0,0,0,0,1,0,0,0,0,0,0
20.8,0,30532.0,1,2.17,74.3,1,29.1,0,0,6.8,1.61,1.53,0,0,1,0,0,0,0,1,0,1,0
17.7,0,48985.0,1,2.97,91.1,1,39.4,1,0,5.7,3.0,3.24,0,0,0,0,0,0,0,0,0,0,0
22.7,1,41282.0,1,3.13,83.9,2,29.5,0,0,6.4,3.47,3.17,0,0,0,0,0,0,0,0,0,0,0
21.2,1,25370.0,1,2.42,94.1,2,40.7,0,1,4.9,1.48,2.24,0,0,0,1,0,1,0,0,1,0,0
17.8,0,25000.0,0,3.6,82.8,3,26.9,0,1,5.1,2.27,2.32,0,0,1,0,1,0,0,0,1,0,0
20.3,1,27012.0,1,1.27,91.3,1,45.5,1,0,5.3,1.17,1.01,0,1,0,0,0,1,0,0,1,0,0
19.3,1,25000.0,1,5.98,73.3,0,32.1,0,0,4.8,2.4,2.44,0,0,0,1,0,0,0,1,0,1,0
21.7,1,27498.0,0,4.55,89.9,1,22.8,1,0,6.3,2.51,2.71,0,1,0,0,0,0,0,1,0,0,1
23.9,1,30027.0,0,3.01,80.9,2,26.0,1,1,6.0,2.96,3.29,0,0,0,0,0,0,1,0,0,0,0
17.0,0,25000.0,1,4.74,83.9,1,38.7,0,1,2.1,3.51,3.3,0,0,0,1,0,0,0,1,1,0,0
21.3,0,43408.0,1,4.42,89.4,1,14.8,0,1,5.1,2.47,2.13,0,0,0,1,1,0,0,0,0,0,0
20.6,0,25000.0,1,2.78,85.1,1,28.4,0,0,5.5,2.76,2.66,0,0,0,1,0,0,1,0,1,0,0
22.5,0,25000.0,0,4.92,75.7,0,42.8,1,0,8.3,2.97,3.14,0,1,0,0,0,0,0,1,1,0,0
21.5,1,29740.5,1,4.0,78.1,2,36.2,0,0,5.5,0.87,0.93,0,0,0,1,0,0,0,1,0,1,0
19.3,1,34384.0,0,5.47,73.5,1,16.2,0,0,5.7,3.55,3.43,0,1,0,0,0,0,0,1,0,1,0
20.3,0,31252.0,1,3.37,87.7,2,33.7,1,1,5.4,3.3,3.16,0,1,0,0,0,0,0,1,1,0,0
19.2,1,38303.0,1,2.24,79.2,3,13.9,0,1,7.9,0.66,0.59,1,0,1,0,0,0,1,0,0,0,1
23.4,1,50971.0,1,5.27,78.4,0,32.2,0,1,3.3,4.0,3.98,0,0,1,0,0,0,0,1,0,0,0
21.0,0,65053.0,1,3.7,83.6,4,46.6,1,0,4.1,3.7,3.78,0,1,0,0,0,0,0,0,0,0,0
25.2,0,35288.0,0,3.97,80.1,0,30.9,0,0,4.0,0.63,0.37,0,0,1,0,0,1,0,0,1,0,0
20.9,1,25000.0,1,4.35,91.4,2,16.4,0,0,5.5,3.72,4.0,0,1,0,0,0,0,1,0,0,0,1
19.4,0,25299.0,1,2.72,88.3,0,27.7,1,0,2.8,3.48,3.6,0,0,1,0,0,0,0,1,0,1,0
17.7,0,25000.0,1,3.62,87.8,0,32.3,1,0,8.1,1.49,1.31,0,0,1,0,0,0,0,1,0,0,0
17.0,1,82299.0,1,3.3,78.7,2,43.1,0,0,6.2,0.87,0.92,1,0,1,0,0,0,0,1,0,0,0
17.5,0,97972.0,1,3.49,87.7,2,43.0,1,0,6.6,3.18,3.25,0,1,0,0,0,1,0,0,0,1,0
21.6,1,43923.0,1,5.62,86.0,0,16.9,0,1,9.3,2.56,3.19,0,0,0,1,1,0,0,0,0,0,0
22.1,0,49765.0,1,2.99,72.3,3,26.1,1,0,4.9,1.86,1.59,0,0,1,0,0,1,0,0,0,1,0
17.5,0,34564.0,1,2.93,80.0,1,34.7,0,0,7.0,2.89,3.01,0,0,1,0,0,1,0,0,1,0,0
23.0,0,37036.0,1,5.82,80.6,0,22.7,0,0,6.5,2.72,2.63,0,0,0,0,0,0,0,0,0,1,0
19.9,1,25000.0,1,2.72,94.0,3,36.0,0,1,8.3,2.1,2.11,0,0,0,1,0,0,0,0,0,0,0
21.3,1,28443.0,1,4.08,78.6,3,13.8,1,0,6.7,3.84,3.66,0,0,1,0,0,0,0,0,0,0,0
24.5,1,25000.0,0,4.89,85.9,3,33.1,0,0,4.6,3.83,4.0,0,0,0,0,1,0,0,0,0,0,0
23.0,0,35200.0,1,4.88,92.4,0,42.3,0,1,6.3,3.33,3.49,0,0,0,0,0,0,1,0,1,0,0
20.4,1,28688.0,1,2.17,74.6,3,30.6,0,0,4.3,2.54,2.31,0,1,0,0,0,1,0,0,0,0,0
19.0,1,95616.0,1,3.07,84.2,2,32.1,1,1,4.7,2.23,2.28,0,0,0,0,0,0,0,0,1,0,0
17.0,1,51533.0,1,1.73,98.3,1,40.1,0,0,5.5,2.15,2.09,0,0,0,1,0,1,0,0,0,0,0
19.4,1,35267.0,1,5.08,69.4,2,24.7,1,1,5.2,2.82,2.54,0,0,0,0,0,0,0,1,1,0,0
20.5,1,25332.0,1,5.36,77.1,6,37.5,0,0,3.9,3.2,3.61,1,0,1,0,0,0,1,0,1,0,0
18.8,0,81277.0,1,5.31,84.2,2,29.6,0,1,1.4,4.0,4.0,0,1,0,0,0,1,0,0,0,1,0
20.7,1,29203.0,1,3.97,84.9,2,19.1,0,0,6.0,2.41,1.54,0,0,1,0,0,0,0,0,0,1,0
21.2,1,36279.0,1,3.7,83.3,1,40.8,1,1,6.2,3.15,3.1,0,1,0,0,1,0,0,0,0,0,0
20.5,0,30496.0,1,3.27,86.4,3,46.8,1,1,6.2,2.1,2.26,0,0,1,0,0,0,0,0,0,0,0
19.6,0,25000.0,1,2.02,92.1,3,43.9,0,0,8.9,1.33,0.85,1,1,0,0,0,0,0,1,0,0,0
21.4,1,30391.0,1,4.68,82.4,1,40.8,1,1,2.7,2.25,2.02,0,0,1,0,0,0,0,1,0,1,0
22.0,1,25000.0,1,2.74,81.4,3,36.1,1,0,8.3,2.7,2.13,0,0,1,0,0,1,0,0,0,0,0
18.6,0,25000.0,1,1.34,86.8,3,34.4,1,1,10.0,0.55,0.62,0,0,0,1,0,0,0,0,1,0,0
24.1,1,36672.0,1,5.71,97.9,1,28.9,0,0,8.7,1.65,2.16,0,0,1,0,0,0,0,1,0,0,1
20.8,0,76185.0,1,3.2,86.8,1,22.0,1,0,4.9,1.84,2.95,0,1,0,0,0,1,0,0,0,0,0
21.0,1,36641.0,1,4.32,90.3,4,5.2,0,0,6.3,3.57,3.28,0,0,1,0,0,0,0,1,0,0,0
22.6,1,25000.0,1,3.81,69.4,1,11.2,0,0,4.1,2.17,2.1,0,0,1,0,1,0,0,0,1,0,0
21.5,1,25000.0,0,5.47,80.6,1,30.2,0,0,4.3,2.85,2.44,0,0,0,0,0,0,0,1,0,0,0
23.1,0,47606.0,1,2.09,72.3,3,14.7,1,0,8.6,0.9,1.45,0,1,0,0,0,0,0,0,0,0,0
21.6,0,25000.0,1,4.99,82.1,1,35.0,0,1,6.8,3.78,4.0,0,1,0,0,0,1,0,0,0,1,0
19.7,1,43737.0,1,3.94,93.4,4,51.0,1,0,6.9,3.0,2.6,0,0,1,0,0,0,0,0,0,1,0
21.8,0,37568.0,1,4.59,71.7,4,5.0,1,0,3.5,3.52,3.82,0,1,0,0,0,1,0,0,1,0,0
18.5,1,39616.0,1,3.47,95.9,1,18.3,1,1,2.8,3.17,3.28,0,1,0,0,0,0,0,0,1,0,0
21.2,1,30338.0,1,3.52,82.0,3,56.2,1,0,7.4,0.11,0.0,1,1,0,0,0,0,0,1,0,0,0
20.9,0,37428.0,1,5.19,89.1,1,40.0,0,1,6.3,2.15,2.72,0,0,1,0,0,1,0,0,0,0,1
20.5,1,27676.0,1,3.03,90.2,1,28.7,0,0,5.0,2.33,2.48,0,0,1,0,1,0,0,0,0,0,0
20.7,0,25000.0,1,3.32,98.0,0,23.6,1,0,8.6,2.48,2.39,0,0,1,0,0,0,0,1,0,0,0
17.0,0,25000.0,1,3.69,86.6,3,37.0,0,0,6.6,2.26,2.26,1,0,1,0,0,0,0,0,0,1,0
19.8,0,25000.0,0,2.12,75.0,1,41.8,0,0,4.0,0.41,0.62,1,0,0,0,0,0,0,0,1,0,0
21.2,0,26671.0,1,3.65,90.1,0,14.8,0,1,2.0,4.0,3.74,0,0,0,1,0,0,1,0,0,0,0
21.4,1,73986.0,1,3.73,60.6,0,47.9,1,0,6.6,1.51,1.33,0,0,0,1,0,0,1,0,0,0,0
18.7,1,46076.0,1,4.89,74.7,1,34.8,1,1,4.7,3.53,3.53,0,0,1,0,0,0,1,0,0,1,0
23.8,1,34085.0,1,3.32,77.4,3,41.3,1,1,5.3,0.81,0.59,1,0,0,0,0,0,1,0,0,0,0
19.1,1,25000.0,1,1.55,65.2,3,42.3,1,0,5.1,2.67,2.48,0,0,1,0,0,1,0,0,0,1,0
23.1,1,54090.0,1,4.04,95.5,3,33.7,0,0,8.1,1.8,1.77,1,0,0,1,0,0,1,0,1,0,0
21.9,1,27679.0,1,3.38,92.6,3,35.3,0,0,7.0,0.2,0.07,0,1,0,0,0,0,0,1,0,0,0
19.6,0,76493.0,1,2.46,85.6,2,36.2,1,1,5.3,1.32,1.02,0,0,0,0,0,0,1,0,1,0,0
24.9,1,25000.0,1,4.42,89.8,2,25.7,0,0,5.3,3.97,4.0,1,0,0,1,1,0,0,0,0,0,0
18.4,0,25000.0,1,4.47,84.9,2,37.8,1,1,6.0,2.63,2.96,0,1,0,0,0,0,0,1,0,1,0
23.0,0,25000.0,0,4.79,88.9,1,26.9,1,0,7.9,2.23,2.13,1,1,0,0,0,0,0,0,0,0,0
23.2,0,25000.0,1,4.49,92.1,1,30.0,1,1,5.6,2.98,3.74,0,0,0,0,0,1,0,0,0,0,0
19.5,1,25000.0,0,4.96,70.4,1,48.8,0,0,4.5,3.18,3.55,0,1,0,0,0,0,1,0,0,0,1
24.1,1,31632.0,1,4.44,89.3,2,29.6,0,0,3.3,3.57,3.7,0,0,0,1,0,1,0,0,0,0,0
20.4,1,25000.0,1,6.63,91.0,4,35.0,0,0,5.3,4.0,3.55,0,0,0,0,1,0,0,0,0,0,1
21.6,1,25000.0,1,5.91,77.3,2,27.9,0,1,3.3,3.4,4.0,0,1,0,0,0,0,0,0,0,1,0
21.6,1,56645.0,1,4.31,80.2,1,25.6,0,1,6.1,0.88,0.51,1,0,1,0,1,0,0,0,0,0,1
20.7,0,25000.0,1,1.76,75.8,2,53.1,1,0,6.3,2.99,3.21,1,1,0,0,0,0,0,0,0,1,0
22.8,1,42342.0,1,6.43,84.5,1,12.4,1,0,7.6,3.21,3.19,0,1,0,0,0,0,0,1,1,0,0
22.7,0,29740.5,1,4.0,70.1,1,30.6,0,0,5.5,2.6,2.69,0,1,0,0,0,0,0,1,1,0,0
17.2,0,105918.0,1,4.81,83.6,2,15.6,0,0,7.4,0.0,0.06,0,0,1,0,0,0,1,0,0,1,0
23.9,1,54078.0,1,4.61,75.9,1,45.1,0,1,8.4,2.28,1.6,1,1,0,0,0,0,1,0,1,0,0
17.3,1,25000.0,1,3.85,93.0,2,29.3,0,1,5.6,2.28,2.56,0,0,0,0,0,0,0,1,0,1,0
23.3,0,25000.0,0,3.38,77.3,3,24.4,1,1,9.5,1.76,1.26,1,0,0,0,1,0,0,0,0,0,0
23.5,1,73250.0,1,3.55,86.4,0,8.0,0,0,8.1,0.54,0.7,1,1,0,0,0,1,0,0,0,0,0
18.6,0,25000.0,1,0.52,88.3,3,48.9,1,0,4.6,0.57,0.35,1,0,0,0,0,0,0,0,0,1,0
20.1,1,33340.0,1,2.48,68.3,0,14.1,1,0,10.0,0.06,0.95,1,0,0,0,0,0,0,0,1,0,0
18.6,0,27483.0,0,3.36,84.7,4,35.8,1,0,5.4,0.31,0.14,1,0,0,0,0,1,0,0,0,1,0
20.5,1,25000.0,1,4.07,92.0,1,41.2,0,1,8.0,2.59,2.25,0,0,1,0,1,0,0,0,1,0,0
20.3,1,36758.0,0,4.77,81.9,2,56.1,0,0,6.6,2.34,2.9,0,0,0,1,0,0,0,0,0,0,0
22.7,0,33314.0,1,3.25,89.2,0,23.4,0,0,6.0,1.69,1.78,0,1,0,0,0,0,0,1,0,0,0
23.9,1,39122.0,1,4.89,76.6,2,19.7,0,0,7.9,2.05,1.77,0,1,0,0,0,0,0,1,1,0,0
24.1,1,32318.0,1,3.7,90.4,2,24.9,0,1,5.8,0.19,0.06,1,0,0,1,0,1,0,0,0,1,0
19.8,1,38201.0,1,3.53,72.9,4,22.9,1,1,5.4,2.66,2.99,0,0,0,1,0,0,1,0,0,0,1
20.5,1,31446.0,1,4.07,81.8,1,7.4,0,0,5.4,2.71,2.32,0,0,0,0,0,0,0,0,0,0,0
17.3,0,25000.0,1,4.95,91.9,4,49.6,0,0,3.4,4.0,3.99,0,0,1,0,0,0,1,0,0,0,0
19.2,0,29804.0,1,3.7,91.4,1,25.0,0,0,7.4,2.69,2.58,0,0,1,0,0,0,0,0,0,0,0
23.1,0,25000.0,1,4.47,71.6,2,28.1,0,0,4.3,2.42,2.18,0,0,1,0,0,0,0,0,0,1,0
24.6,0,25000.0,1,4.97,80.3,2,37.5,0,1,5.9,2.98,2.62,0,0,1,0,0,0,1,0,1,0,0
18.3,1,25000.0,1,4.71,77.2,0,46.6,1,1,5.5,4.0,3.99,0,1,0,0,0,0,0,1,0,0,0
19.7,1,27677.0,1,3.13,91.4,0,16.1,0,1,6.6,2.99,2.89,0,1,0,0,0,1,0,0,1,0,0
20.9,0,30368.0,1,3.38,81.4,1,34.3,1,1,5.5,2.0,2.53,0,0,1,0,0,1,0,0,0,0,0
21.6,0,51525.0,1,4.76,83.2,4,15.4,0,1,5.0,1.76,1.75,0,1,0,0,0,1,0,0,0,0,0
19.2,1,25000.0,1,3.82,85.9,2,34.0,0,1,6.2,3.0,2.91,0,1,0,0,0,0,0,0,0,1,0
21.9,1,33460.0,1,2.99,72.3,2,33.5,1,1,6.1,1.04,0.53,0,0,0,1,0,0,0,0,1,0,0
20.0,1,31915.0,1,4.06,84.4,2,24.3,0,1,3.6,2.55,2.73,0,1,0,0,1,0,0,0,1,0,0
21.0,0,25000.0,1,5.01,73.9,2,32.8,0,1,5.3,1.02,0.72,0,1,0,0,0,0,0,0,0,0,0
22.2,0,31078.0,1,5.19,78.1,3,33.0,1,0,7.8,2.53,2.61,0,0,1,0,1,0,0,0,1,0,0
21.0,1,54265.0,1,5.33,78.5,2,29.0,0,0,9.9,3.08,3.05,0,1,0,0,0,0,0,0,1,0,0
20.0,0,33253.0,1,4.04,85.9,0,27.5,0,1,2.4,2.25,2.71,0,0,0,0,0,0,1,0,1,0,0
20.8,1,34062.0,1,4.5,75.7,1,13.6,0,1,7.0,1.4,1.37,1,1,0,0,0,1,0,0,1,0,0
20.8,1,25000.0,1,5.44,78.2,1,16.9,0,0,5.7,2.14,2.0,0,0,0,1,1,0,0,0,1,0,0
20.2,0,96888.0,1,3.17,84.6,1,22.6,0,0,4.4,2.39,2.39,0,1,0,0,0,1,0,0,1,0,0
20.4,1,25000.0,1,5.27,93.1,2,17.9,0,1,4.7,4.0,4.0,0,0,0,0,0,1,0,0,1,0,0
24.5,1,25000.0,1,4.91,85.5,1,23.1,0,1,3.8,3.65,3.36,0,0,0,1,0,1,0,0,0,0,0
22.2,0,49817.0,1,4.91,91.0,1,29.1,1,0,3.0,1.83,2.56,0,0,0,1,0,0,0,0,0,0,0
20.3,0,27753.0,1,1.8,65.0,5,31.1,1,1,6.2,0.0,0.58,1,1,0,0,0,0,0,1,0,0,0
22.5,0,25000.0,1,3.29,93.5,3,36.7,1,0,8.7,2.09,1.87,1,1,0,0,0,0,0,0,0,1,0
20.3,1,25000.0,1,3.2,75.1,4,31.9,0,0,6.1,0.62,0.49,0,1,0,0,0,1,0,0,1,0,0
23.6,1,91403.0,1,5.85,77.1,0,31.4,1,0,5.8,4.0,4.0,0,0,0,1,0,0,0,1,0,0,0
21.8,0,36782.0,1,2.85,97.5,2,36.4,1,0,4.4,2.29,2.59,0,0,0,0,0,1,0,0,0,0,0
20.8,0,41351.0,1,2.61,83.4,2,19.0,0,1,3.8,3.63,3.76,0,0,1,0,0,0,0,0,1,0,0
22.0,0,32780.0,1,2.42,76.0,1,20.0,0,0,5.5,0.98,0.86,0,1,0,0,0,0,1,0,0,0,0
17.5,1,34962.0,1,3.51,77.1,2,25.5,0,1,3.6,2.07,2.39,0,0,0,1,0,0,0,1,1,0,0
18.5,1,68815.0,1,4.52,70.9,5,21.6,1,0,7.5,0.9,0.76,1,0,1,0,0,0,0,1,0,0,0
18.4,0,25578.0,1,6.39,82.1,1,9.0,1,1,4.5,3.5,3.48,1,1,0,0,0,1,0,0,0,0,0
21.3,0,25000.0,1,3.5,79.3,2,36.9,1,1,4.0,2.63,2.78,0,1,0,0,0,0,0,0,1,0,0
24.8,1,50053.0,1,3.01,87.4,0,18.0,0,0,9.6,2.03,2.65,0,1,0,0,0,1,0,0,0,0,0
25.9,1,40055.0,1,6.03,95.8,1,51.7,0,0,7.8,2.76,3.15,0,0,0,0,0,0,1,0,0,0,1
22.4,1,31723.0,1,6.23,72.0,2,32.0,0,1,3.3,3.53,3.39,0,0,0,0,0,0,1,0,0,0,0
22.1,1,39437.0,0,1.71,86.8,1,12.0,1,0,3.9,3.22,3.66,0,0,0,1,0,0,1,0,0,0,0
17.0,1,25000.0,1,3.33,69.7,1,38.0,0,0,5.1,0.83,0.16,1,1,0,0,0,0,0,0,0,0,0
19.8,1,30104.0,1,4.28,85.5,5,30.4,1,0,5.2,0.92,1.2,1,0,0,1,0,0,1,0,0,0,0
19.3,0,27474.0,0,4.24,72.6,1,33.5,1,0,4.7,0.81,1.06,1,0,1,0,1,0,0,0,0,0,0
19.6,1,25000.0,0,6.88,71.2,3,24.0,0,0,7.9,1.99,2.47,0,0,0,0,0,0,0,0,0,1,0
20.6,0,60688.0,1,3.28,100.0,2,18.8,1,0,5.9,0.48,0.37,1,0,0,0,0,0,0,0,1,0,0
20.0,1,25000.0,1,2.51,99.2,2,12.5,0,0,5.4,1.72,1.36,0,1,0,0,0,1,0,0,0,0,0
17.0,0,122581.0,1,2.99,76.3,0,14.6,1,0,4.4,3.59,4.0,0,0,1,0,0,0,0,1,0,0,0
22.6,1,50333.0,1,5.42,97.2,0,13.6,1,0,3.6,3.38,3.84,0,0,1,0,0,0,0,0,0,0,0
18.6,0,25000.0,0,3.98,81.7,0,25.7,0,1,4.4,2.26,2.62,0,0,0,1,0,1,0,0,0,0,1
21.5,0,25991.0,1,6.08,71.0,0,29.4,1,0,3.9,4.0,4.0,0,0,0,0,1,0,0,0,1,0,0
25.6,0,26873.0,1,4.84,87.2,2,11.4,1,1,3.2,2.47,2.84,0,1,0,0,1,0,0,0,0,1,0
19.0,0,37614.0,1,3.12,89.6,1,40.8,0,0,7.4,0.28,0.96,0,0,0,0,0,0,0,0,0,1,0
17.0,1,25000.0,1,5.12,88.0,3,31.7,1,0,7.2,1.26,1.24,0,0,0,0,0,0,0,0,0,1,0
20.4,0,30309.0,0,5.56,68.5,0,59.1,0,0,4.8,2.59,2.17,0,0,0,1,0,0,0,1,1,0,0
23.4,0,27649.0,1,5.9,72.9,1,25.1,0,0,7.9,1.48,0.71,0,0,1,0,1,0,0,0,0,1,0
25.3,0,25000.0,1,2.18,89.5,1,56.8,0,1,6.6,2.93,3.32,0,0,0,0,0,0,0,0,0,1,0
18.3,1,25000.0,1,4.36,72.8,3,39.0,1,0,3.6,3.31,3.65,0,1,0,0,0,0,0,0,0,0,0
22.1,0,51600.0,1,2.55,90.1,1,6.5,0,0,2.9,2.31,2.16,0,0,0,1,0,0,0,0,0,0,0
20.0,1,25000.0,1,3.62,79.1,2,15.7,0,0,6.1,0.97,0.77,1,1,0,0,0,0,0,0,0,0,0
20.8,1,39606.0,1,3.7,68.8,2,33.8,1,0,6.4,0.4,0.59,0,0,0,0,0,0,0,1,0,1,0
26.8,1,47978.0,1,4.37,71.4,2,9.0,1,0,3.2,2.46,2.84,0,0,0,0,0,0,0,0,0,0,0
17.7,1,26078.0,1,4.62,85.6,1,19.2,0,0,4.6,3.44,3.17,0,0,0,0,0,0,0,0,1,0,0
21.6,0,30682.0,0,3.22,86.0,1,10.9,0,1,7.0,3.54,3.52,0,1,0,0,0,0,0,0,1,0,0
22.0,0,59760.0,1,5.58,94.5,1,55.7,0,1,8.3,0.88,1.49,1,0,0,1,0,0,1,0,1,0,0
23.4,0,25000.0,1,5.73,82.2,1,43.2,1,1,5.7,1.75,2.46,0,0,0,1,1,0,0,0,0,0,0
21.2,0,25000.0,1,4.24,80.4,3,25.9,0,0,5.6,2.1,1.95,0,0,1,0,0,0,1,0,1,0,0
21.7,0,25000.0,1,6.24,96.4,1,48.1,1,1,4.7,2.13,2.06,0,1,0,0,0,1,0,0,0,0,0
20.1,0,59826.0,1,3.9,75.3,0,45.1,0,0,8.2,3.04,2.57,0,0,0,0,0,0,0,0,0,0,0
21.6,1,64562.0,0,1.59,79.7,2,45.7,1,0,6.5,0.23,0.23,1,0,1,0,0,1,0,0,0,0,0
20.2,0,25000.0,0,2.8,85.8,2,23.3,0,1,4.0,1.32,1.57,1,0,0,0,0,1,0,0,1,0,0
22.4,0,54380.0,1,3.42,74.8,3,26.3,1,0,6.9,0.35,0.12,1,0,0,0,0,0,1,0,0,0,0
20.2,0,48598.0,1,5.2,85.6,2,16.8,0,0,4.2,2.35,2.15,0,1,0,0,0,0,0,1,0,0,0
21.8,0,75520.0,1,2.72,82.0,0,28.6,0,0,3.8,2.93,3.33,0,1,0,0,1,0,0,0,0,1,0
20.9,0,37461.0,1,3.92,91.1,1,20.2,1,1,4.7,1.41,0.9,1,0,0,1,0,1,0,0,1,0,0
23.5,1,28953.0,1,7.22,78.7,2,17.1,1,1,4.0,3.7,3.5,0,0,1,0,1,0,0,0,0,0,0
20.9,1,59108.0,1,4.3,76.9,2,43.6,0,0,3.9,3.05,2.76,0,0,1,0,0,0,0,0,0,0,0
17.1,0,45222.0,1,6.09,97.4,2,38.1,1,1,3.0,3.36,3.47,0,0,1,0,0,0,0,0,0,0,0
23.8,1,114341.0,1,2.44,88.8,1,19.4,0,0,4.2,3.99,3.64,0,0,0,0,0,0,0,0,1,0,0
19.0,0,52851.0,1,1.37,90.7,3,41.3,1,1,4.5,4.0,3.9,0,0,1,0,1,0,0,0,1,0,0
19.6,1,32602.0,1,1.91,88.7,4,33.7,0,0,3.1,4.0,3.91,0,0,0,1,0,1,0,0,0,0,0
19.7,1,25000.0,1,5.41,76.6,4,26.2,1,0,6.5,0.6,0.55,1,1,0,0,0,0,0,1,0,1,0
24.0,0,25000.0,1,3.7,74.3,2,49.1,0,0,2.3,4.0,3.58,0,0,0,0,1,0,0,0,1,0,0
17.0,1,25000.0,1,3.57,74.4,2,33.7,1,1,4.8,1.4,1.83,0,0,0,1,0,0,0,1,1,0,0
27.9,0,26133.0,0,6.24,77.4,4,51.3,0,0,6.7,2.34,2.27,0,0,1,0,1,0,0,0,0,0,0
23.3,1,51826.0,1,5.41,91.6,1,36.8,1,1,7.5,1.91,2.32,0,1,0,0,0,0,0,1,1,0,0
21.5,1,29667.0,0,4.61,81.8,2,37.8,0,1,4.5,1.44,1.32,0,0,1,0,0,0,0,1,0,0,0
20.9,0,54887.0,1,5.56,89.5,0,17.1,1,1,7.3,1.74,1.99,0,1,0,0,0,0,1,0,0,0,0
21.6,1,36408.0,0,3.8,88.6,1,23.3,1,0,4.8,1.98,2.14,1,0,0,0,0,0,1,0,1,0,0
22.1,0,25000.0,1,4.45,94.8,2,47.5,0,0,9.6,2.44,2.69,0,0,0,1,0,0,1,0,0,1,0
22.4,0,29740.5,1,4.0,73.4,0,43.9,1,0,5.5,3.6,3.36,0,1,0,0,0,0,0,0,0,0,1
22.2,1,39468.0,1,3.01,83.7,2,25.7,0,0,3.7,3.12,2.76,0,0,0,0,1,0,0,0,0,1,0
21.2,0,32323.0,1,3.65,71.6,2,13.8,0,0,5.8,0.0,0.05,1,0,0,1,1,0,0,0,0,0,0
20.6,0,32546.0,1,3.97,97.5,2,49.9,0,1,3.2,2.32,2.03,0,0,0,0,0,0,0,1,0,0,0
20.7,1,25000.0,1,5.28,90.5,1,42.8,1,0,4.2,4.0,4.0,0,0,0,1,1,0,0,0,1,0,0
20.6,1,25000.0,1,5.61,85.4,2,16.3,0,0,6.3,2.32,2.76,1,1,0,0,0,1,0,0,1,0,0
23.5,1,115275.0,1,7.72,83.7,5,16.3,1,0,5.8,3.42,3.27,0,0,0,0,0,1,0,0,0,0,0
22.3,0,62136.0,1,6.99,67.8,1,52.0,0,0,5.4,2.16,2.34,0,0,0,1,0,0,1,0,1,0,0
17.0,0,25000.0,1,5.49,85.4,3,23.9,1,0,5.5,4.0,3.8,0,0,1,0,0,0,1,0,1,0,0
22.4,0,25000.0,1,2.07,77.8,2,24.1,1,0,1.1,2.01,2.41,0,0,1,0,0,1,0,0,0,0,0
21.4,0,31123.0,1,5.86,68.9,0,21.8,1,0,5.8,2.93,3.0,0,0,0,1,0,0,0,1,0,0,0
21.0,0,50822.0,1,6.46,78.1,1,34.3,0,0,4.4,4.0,3.87,0,0,0,0,0,0,1,0,1,0,0
20.1,0,25000.0,1,4.18,83.9,1,13.2,0,0,4.8,0.08,0.0,1,0,0,0,0,0,0,1,1,0,0
23.5,0,54885.0,1,1.8,85.0,1,32.9,1,0,2.6,2.58,2.37,0,0,1,0,0,1,0,0,0,0,0
23.1,1,30816.0,1,4.27,72.6,2,13.1,0,1,6.7,2.61,2.28,0,0,0,1,1,0,0,0,0,0,0
19.3,0,26961.0,1,5.16,71.1,2,13.2,1,1,6.5,2.82,2.87,0,1,0,0,0,0,0,1,0,0,0
21.9,0,46801.0,1,4.32,79.6,2,13.6,0,0,3.4,1.06,1.16,1,0,0,1,0,0,1,0,0,0,0
18.9,0,25000.0,0,3.47,86.6,3,14.1,0,1,5.8,1.82,1.8,1,0,0,1,0,0,0,0,1,0,0
18.0,0,25034.0,1,3.9,75.7,3,38.7,0,0,8.5,1.02,0.81,1,0,0,0,0,1,0,0,0,0,0
19.6,1,44449.0,0,5.68,78.4,3,38.7,1,0,5.8,1.71,1.8,1,0,1,0,0,0,0,0,0,0,0
22.9,0,29178.0,1,4.62,83.5,2,28.0,0,0,1.9,4.0,4.0,0,0,0,0,0,1,0,0,0,1,0
23.1,1,93458.0,1,5.92,75.4,0,22.4,0,1,4.5,3.38,3.66,0,1,0,0,1,0,0,0,1,0,0
22.1,0,45085.0,1,5.42,65.9,2,46.6,1,1,5.7,2.19,2.16,1,0,0,1,0,0,1,0,0,1,0
22.6,1,43360.0,1,3.75,84.5,2,38.3,1,1,9.3,1.68,1.53,1,0,0,1,0,0,0,0,0,0,0
22.1,0,28862.0,1,5.09,68.0,2,15.9,0,1,3.3,4.0,3.91,0,1,0,0,0,0,0,1,1,0,0
19.6,0,50254.0,1,5.95,84.6,0,34.2,0,0,5.2,2.95,3.18,0,0,0,0,0,1,0,0,0,0,0
22.0,0,25000.0,1,4.2,80.2,3,33.6,0,1,3.6,2.35,2.3,1,0,0,1,0,0,0,0,1,0,0
22.8,1,35222.0,1,4.87,80.2,1,38.6,1,0,7.1,1.43,1.52,1,0,1,0,0,0,1,0,0,0,0
22.7,0,25000.0,1,2.02,73.2,1,63.0,1,0,4.8,0.45,0.19,1,0,0,0,0,0,1,0,0,1,0
23.6,0,55474.0,1,3.43,79.3,5,20.2,0,1,1.0,3.69,3.99,0,1,0,0,0,1,0,0,0,1,0
22.6,0,35396.0,1,3.81,75.0,1,36.7,0,1,4.8,2.29,2.33,0,0,0,1,1,0,0,0,1,0,0
21.8,1,97685.0,1,2.67,100.0,1,48.0,0,0,5.3,2.77,2.52,0,0,0,0,0,0,0,1,1,0,0
23.4,0,124914.0,1,4.17,75.6,1,50.6,0,0,6.2,3.0,3.53,0,0,1,0,0,0,0,1,1,0,0
20.9,1,47004.0,0,6.21,90.3,3,32.2,0,0,5.8,1.67,1.76,0,1,0,0,0,0,1,0,0,0,0
19.1,0,30979.0,1,4.4,77.5,4,14.3,1,0,6.7,2.94,2.98,0,0,1,0,0,1,0,0,0,1,0
20.6,1,25000.0,1,5.74,83.9,2,8.5,1,0,5.3,2.85,3.16,0,0,0,0,0,0,1,0,0,1,0
19.4,0,51167.0,1,4.92,82.1,4,39.9,0,1,5.7,2.73,2.73,0,0,0,1,0,0,0,0,0,0,0
19.5,0,33731.0,1,6.24,80.7,2,34.1,1,1,5.5,3.61,2.95,0,0,0,1,0,0,0,0,0,0,0
20.7,1,41061.0,1,3.92,80.4,4,31.5,0,0,4.8,3.3,3.41,0,0,1,0,0,0,0,0,0,0,0
19.3,1,83941.0,1,3.13,84.0,0,33.4,0,0,6.5,2.99,2.86,0,0,0,1,0,1,0,0,0,0,0
20.3,0,25000.0,1,5.02,93.0,2,41.7,0,0,7.0,3.45,3.13,1,0,1,0,0,0,0,0,1,0,0
17.0,1,25000.0,1,1.96,73.0,3,36.6,1,0,5.4,1.08,1.1,1,0,1,0,0,1,0,0,1,0,0
21.5,0,25800.0,1,4.78,67.9,2,34.6,0,1,4.6,4.0,3.67,0,0,0,1,0,0,0,0,0,0,0
21.0,1,48665.0,1,1.13,75.4,1,22.9,0,1,3.6,1.92,1.87,0,0,0,1,0,0,0,0,0,1,0
19.2,1,41478.0,1,2.87,83.0,1,42.5,0,1,6.1,2.08,2.42,0,0,0,0,0,1,0,0,0,1,0
22.5,1,25000.0,1,4.46,79.6,1,23.1,1,1,3.7,4.0,3.73,0,0,0,0,0,1,0,0,0,0,0
23.1,0,46814.0,1,2.34,94.3,1,41.6,0,0,5.8,4.0,3.69,0,0,0,1,0,1,0,0,0,0,0
17.5,1,25000.0,1,3.47,93.4,1,25.3,0,1,5.7,0.66,0.72,0,1,0,0,0,1,0,0,1,0,0
19.3,0,25000.0,1,2.29,78.4,0,37.1,1,0,7.4,1.77,1.62,1,0,0,0,0,1,0,0,0,0,0
19.3,0,27743.0,1,4.92,94.4,4,51.2,1,0,8.0,2.42,2.6,0,1,0,0,0,1,0,0,0,1,0
18.9,1,25000.0,1,5.48,85.4,0,37.9,0,0,1.0,4.0,3.91,0,0,0,1,0,0,0,1,0,0,0
22.8,0,50712.0,1,4.0,76.2,3,47.0,1,1,5.1,2.74,3.08,0,0,1,0,1,0,0,0,0,0,0
20.6,1,35307.0,1,6.86,81.0,1,25.5,1,0,1.7,3.14,3.42,0,0,0,0,0,0,0,0,0,1,0
20.4,0,85762.0,1,3.7,80.5,3,31.2,1,0,7.6,2.37,2.29,0,0,0,1,0,0,1,0,0,0,0
17.0,1,25634.0,1,2.27,76.1,0,25.7,0,1,5.5,2.1,2.2,1,0,0,1,0,1,0,0,1,0,0
22.4,1,29740.5,1,4.0,76.9,3,10.1,1,0,5.5,2.35,2.06,0,1,0,0,1,0,0,0,0,0,0
18.3,0,61465.0,1,3.81,85.6,1,42.8,1,1,6.0,3.2,2.94,0,0,0,1,0,1,0,0,0,0,0
21.1,0,29740.5,1,4.0,63.8,2,36.8,1,0,5.5,3.03,2.27,0,1,0,0,0,0,1,0,0,1,0
21.6,1,72868.0,1,7.25,79.7,1,36.0,0,1,3.8,3.72,4.0,0,0,1,0,0,0,0,0,0,0,0
24.0,0,41130.0,1,2.61,80.3,1,44.8,0,0,5.3,1.84,1.9,0,0,0,0,0,0,1,0,1,0,0
18.1,1,25000.0,1,3.18,80.7,1,16.4,0,0,6.5,0.29,0.37,1,0,0,1,0,0,0,0,1,0,0
17.0,0,60267.0,0,4.62,89.4,3,13.5,0,0,5.6,3.46,3.43,0,1,0,0,0,0,1,0,1,0,0
21.4,0,29740.5,0,4.0,75.4,1,44.9,0,0,5.5,2.84,2.76,1,0,0,1,0,0,0,1,1,0,0
25.0,1,52617.0,1,3.22,83.8,3,29.2,0,0,4.9,1.31,1.53,0,0,0,0,0,0,0,1,0,0,0
23.7,1,25000.0,1,3.94,69.9,2,32.6,0,1,7.5,1.97,1.89,0,0,1,0,1,0,0,0,0,0,0
21.5,1,25000.0,1,2.53,77.8,2,12.4,1,0,5.8,2.22,2.31,0,0,0,1,0,1,0,0,0,0,0
19.9,1,29740.5,1,4.0,71.5,1,47.7,0,1,5.5,1.89,2.28,0,0,1,0,0,0,0,1,0,0,0
22.8,1,25000.0,1,2.56,94.9,2,38.1,1,0,6.0,3.12,2.57,0,0,0,1,0,1,0,0,0,0,1
18.9,0,84555.0,1,5.36,83.1,2,23.1,0,0,4.8,3.59,3.49,0,0,1,0,1,0,0,0,1,0,0
22.0,0,29523.0,1,4.96,78.6,1,55.0,0,1,4.9,1.74,1.54,0,0,0,1,0,0,0,0,0,0,0
22.1,1,29087.0,1,3.93,68.1,0,13.6,0,1,6.4,1.5,1.36,1,1,0,0,0,0,1,0,0,0,0
23.3,0,41407.0,1,4.02,71.3,1,26.0,0,0,6.9,0.84,0.56,1,0,0,1,0,0,0,0,0,1,0
27.1,0,41839.0,1,4.29,88.8,0,41.8,0,1,7.1,3.11,2.84,0,0,0,1,0,0,0,0,0,1,0
21.9,0,25000.0,1,3.41,84.8,2,43.8,0,1,5.1,2.65,2.07,0,1,0,0,0,1,0,0,0,1,0
19.9,1,25000.0,1,1.8,70.5,0,12.1,0,0,5.7,2.0,1.71,0,1,0,0,0,0,0,0,0,1,0
20.9,0,25000.0,1,3.56,70.5,0,26.6,1,1,4.4,2.53,3.09,0,1,0,0,0,0,0,1,1,0,0
17.1,1,37805.0,0,4.63,96.8,2,38.9,1,1,6.9,3.47,3.82,0,0,1,0,0,0,0,1,1,0,0
19.5,1,25001.0,1,5.24,92.8,0,47.7,1,0,3.8,2.72,2.16,0,0,1,0,0,0,0,0,1,0,0
20.1,1,30008.0,1,4.09,84.4,2,46.7,1,1,5.9,3.18,3.45,0,0,1,0,0,0,0,1,1,0,0
19.8,1,25000.0,1,3.22,82.9,3,38.4,0,0,7.1,2.52,2.51,0,0,0,1,0,0,1,0,0,0,1
21.3,1,25000.0,1,4.73,80.7,0,31.1,0,0,5.7,3.1,2.83,0,0,0,1,0,0,0,1,0,0,0
19.2,0,58051.0,1,4.23,71.9,1,27.8,1,0,6.0,1.6,1.68,1,1,0,0,0,1,0,0,1,0,0
23.5,1,29740.5,1,4.0,88.9,3,36.0,1,1,5.5,1.9,1.51,0,0,0,1,0,0,0,0,1,0,0
21.0,0,45767.0,1,1.66,80.4,1,47.2,0,0,2.2,1.79,1.71,1,0,0,1,1,0,0,0,0,0,1
21.0,1,25000.0,0,3.3,87.8,1,27.4,0,1,4.3,2.89,2.4,0,1,0,0,0,0,0,1,1,0,0
20.3,0,63300.0,1,5.98,78.8,3,26.7,0,0,5.6,2.51,2.25,0,1,0,0,0,0,0,1,0,0,0
21.3,0,45908.0,1,4.72,84.9,2,43.7,0,1,4.3,3.01,2.35,0,1,0,0,0,0,0,1,0,1,0
22.8,1,27714.0,1,5.93,78.2,0,42.7,0,0,6.4,1.85,1.95,0,0,1,0,0,0,1,0,0,0,1
19.1,1,25000.0,1,3.96,82.6,2,24.0,1,1,2.9,4.0,3.79,0,0,0,0,1,0,0,0,1,0,0
19.6,0,52689.0,0,3.95,88.4,2,14.2,1,0,2.0,4.0,4.0,0,0,0,0,0,0,0,1,0,0,0
20.3,1,25000.0,1,0.5,77.7,3,9.4,0,1,6.8,0.7,0.56,1,1,0,0,0,0,0,1,0,0,0
18.0,1,36596.0,0,1.51,98.2,0,31.6,1,0,4.9,0.68,0.43,0,0,0,0,0,0,1,0,0,0,0
19.2,1,30978.0,1,4.6,77.4,2,16.7,1,1,6.1,0.0,0.0,1,0,1,0,0,0,1,0,0,0,0
20.0,0,74835.0,0,4.25,83.1,4,40.8,1,0,4.6,2.76,2.77,0,0,1,0,0,0,0,1,0,0,0
22.9,0,27578.0,1,1.05,93.1,0,9.4,0,0,6.5,3.93,3.78,0,0,0,1,0,0,0,1,0,0,0
21.6,0,29464.0,1,4.17,93.6,2,49.4,1,1,7.9,1.88,1.9,0,1,0,0,0,0,0,1,1,0,0
21.4,0,76663.0,1,5.31,85.7,1,26.0,0,1,8.1,2.44,2.78,0,0,0,1,0,0,0,1,0,0,0
22.9,0,25000.0,1,4.41,84.2,2,20.4,0,1,4.3,2.63,2.6,0,0,1,0,1,0,0,0,0,0,1
20.7,0,48465.0,1,3.31,82.6,1,23.5,0,0,4.7,2.65,2.68,0,1,0,0,0,0,0,0,1,0,0
21.9,0,26392.0,0,0.76,92.9,2,19.6,1,1,5.8,2.8,2.33,0,0,1,0,0,0,0,0,0,1,0
20.8,1,25000.0,1,4.53,89.7,2,48.2,0,0,8.9,1.39,1.47,0,0,0,0,0,1,0,0,1,0,0
21.6,1,29753.0,1,2.84,90.7,4,38.1,0,1,3.4,2.73,3.38,0,0,0,1,0,0,1,0,1,0,0
19.7,0,45027.0,0,4.66,95.1,0,31.2,1,0,3.4,4.0,3.76,0,0,0,0,0,0,0,0,0,0,0
17.0,0,66985.0,1,4.91,85.7,3,15.6,1,0,7.1,1.7,1.52,0,0,0,0,0,0,0,1,0,1,0
20.7,1,29740.5,1,4.0,78.7,3,29.3,0,0,5.5,4.0,4.0,0,0,0,1,0,0,0,1,0,0,1
24.1,1,25000.0,1,4.5,84.8,0,20.8,0,0,6.7,1.18,1.25,0,0,0,0,1,0,0,0,1,0,0
23.0,0,25000.0,0,3.55,82.4,2,5.0,1,0,4.4,2.82,2.76,0,1,0,0,0,0,1,0,1,0,0
23.1,0,25000.0,1,4.76,80.5,1,21.7,0,1,6.1,3.03,3.04,0,0,0,1,0,0,0,0,0,1,0
23.7,1,25000.0,1,2.68,78.8,2,37.3,0,0,4.6,1.99,1.75,1,0,1,0,1,0,0,0,0,0,0
21.2,0,26097.0,1,5.72,86.4,1,24.9,1,0,3.7,4.0,3.96,0,0,0,1,1,0,0,0,0,1,0
21.4,0,25000.0,1,3.11,87.1,3,28.3,1,0,5.8,2.03,2.48,0,0,0,0,0,0,1,0,1,0,0
19.6,0,46004.0,1,6.36,76.4,0,42.5,0,0,3.3,3.26,3.37,0,0,1,0,0,0,0,1,1,0,0
20.3,1,25000.0,1,3.68,84.5,0,40.3,1,1,6.3,3.98,3.79,0,0,0,0,0,0,0,1,1,0,0
22.4,1,25000.0,1,4.64,95.0,1,53.5,0,0,5.1,2.76,2.79,1,1,0,0,0,0,1,0,1,0,0
23.6,1,25000.0,1,4.16,76.0,0,5.0,0,0,3.1,4.0,4.0,0,0,0,0,1,0,0,0,0,0,0
20.7,1,60614.0,1,1.66,93.0,2,19.9,1,1,6.0,1.4,1.68,1,1,0,0,0,0,0,1,1,0,0
20.0,0,25000.0,1,4.7,75.0,3,40.9,1,0,6.0,2.27,2.16,0,0,0,1,0,0,1,0,0,0,0
21.0,1,34064.0,1,3.0,84.9,0,35.2,1,1,1.3,4.0,3.94,0,0,1,0,0,0,0,1,0,0,0
22.3,0,27533.0,1,3.84,67.8,1,31.2,1,0,5.4,2.05,2.09,0,0,0,0,1,0,0,0,1,0,0
17.8,1,55594.0,1,4.06,87.1,1,22.7,0,0,5.5,1.2,1.27,0,0,0,1,0,0,0,1,0,0,0
17.0,1,42510.0,1,2.66,80.2,0,32.7,0,0,5.7,1.71,1.72,0,1,0,0,0,0,0,0,1,0,0
19.8,0,31976.0,1,3.21,68.0,1,32.0,0,0,2.2,2.83,2.53,0,0,1,0,0,1,0,0,0,1,0
18.3,0,25000.0,1,5.63,78.2,3,7.8,0,1,6.1,3.54,3.75,0,1,0,0,0,0,1,0,1,0,0
19.9,1,25000.0,1,2.29,96.1,0,32.6,0,0,6.4,3.44,3.8,0,0,0,0,0,0,0,0,0,0,0
20.7,0,34484.0,1,4.77,86.6,4,23.8,0,0,3.8,2.75,2.82,0,1,0,0,0,0,1,0,1,0,0
20.0,0,40876.0,1,3.51,82.9,2,40.1,0,0,3.0,3.3,3.07,0,0,0,0,0,0,0,1,0,0,0
24.2,0,25000.0,1,5.3,86.2,4,34.1,0,1,3.7,1.78,1.87,0,0,0,1,0,1,0,0,0,0,0
21.7,0,25000.0,0,4.92,90.1,2,53.5,1,0,5.7,2.92,2.77,1,0,0,1,1,0,0,0,1,0,0
21.7,1,34593.0,1,3.1,94.2,0,30.0,0,1,3.3,3.56,3.44,0,0,0,1,1,0,0,0,0,0,0
22.4,0,36442.0,1,4.89,79.7,1,16.9,0,1,3.1,3.72,3.63,0,1,0,0,0,0,1,0,0,1,0
18.5,0,25000.0,1,3.26,86.7,4,5.0,0,0,9.3,2.54,2.25,0,1,0,0,0,0,0,1,0,0,0
23.3,1,25000.0,1,6.22,85.8,4,18.7,0,0,5.5,2.35,2.47,0,1,0,0,1,0,0,0,0,0,0
20.8,1,25000.0,0,4.16,82.9,3,34.5,1,0,4.9,1.31,1.28,0,1,0,0,0,1,0,0,0,1,0
22.5,0,67939.0,1,3.56,80.5,2,37.6,1,0,4.3,3.87,3.97,0,0,1,0,0,1,0,0,1,0,0
18.6,1,25000.0,1,3.45,94.8,3,22.7,1,0,4.7,1.3,1.21,1,0,0,0,0,0,0,0,0,1,0
17.6,1,41165.0,1,3.54,84.1,0,24.8,1,1,8.7,2.14,2.18,0,1,0,0,1,0,0,0,0,1,0
22.8,0,29115.0,0,3.62,72.3,4,30.8,0,1,7.0,1.89,2.32,1,0,0,1,0,0,0,1,0,1,0
21.8,1,64457.0,0,4.93,58.8,4,34.6,0,0,9.8,0.66,0.89,1,0,0,1,0,1,0,0,1,0,0
19.0,1,25000.0,1,3.35,89.6,0,42.2,1,1,6.2,3.16,3.46,0,0,0,0,1,0,0,0,0,1,0
19.1,0,30846.0,1,2.91,78.6,1,22.9,1,0,3.8,2.52,2.4,0,0,1,0,0,0,0,0,0,0,0
23.5,0,25000.0,1,5.4,80.8,3,21.1,0,1,6.0,2.06,1.88,0,0,0,1,0,0,0,0,1,0,0
18.4,1,25000.0,1,5.77,85.3,2,54.3,1,1,6.5,2.23,2.45,0,1,0,0,1,0,0,0,0,0,0
24.6,0,42523.0,1,2.99,100.0,1,51.4,0,0,6.6,2.2,1.97,0,0,0,0,0,0,1,0,0,0,0
19.0,0,25000.0,1,3.62,92.8,2,23.6,1,0,4.7,2.92,2.67,0,1,0,0,1,0,0,0,0,1,0
22.4,0,25928.0,1,5.62,80.2,0,43.7,0,1,8.7,1.15,0.99,0,1,0,0,0,1,0,0,0,0,0
20.3,1,54545.0,0,4.6,87.8,1,56.5,1,1,3.2,4.0,3.88,0,1,0,0,1,0,0,0,1,0,0
22.3,1,46537.0,1,6.08,77.2,1,45.8,0,0,6.1,3.34,3.66,0,1,0,0,1,0,0,0,0,0,0
19.8,1,25000.0,1,4.91,88.2,2,20.8,0,0,5.0,1.22,1.05,0,0,0,0,0,1,0,0,1,0,0
20.6,0,25000.0,1,4.63,75.4,5,31.3,0,0,4.1,2.6,2.18,1,0,1,0,0,0,0,0,0,1,0
21.1,0,40364.0,1,3.53,83.5,3,9.0,1,1,5.9,1.8,2.45,0,0,0,1,0,0,0,1,0,1,0
18.8,0,66526.0,1,2.73,83.7,0,18.4,0,0,7.8,1.33,1.57,0,0,0,0,0,1,0,0,1,0,0
22.6,0,25000.0,1,2.43,73.6,4,29.8,0,1,6.2,0.0,0.0,1,0,1,0,0,0,0,0,0,1,0
19.9,0,25000.0,1,3.96,77.3,0,32.6,0,1,6.0,3.06,3.18,0,1,0,0,1,0,0,0,0,1,0
20.5,1,25000.0,1,5.83,64.6,3,21.7,0,1,1.9,3.75,4.0,0,0,0,1,0,0,0,1,0,0,0
18.8,0,41897.0,1,2.64,79.0,4,5.0,0,1,7.2,0.0,0.51,1,0,0,1,0,0,0,0,0,1,0
17.0,0,62138.0,1,3.84,90.9,2,32.3,0,0,4.8,4.0,4.0,0,0,1,0,0,0,0,1,0,0,0
20.6,0,25000.0,1,1.84,98.0,0,38.7,1,0,6.5,0.54,0.34,0,0,0,0,1,0,0,0,0,0,0
26.3,1,25000.0,1,5.8,93.9,2,39.2,0,0,7.2,2.82,3.08,0,0,1,0,1,0,0,0,0,0,0
22.7,0,121055.0,1,2.95,78.9,4,27.5,0,0,5.8,2.19,1.53,0,1,0,0,1,0,0,0,0,0,0
21.0,1,26732.0,1,6.95,81.9,0,28.4,0,1,1.9,2.63,2.7,0,0,0,0,0,1,0,0,1,0,0
20.4,1,34604.0,1,4.6,81.4,0,33.0,0,1,8.0,0.47,0.45,0,0,1,0,1,0,0,0,0,0,0
21.0,0,29740.5,0,4.0,80.3,1,34.9,1,1,5.5,2.45,2.57,1,0,1,0,0,1,0,0,1,0,0
22.2,0,39894.0,1,1.74,89.8,3,28.9,0,0,7.0,1.43,1.72,0,0,1,0,0,0,1,0,0,1,0
18.4,1,52894.0,1,0.78,77.6,0,5.0,0,0,4.2,2.82,2.55,0,0,0,1,0,1,0,0,1,0,0
23.5,0,35592.0,1,3.5,93.6,1,46.8,1,0,7.7,3.04,2.72,0,0,1,0,0,0,0,1,0,0,0
22.6,1,84501.0,1,4.05,83.1,6,24.4,0,0,5.0,0.93,0.73,1,0,0,1,0,0,1,0,1,0,0
22.6,1,25000.0,1,4.81,72.7,0,15.3,1,1,5.4,2.92,2.77,0,1,0,0,0,0,1,0,0,1,0
22.0,1,25394.0,1,6.0,81.2,5,25.3,0,1,7.7,2.96,3.27,1,0,0,0,1,0,0,0,0,0,0
21.0,0,34161.0,1,3.6,85.8,5,31.3,0,0,6.7,0.99,1.01,1,0,1,0,0,0,0,1,0,0,0
22.5,0,39300.0,1,3.45,89.8,2,22.7,0,0,1.3,3.15,3.39,0,1,0,0,0,0,0,0,0,1,0
22.3,0,34090.0,1,3.7,88.0,2,23.5,0,1,5.9,3.84,3.68,0,0,0,1,0,0,1,0,0,0,0
20.2,0,25000.0,1,4.48,79.5,3,26.1,1,1,7.6,1.85,1.78,0,0,0,0,0,0,0,1,1,0,0
19.7,1,35865.0,1,2.38,77.9,1,34.3,0,0,3.0,2.49,2.39,0,1,0,0,0,0,0,0,0,0,0
21.2,1,25000.0,1,1.66,95.8,2,20.4,0,1,7.3,2.82,2.58,0,1,0,0,0,0,0,0,1,0,0
24.4,0,25000.0,1,4.42,82.2,2,34.0,0,0,2.5,0.99,1.03,1,0,0,1,0,0,0,0,0,1,0
18.3,1,30318.0,1,2.24,72.9,1,13.4,0,0,5.1,1.84,1.94,1,0,0,0,0,1,0,0,0,0,0
17.8,0,25000.0,1,5.49,77.3,1,54.1,0,0,6.5,3.04,2.38,0,0,0,0,1,0,0,0,0,0,0
21.4,0,25000.0,1,1.13,66.3,2,42.9,0,0,5.0,1.34,0.87,0,0,0,0,0,0,1,0,0,1,0
21.1,0,25000.0,1,2.98,69.0,3,26.7,0,0,7.6,0.1,0.2,0,0,1,0,0,0,1,0,1,0,0
21.4,1,84825.0,1,2.24,77.8,5,34.0,1,1,3.0,1.16,1.22,0,0,1,0,0,0,1,0,0,0,0
21.5,1,41500.0,1,3.12,75.6,2,16.0,0,0,7.0,1.66,1.77,0,0,1,0,1,0,0,0,0,1,0
20.5,1,27721.0,1,2.86,76.5,1,36.7,0,1,5.6,0.0,0.37,0,1,0,0,0,0,0,0,1,0,0
24.3,1,25000.0,1,5.46,88.2,2,40.1,0,0,4.0,3.54,3.3,0,0,0,0,0,0,0,1,0,0,0
17.5,0,25000.0,1,7.65,89.0,0,33.2,1,0,6.3,3.32,2.88,0,0,0,1,1,0,0,0,0,0,0
19.2,1,29740.5,1,4.0,72.7,2,40.8,0,0,5.5,1.3,1.67,1,1,0,0,1,0,0,0,0,0,0
20.8,1,45685.0,1,3.1,97.1,1,29.9,0,0,8.2,0.71,0.23,1,0,0,0,0,1,0,0,1,0,0
17.4,1,52329.0,1,3.81,82.8,3,28.8,1,0,6.6,2.8,3.13,0,1,0,0,0,0,0,0,0,0,0
20.6,1,43712.0,1,2.62,82.1,3,22.1,0,0,6.2,0.54,0.64,0,0,1,0,0,0,0,0,0,0,1
24.7,0,32697.0,1,4.73,75.7,1,36.7,0,1,4.3,1.89,1.67,0,0,0,1,0,0,1,0,1,0,0
21.0,1,65012.0,1,2.2,79.6,2,20.0,0,1,5.8,3.17,3.31,0,0,0,1,1,0,0,0,0,0,0
21.5,1,25000.0,1,4.79,98.2,2,35.0,1,0,4.5,2.64,2.35,0,1,0,0,0,0,0,0,0,0,0
18.2,1,57017.0,1,4.12,73.3,2,33.6,0,1,5.4,1.92,1.98,1,1,0,0,1,0,0,0,0,0,0
19.6,1,25000.0,0,4.98,84.1,2,46.1,0,0,7.7,1.67,0.79,0,1,0,0,0,0,0,0,1,0,0
20.2,1,25000.0,1,3.99,77.7,4,37.0,1,0,5.0,4.0,3.91,0,0,0,1,0,0,0,0,0,0,0
20.3,1,25000.0,1,4.95,67.5,2,8.9,1,0,2.9,2.91,2.58,0,0,1,0,0,0,0,1,0,0,0
23.8,1,25000.0,0,4.69,69.7,3,22.0,1,0,6.4,2.86,2.92,0,0,0,1,0,0,1,0,1,0,0
22.2,0,44154.0,1,3.77,86.9,2,21.7,0,0,6.9,2.02,2.0,0,1,0,0,0,0,1,0,0,0,0
18.6,0,25000.0,1,4.73,68.2,1,21.2,1,0,8.4,0.39,0.18,1,0,1,0,0,0,0,0,0,0,0
21.5,0,25000.0,0,5.85,72.1,3,41.6,1,0,7.1,0.0,0.0,1,0,1,0,0,0,1,0,0,0,0
22.1,1,45626.0,1,1.68,88.6,3,5.0,0,0,5.0,2.07,1.82,0,0,1,0,0,0,0,0,0,1,0
23.5,0,36199.0,1,1.36,87.6,0,47.1,0,0,6.0,0.19,0.57,1,1,0,0,0,0,0,1,1,0,0
24.5,0,52974.0,1,5.69,82.5,2,42.0,1,0,6.2,2.07,2.33,1,0,0,1,1,0,0,0,1,0,0
18.8,1,29740.5,1,4.0,57.6,4,32.2,1,1,5.5,2.43,2.33,0,0,1,0,0,0,1,0,0,0,0
19.2,0,25000.0,1,5.86,72.5,3,34.2,0,0,1.0,4.0,3.89,0,0,0,0,0,0,0,0,0,0,0
18.2,1,31122.0,1,3.86,71.4,5,30.9,1,1,4.5,2.68,2.6,0,0,0,0,1,0,0,0,0,0,0
20.5,1,32051.0,1,6.28,80.9,2,31.9,1,1,6.4,2.92,2.76,0,0,0,1,0,0,0,0,1,0,0
22.0,0,25000.0,1,7.76,87.1,2,43.5,1,0,7.5,3.82,4.0,0,0,0,0,0,0,1,0,0,0,0
23.2,1,25000.0,1,5.5,78.6,1,27.3,0,1,4.4,2.98,2.99,0,0,0,0,1,0,0,0,1,0,0
20.8,1,25000.0,1,4.76,89.1,2,37.2,0,0,4.8,3.42,3.58,0,0,0,1,0,0,0,0,0,0,1
20.3,1,100906.0,1,4.95,94.9,0,19.5,0,0,5.1,2.67,2.48,0,1,0,0,0,0,0,1,0,0,0
21.3,1,25000.0,1,4.22,85.1,2,36.4,0,0,5.3,4.0,4.0,0,0,0,0,0,0,1,0,1,0,0
19.2,1,62300.0,1,4.42,72.0,1,26.7,0,0,7.0,2.34,2.01,0,1,0,0,0,0,0,1,1,0,0
25.6,0,25000.0,1,4.58,82.7,3,35.1,0,1,4.2,0.91,1.1,1,1,0,0,0,1,0,0,0,0,0
17.5,0,50681.0,1,6.95,92.8,4,19.6,0,0,7.1,2.36,2.61,0,0,0,0,0,0,1,0,0,1,0
21.4,0,51098.0,1,3.01,77.0,1,35.4,0,1,8.1,3.13,2.48,1,0,1,0,0,0,0,1,1,0,0
25.5,1,52657.0,0,3.71,76.7,2,29.4,0,0,4.8,2.95,2.89,0,0,0,0,1,0,0,0,1,0,0
21.0,0,37523.0,1,4.0,91.1,1,48.8,1,0,4.7,3.62,3.58,0,1,0,0,1,0,0,0,0,1,0
20.6,0,67943.0,0,4.82,70.5,1,33.1,1,1,5.8,2.26,2.14,1,0,0,1,0,0,0,0,0,0,0
20.2,1,37310.0,1,4.32,83.6,1,35.9,0,0,4.4,2.05,1.98,0,0,0,1,1,0,0,0,0,0,0
20.6,0,83126.0,1,2.33,77.1,3,24.7,1,1,5.3,0.71,0.78,1,1,0,0,0,0,0,0,0,0,0
24.0,0,25000.0,1,4.1,78.5,4,33.7,1,1,2.9,3.51,3.46,0,1,0,0,0,0,0,1,0,0,0
17.0,0,36643.0,0,3.86,95.6,1,35.7,0,1,7.0,3.11,3.01,0,1,0,0,0,0,0,1,1,0,0
24.4,1,35242.0,1,3.99,78.2,0,25.7,1,1,8.5,2.12,2.09,0,1,0,0,0,1,0,0,0,0,0
17.9,1,25000.0,1,5.09,83.0,2,24.8,1,0,4.3,3.09,2.62,0,0,0,1,1,0,0,0,0,0,0
20.4,0,42098.0,0,5.55,90.3,3,20.3,1,1,2.5,4.0,3.96,0,1,0,0,0,0,1,0,0,1,0
20.1,1,25000.0,1,2.91,71.7,2,29.1,0,0,7.2,1.37,1.21,0,0,0,1,0,0,1,0,0,1,0
22.3,0,29740.5,1,4.0,88.7,0,22.2,1,0,5.5,4.0,3.76,0,1,0,0,0,1,0,0,1,0,0
17.5,0,25000.0,1,2.05,78.4,1,33.5,0,0,4.3,2.23,2.27,0,0,0,1,0,1,0,0,0,0,0
22.0,0,75749.0,1,3.08,71.8,3,20.5,1,0,5.3,2.57,2.47,0,1,0,0,1,0,0,0,0,0,0
25.5,1,25876.0,1,3.71,78.1,1,28.5,1,0,3.3,1.51,1.93,1,0,1,0,0,0,1,0,0,0,0
18.0,0,109112.0,1,4.92,82.5,2,18.7,0,0,6.4,2.53,2.74,0,1,0,0,0,0,1,0,1,0,0
21.4,1,48135.0,1,1.75,83.9,1,43.7,0,1,3.2,2.16,1.96,0,1,0,0,0,0,1,0,0,0,0
19.5,0,38904.0,1,6.88,76.0,1,30.3,0,0,3.4,3.99,3.32,0,0,0,0,0,0,0,0,0,0,0
21.9,0,25000.0,1,1.66,80.3,4,30.2,1,1,3.3,2.1,2.2,0,0,1,0,1,0,0,0,0,0,0
21.0,1,25000.0,1,6.01,70.9,1,37.1,1,0,5.8,1.65,1.37,0,0,0,0,0,1,0,0,1,0,0
19.6,0,40692.0,1,3.46,76.3,1,51.3,0,0,2.2,2.53,2.47,0,1,0,0,0,0,1,0,0,0,0
22.1,1,28484.0,1,4.12,71.1,3,31.0,1,0,9.3,1.76,1.77,1,0,0,1,0,0,0,1,0,1,0
25.0,1,25000.0,1,1.11,81.4,1,12.1,0,1,4.8,2.93,3.0,0,0,0,0,0,0,0,1,0,1,0
20.6,1,25000.0,0,4.97,75.3,0,44.2,0,1,1.7,3.52,3.0,0,1,0,0,0,0,0,0,1,0,0
22.6,1,25000.0,1,3.8,98.6,1,13.7,0,0,3.6,4.0,3.46,0,0,1,0,0,1,0,0,0,0,0
18.2,1,88661.0,1,5.53,85.1,4,24.0,0,0,6.6,3.16,2.96,0,0,0,0,0,0,0,0,1,0,0
18.9,1,112192.0,1,2.19,69.0,2,44.3,0,0,7.9,1.34,1.08,0,0,0,0,0,0,0,0,1,0,0
22.0,0,33624.0,1,5.86,76.0,2,26.0,1,0,5.8,2.34,2.26,0,1,0,0,0,1,0,0,0,0,0
24.3,0,32512.0,1,1.77,87.6,1,23.1,0,0,5.7,2.82,2.61,0,0,1,0,0,0,1,0,0,0,0
21.8,0,25000.0,1,4.33,84.0,1,33.4,0,0,2.7,3.85,3.27,0,1,0,0,1,0,0,0,0,0,1
20.3,1,25000.0,1,2.1,69.4,2,30.1,1,1,8.2,1.79,1.84,0,0,0,0,0,0,1,0,1,0,0
21.0,0,67854.0,1,6.55,75.7,1,21.7,1,0,6.5,1.72,1.33,1,0,1,0,0,0,0,0,0,0,0
18.2,0,91505.0,1,5.24,87.1,2,40.5,1,0,6.1,2.53,2.62,0,0,1,0,0,1,0,0,0,0,0
22.3,1,25000.0,0,6.07,85.0,2,44.7,0,0,5.5,1.61,1.52,1,0,1,0,1,0,0,0,0,1,0
22.9,0,28291.0,1,3.66,86.6,2,46.7,1,0,6.5,2.78,2.57,0,0,1,0,0,0,1,0,0,0,0
20.0,1,29740.5,1,4.0,79.8,2,36.6,0,1,5.5,2.25,1.96,0,1,0,0,0,0,0,0,0,0,0
20.0,0,25000.0,1,3.95,75.1,0,21.6,0,0,7.2,0.0,0.11,1,0,1,0,0,0,1,0,1,0,0
21.6,1,29740.5,1,4.0,71.8,4,14.9,0,0,5.5,1.25,1.3,1,1,0,0,0,1,0,0,1,0,0
20.0,1,25000.0,1,3.49,89.6,0,5.0,0,0,5.3,1.38,1.68,0,1,0,0,0,1,0,0,0,0,0
20.9,0,39335.0,1,3.72,97.5,2,42.4,1,1,5.0,1.55,1.41,0,0,1,0,1,0,0,0,1,0,0
25.6,1,46025.0,1,5.53,84.2,0,32.3,1,0,1.6,3.79,3.56,0,0,1,0,0,0,0,1,1,0,0
20.5,1,27302.0,1,5.26,89.5,0,25.0,0,1,2.4,2.63,2.89,0,0,0,0,0,0,0,0,1,0,0
20.2,0,50810.0,0,2.48,75.6,0,6.8,0,0,6.5,3.11,3.08,0,0,0,0,0,0,0,1,0,0,0
19.6,0,32487.0,1,4.93,81.8,1,15.8,1,0,7.1,4.0,3.8,0,1,0,0,1,0,0,0,1,0,0
22.6,0,61715.0,1,2.18,81.5,2,8.8,0,0,7.4,0.72,0.52,1,1,0,0,0,1,0,0,0,0,0
20.6,1,25000.0,1,5.94,85.1,1,47.3,0,0,3.1,4.0,4.0,0,0,0,0,0,0,0,0,1,0,0
19.6,1,25000.0,1,2.76,82.6,2,37.6,1,0,9.6,0.9,1.26,0,0,0,0,0,0,1,0,0,0,0
23.9,0,28479.0,1,5.03,100.0,0,14.3,0,1,7.3,2.85,3.43,1,0,1,0,0,0,0,1,0,0,0
24.1,1,25000.0,0,4.83,88.4,2,49.6,0,0,4.5,4.0,3.99,0,0,1,0,0,0,1,0,1,0,0
19.7,1,25000.0,0,3.6,92.4,3,21.3,1,1,5.8,2.56,2.22,0,1,0,0,0,0,1,0,0,0,0
17.0,0,25000.0,1,3.5,84.2,2,34.2,1,0,2.4,2.54,2.2,0,0,1,0,0,1,0,0,1,0,0
23.2,1,52519.0,1,3.7,65.0,0,34.2,1,0,4.4,1.95,1.78,0,0,1,0,0,0,0,1,0,0,0
19.5,1,25000.0,0,4.64,85.6,1,28.9,0,0,6.5,0.0,0.0,0,0,0,0,0,0,1,0,0,0,0
22.7,1,25000.0,1,5.1,90.8,1,26.4,0,0,5.6,2.95,2.65,0,0,0,0,0,1,0,0,0,1,0
17.0,1,29740.5,1,4.0,93.1,1,30.4,0,0,5.5,4.0,3.82,0,0,1,0,0,0,1,0,0,0,0
23.0,1,29740.5,1,4.0,81.5,2,26.6,0,1,5.5,2.09,2.02,0,0,0,0,0,0,0,1,1,0,0
18.3,1,25000.0,1,4.75,70.5,0,33.0,1,0,5.3,1.33,1.54,0,0,0,0,0,0,0,1,0,0,0
22.6,1,25000.0,0,4.34,79.7,2,33.5,0,1,3.5,2.82,2.91,0,0,0,0,0,1,0,0,0,0,0
21.0,0,25000.0,1,3.3,70.4,2,23.7,0,0,8.3,0.43,0.13,1,0,0,1,0,0,0,0,1,0,0
18.9,0,25000.0,1,4.85,92.3,4,43.2,0,0,6.0,2.31,2.34,0,1,0,0,1,0,0,0,1,0,0
20.1,1,41943.0,1,5.79,85.6,3,20.0,0,1,5.5,4.0,3.8,0,1,0,0,0,0,0,1,0,1,0
22.5,1,50291.0,0,5.5,77.9,1,34.7,0,0,5.3,1.38,1.46,1,1,0,0,0,0,0,0,0,1,0
21.2,1,47730.0,1,4.37,87.9,0,25.9,1,0,3.9,2.17,2.22,0,0,0,0,0,0,0,1,0,0,0
22.3,1,57830.0,1,3.22,93.8,1,19.6,0,0,7.7,0.85,0.93,1,0,0,1,0,0,1,0,0,1,0
25.3,1,62610.0,1,4.18,88.3,2,26.7,1,0,5.8,0.65,1.21,1,1,0,0,0,0,1,0,0,1,0
17.6,0,25000.0,1,4.94,98.0,1,22.1,0,0,5.9,3.83,4.0,0,0,0,1,0,0,1,0,0,0,0
24.6,0,38958.0,1,5.54,74.9,1,37.9,0,0,6.5,1.54,1.55,0,0,1,0,0,0,1,0,1,0,0
21.2,0,25000.0,1,4.31,89.8,3,28.9,0,0,3.9,2.2,1.76,0,0,0,1,0,1,0,0,0,1,0
19.0,1,25000.0,1,5.24,70.3,1,46.4,1,1,9.1,2.39,2.35,1,1,0,0,0,0,0,0,1,0,0
18.1,1,41616.0,1,5.38,97.2,2,18.6,0,1,8.3,2.59,3.15,0,0,1,0,0,0,1,0,0,0,0
20.6,0,25000.0,1,3.62,87.8,2,5.0,0,1,5.4,0.56,0.45,0,0,1,0,0,0,0,1,1,0,0
23.0,1,29740.5,1,4.0,64.0,2,34.7,1,1,5.5,1.87,2.17,0,0,0,0,0,0,1,0,1,0,0
20.7,0,43484.0,1,6.2,72.8,2,50.7,0,0,6.7,1.23,1.09,1,0,0,1,0,0,1,0,0,0,0
24.3,0,39842.0,1,4.93,77.7,0,35.9,1,1,7.5,2.53,2.18,0,0,0,1,0,0,1,0,1,0,0
17.8,0,32275.0,1,4.73,79.9,1,18.7,1,0,8.7,1.17,1.35,1,0,1,0,0,1,0,0,1,0,0
21.0,0,25000.0,1,3.3,83.7,2,17.7,0,0,6.7,2.69,2.53,0,0,0,1,1,0,0,0,0,1,0
18.2,0,29740.5,1,4.0,81.9,3,54.3,1,0,5.5,3.18,3.48,0,1,0,0,0,1,0,0,0,1,0
21.8,0,44720.0,1,4.62,76.9,4,25.4,0,0,5.7,2.94,3.23,0,0,0,0,0,0,0,1,0,0,1
23.0,0,31294.0,1,4.63,91.3,3,17.8,0,0,2.1,4.0,4.0,0,0,1,0,0,0,1,0,0,0,0
20.1,1,25000.0,1,4.89,68.4,2,44.3,1,0,4.7,1.82,1.5,1,0,1,0,1,0,0,0,0,0,0
17.0,0,25000.0,1,4.0,86.6,4,28.2,0,0,6.2,3.35,3.28,0,0,0,1,0,0,0,0,1,0,0
21.4,1,49153.0,1,3.27,83.5,3,5.7,1,1,1.4,4.0,3.88,0,0,1,0,0,0,0,0,0,0,0
22.0,1,65928.0,1,4.35,81.9,0,55.0,1,0,5.8,1.21,1.31,1,1,0,0,0,0,1,0,0,1,0
21.9,1,25000.0,1,5.64,87.0,3,37.0,0,0,4.0,3.0,2.85,0,0,1,0,0,0,0,1,1,0,0
23.7,1,25596.0,1,4.71,76.7,1,11.9,0,0,8.3,0.87,0.59,1,0,0,0,0,0,1,0,1,0,0
18.6,1,26984.0,1,2.25,75.8,5,46.7,0,1,5.0,1.5,1.56,0,0,0,0,0,0,0,0,0,0,0
22.5,0,35064.0,1,3.76,79.7,0,17.4,1,0,5.0,2.91,2.92,0,1,0,0,0,0,0,0,0,0,0
23.6,1,25000.0,1,3.16,77.8,2,16.7,0,1,5.3,0.82,1.08,0,0,0,1,0,1,0,0,0,0,0
17.1,1,25000.0,1,6.07,80.1,1,19.3,0,0,5.5,0.6,0.0,0,0,1,0,0,0,0,0,0,1,0
21.7,0,60819.0,0,3.72,87.8,2,53.3,1,0,6.9,3.94,4.0,0,1,0,0,1,0,0,0,0,0,0
19.9,0,87274.0,1,5.95,82.9,1,54.5,1,0,4.9,2.42,2.91,1,0,0,0,0,0,0,1,1,0,0
20.8,0,25000.0,1,4.29,82.2,2,23.4,0,0,5.5,3.81,3.77,0,0,1,0,0,0,0,0,0,0,0
21.8,1,25000.0,1,3.47,83.8,2,50.5,0,1,6.9,2.18,2.16,0,0,0,0,0,0,0,0,1,0,0
19.9,0,27385.0,1,2.75,79.4,1,5.0,1,0,5.5,1.65,2.12,1,0,0,1,0,1,0,0,1,0,0
19.5,1,26569.0,0,3.54,89.2,3,41.0,1,0,6.7,0.89,0.89,1,0,0,0,0,0,0,0,0,0,0
21.1,1,54031.0,0,4.02,86.5,2,46.4,0,0,4.7,2.37,2.68,0,0,0,1,0,1,0,0,1,0,0
18.6,1,30724.0,1,2.55,82.0,5,48.1,0,0,6.1,2.88,2.67,0,0,1,0,0,1,0,0,0,0,0
18.6,1,25000.0,1,4.83,72.9,1,30.9,1,1,7.9,2.99,3.98,0,0,0,1,0,1,0,0,0,0,0
22.5,1,25000.0,1,2.9,92.5,2,36.8,0,0,6.6,1.36,1.49,0,0,1,0,0,0,1,0,1,0,0
18.5,0,49980.0,1,2.1,87.3,3,21.4,0,0,2.1,3.42,3.67,0,0,1,0,0,0,0,1,0,0,0
22.5,1,42604.0,1,2.28,86.5,3,30.3,1,0,6.5,1.14,1.13,1,0,1,0,0,0,0,1,1,0,0
22.0,1,56181.0,1,3.38,95.6,1,28.0,0,0,3.4,3.11,3.12,0,0,0,1,0,0,1,0,0,1,0
17.2,1,25000.0,1,4.71,87.6,1,27.3,1,0,3.8,1.94,1.61,0,0,0,1,0,0,1,0,0,0,0
19.5,1,89596.0,1,6.13,81.6,1,43.6,0,0,6.4,2.47,2.2,0,0,0,0,1,0,0,0,0,0,0
23.6,0,25000.0,1,3.69,77.9,2,32.6,1,0,3.8,2.45,2.37,0,0,0,0,1,0,0,0,0,1,0
18.8,1,45513.0,1,4.43,77.6,0,50.3,1,0,3.5,1.9,1.9,0,0,1,0,0,1,0,0,0,0,0
20.0,0,25000.0,0,3.91,84.2,2,33.0,0,0,5.5,1.8,1.97,0,0,0,1,0,0,1,0,0,0,0
22.0,1,25000.0,0,1.23,89.7,1,56.3,0,0,4.4,1.74,2.08,0,0,1,0,0,0,0,1,0,1,0
22.7,0,75858.0,1,4.49,89.8,3,44.7,1,0,2.6,4.0,3.98,0,1,0,0,0,0,1,0,0,0,0
20.4,0,48963.0,0,3.97,71.0,5,29.0,1,0,6.5,1.59,1.62,1,1,0,0,0,0,1,0,1,0,0
19.7,0,25000.0,1,1.95,89.4,6,32.1,0,0,7.3,0.0,0.24,0,0,0,1,0,0,1,0,0,0,0
24.1,0,25000.0,1,6.2,79.6,1,19.9,1,1,7.1,3.63,3.46,0,0,0,0,0,0,0,1,0,0,0
24.8,0,31583.0,1,4.78,77.3,2,31.9,0,0,3.9,1.33,1.68,0,0,0,1,0,0,0,1,1,0,0
23.2,1,40477.0,1,1.83,84.9,0,18.2,1,1,6.2,0.68,0.63,1,0,0,1,0,0,0,0,0,1,0
21.2,1,63004.0,1,4.68,88.3,3,46.0,0,0,4.6,1.66,1.46,1,1,0,0,0,0,1,0,1,0,0
19.2,0,25000.0,1,7.93,72.1,0,25.9,1,1,3.2,2.67,2.7,1,0,0,0,1,0,0,0,0,1,0
19.2,0,25000.0,1,4.01,83.7,5,34.3,1,0,4.2,3.51,3.61,0,0,0,1,0,0,0,1,0,0,0
22.1,1,32669.0,1,4.9,69.0,3,5.0,0,0,1.0,3.91,3.95,0,0,0,1,0,0,0,1,0,0,0
21.9,1,25000.0,1,3.26,88.3,1,26.8,1,0,3.6,3.65,3.68,0,0,0,1,0,0,0,0,0,1,0
24.1,0,25000.0,1,3.42,73.1,1,25.5,0,0,2.9,4.0,4.0,0,0,0,0,0,0,1,0,0,0,0
22.4,1,35547.0,1,6.03,83.5,1,41.1,1,0,5.9,2.07,1.84,0,0,1,0,0,0,0,1,0,0,0
17.7,1,26164.0,1,4.83,79.1,2,36.3,1,0,6.0,4.0,3.82,0,0,0,1,1,0,0,0,0,1,0
23.3,1,35736.0,1,5.39,77.4,2,42.2,0,0,2.5,3.4,3.27,0,0,1,0,0,0,0,1,1,0,0
18.8,0,25000.0,1,3.69,66.0,1,35.3,1,1,7.0,3.06,3.08,0,1,0,0,0,1,0,0,0,0,0
20.2,0,39816.0,1,4.59,70.8,1,44.8,1,0,4.4,1.84,1.84,0,0,1,0,1,0,0,0,0,0,0
21.6,1,25000.0,0,3.9,81.4,3,35.0,1,1,3.6,2.54,2.77,0,0,0,0,0,0,0,1,0,0,0
25.4,1,29740.5,1,4.0,59.6,0,13.5,1,0,5.5,2.92,2.48,0,0,1,0,0,0,1,0,0,1,0
27.8,1,25700.0,1,3.85,79.5,1,28.9,1,1,4.1,3.44,3.71,0,0,0,0,0,1,0,0,1,0,0
22.3,1,84549.0,0,6.31,75.7,4,29.5,1,0,5.2,3.27,3.31,1,0,0,1,0,1,0,0,0,0,1
20.6,0,47615.0,1,3.69,79.8,4,5.0,1,1,7.3,2.15,2.18,1,0,1,0,0,0,0,0,1,0,0
22.2,0,56745.0,1,4.55,72.4,1,17.8,0,1,5.3,3.14,3.32,0,0,0,0,0,0,1,0,0,0,0
23.0,1,69581.0,1,1.66,78.2,3,54.5,1,0,4.9,3.12,3.63,0,0,0,1,0,0,0,1,0,0,1
20.3,0,258254.0,1,5.55,79.9,2,26.7,0,1,6.5,1.22,0.87,0,0,0,0,0,0,0,0,1,0,0
24.9,0,30484.0,1,2.47,82.2,4,28.7,0,1,5.8,1.85,1.66,0,1,0,0,0,0,0,0,0,1,0
21.5,1,69720.0,1,3.16,67.4,2,5.0,1,0,2.8,3.31,3.26,0,0,0,0,0,0,1,0,0,0,0
22.1,1,54589.0,1,2.39,82.4,1,13.8,1,0,4.7,2.66,2.41,0,0,1,0,0,0,0,1,0,1,0
22.5,0,54048.0,1,2.15,73.1,3,35.8,1,1,4.5,2.0,1.92,0,0,1,0,1,0,0,0,0,0,0
21.9,1,86210.0,1,5.26,71.1,1,24.4,0,1,5.2,2.97,3.25,0,0,0,0,1,0,0,0,1,0,0
22.8,0,25000.0,1,2.97,91.9,1,16.7,0,0,4.6,3.03,2.5,0,1,0,0,0,0,1,0,0,0,0
19.6,1,25000.0,1,2.1,87.8,1,45.6,0,0,4.0,1.81,1.83,0,0,0,1,0,0,1,0,0,0,0
19.8,0,36021.0,1,2.02,86.4,0,21.6,0,0,8.1,0.17,0.1,1,0,1,0,1,0,0,0,0,0,0
18.6,0,26646.0,1,5.44,80.2,2,14.4,1,1,5.4,1.69,2.09,0,0,0,1,0,0,0,1,0,1,0
22.0,0,35994.0,1,3.53,77.4,0,30.5,0,0,6.4,0.09,0.0,0,0,0,1,0,1,0,0,0,0,0
22.7,0,75936.0,1,3.94,93.9,4,20.2,1,0,5.3,3.26,3.61,0,0,0,1,0,0,0,1,0,0,0
22.0,0,25000.0,1,5.2,83.1,1,20.2,0,0,7.0,3.43,3.69,0,0,0,0,0,0,0,0,0,1,0
24.7,0,25000.0,1,4.77,74.8,2,29.3,1,1,5.3,3.17,3.0,0,0,0,1,1,0,0,0,0,0,1
21.0,1,33011.0,1,4.25,74.0,2,22.3,1,0,7.3,3.05,2.72,0,0,0,1,0,0,0,0,0,0,0
22.5,1,25926.0,1,5.65,84.5,3,10.0,0,0,1.0,4.0,3.93,0,0,0,0,1,0,0,0,0,0,0
18.6,0,25000.0,0,2.33,79.2,2,36.7,0,1,5.7,1.56,1.88,1,0,0,0,0,0,1,0,0,1,0
20.1,0,25000.0,1,3.6,90.3,1,40.4,0,0,6.0,1.45,1.19,1,1,0,0,0,1,0,0,0,0,0
22.5,1,44910.0,1,5.18,82.6,0,27.0,0,0,6.0,1.94,2.19,0,0,0,1,0,0,0,1,0,1,0
22.9,1,70441.0,1,6.4,72.4,2,37.4,0,1,3.5,2.73,2.74,0,0,1,0,0,1,0,0,0,0,0
20.4,0,25000.0,1,6.54,96.9,2,25.6,0,0,4.2,3.12,2.6,0,0,1,0,0,0,0,1,0,0,0
20.8,1,25000.0,1,2.44,73.8,2,7.1,0,0,3.6,2.49,2.75,0,1,0,0,0,1,0,0,0,0,0
17.7,1,30277.0,1,4.1,72.2,0,40.8,1,0,6.4,3.6,3.96,0,1,0,0,0,0,0,0,1,0,0
20.2,0,25000.0,1,4.64,81.3,2,28.8,0,0,7.1,0.6,0.49,1,1,0,0,0,0,0,0,0,0,0
23.0,0,25000.0,1,3.79,85.7,1,31.8,0,1,2.5,3.57,3.76,0,0,1,0,0,0,0,0,0,0,0
22.3,1,25000.0,1,4.9,74.8,2,28.7,0,0,5.9,1.2,1.26,0,1,0,0,0,1,0,0,0,1,0
22.1,1,67605.0,1,6.94,87.6,4,27.8,0,0,3.9,3.31,2.72,0,0,1,0,1,0,0,0,0,0,0
21.1,1,25000.0,1,2.83,78.1,1,31.7,1,0,8.6,0.0,0.02,1,0,0,1,1,0,0,0,1,0,0
21.0,1,80154.0,1,2.37,100.0,1,31.9,0,1,6.5,1.5,2.4,1,0,0,0,1,0,0,0,1,0,0
19.5,0,57995.0,1,4.83,84.7,1,45.2,1,0,4.9,1.83,1.7,0,0,0,0,0,0,0,0,1,0,0
22.5,1,29740.5,1,4.0,58.3,2,35.3,1,1,5.5,1.31,1.32,0,0,0,1,1,0,0,0,0,0,0
21.9,1,25000.0,1,4.88,76.4,3,44.1,0,0,7.8,0.99,1.14,1,0,0,1,0,0,0,1,0,0,0
22.1,1,26473.0,1,4.25,85.9,2,48.1,0,0,5.6,4.0,4.0,0,0,0,1,0,0,1,0,1,0,0
19.8,1,27923.0,1,3.76,75.5,1,10.7,1,0,2.3,2.15,1.84,0,0,1,0,0,0,0,1,0,0,0
17.0,0,29740.5,1,4.0,66.4,2,45.3,0,0,5.5,0.6,0.38,1,0,0,0,0,0,1,0,1,0,0
23.4,1,25000.0,1,4.13,97.8,1,37.8,0,1,7.0,2.85,3.09,0,0,1,0,0,0,0,0,0,0,1
19.9,0,46529.0,1,3.49,87.1,1,35.9,0,1,4.5,3.5,3.64,0,0,0,0,1,0,0,0,0,1,0
19.1,0,34864.0,1,5.45,86.8,3,41.9,1,0,6.6,2.44,2.42,0,0,1,0,1,0,0,0,0,0,0
22.5,0,25000.0,1,4.14,97.9,1,26.8,1,1,4.4,2.24,2.23,0,0,0,1,0,1,0,0,1,0,0
20.1,0,25000.0,1,2.34,75.9,0,37.2,0,1,4.3,2.75,2.97,0,1,0,0,1,0,0,0,0,0,0
23.3,1,26611.0,1,5.82,81.9,0,17.3,0,0,5.3,3.6,3.22,0,1,0,0,1,0,0,0,1,0,0
22.4,0,25000.0,1,3.82,79.6,1,13.1,1,0,6.6,3.05,3.18,0,0,1,0,0,0,0,1,0,1,0
22.5,1,30794.0,1,6.71,77.0,2,36.4,0,0,6.3,1.24,1.16,1,0,1,0,0,0,0,1,0,1,0
18.0,0,31297.0,1,3.65,80.0,2,29.2,0,1,7.2,0.53,0.38,0,0,0,1,0,0,1,0,0,0,0
23.7,1,34788.0,1,2.96,78.4,1,30.0,0,1,6.4,0.0,0.0,1,1,0,0,0,1,0,0,0,0,0
21.6,0,85798.0,1,3.61,76.7,3,20.4,0,0,8.1,1.4,1.43,1,0,0,1,1,0,0,0,1,0,0
20.2,1,27461.0,1,3.87,79.6,1,34.7,0,0,8.6,3.01,2.97,0,1,0,0,0,0,0,0,0,0,1
21.3,0,54326.0,1,3.67,76.8,1,24.9,1,0,6.0,1.86,1.72,0,0,0,0,1,0,0,0,1,0,0
17.1,1,34124.0,1,3.18,84.6,2,29.4,1,0,4.9,2.55,2.43,0,0,0,0,0,1,0,0,0,1,0
21.9,0,25772.0,0,3.41,74.4,4,24.2,0,1,5.2,0.47,1.25,0,1,0,0,1,0,0,0,1,0,0
18.7,1,29740.5,1,4.0,90.1,4,20.4,1,0,5.5,3.44,3.53,0,0,0,1,0,0,1,0,1,0,0
18.0,1,28701.0,1,3.67,87.8,3,27.5,0,1,5.5,0.0,0.6,1,0,0,1,0,0,1,0,1,0,0
17.7,0,35167.0,0,6.79,85.6,1,44.2,1,1,4.4,2.95,3.12,0,0,0,0,0,0,1,0,0,0,1
23.4,0,25000.0,1,5.36,78.3,3,24.3,0,0,4.2,1.54,1.09,1,0,1,0,0,0,0,1,0,0,0
19.6,1,25000.0,1,3.92,82.4,2,28.5,1,1,5.4,3.59,3.09,0,0,0,0,0,0,0,1,1,0,0
24.4,0,44028.0,1,4.86,81.0,2,26.8,0,1,1.7,4.0,3.76,0,0,0,0,0,0,0,0,0,0,0
19.8,0,50964.0,1,3.31,82.2,1,22.4,0,0,5.2,2.54,2.56,0,0,1,0,0,0,0,0,0,0,1
17.2,0,46508.0,1,5.39,71.3,1,44.8,1,0,5.9,2.21,2.61,0,1,0,0,0,0,1,0,1,0,0
18.5,1,32630.0,1,5.73,82.8,2,13.7,1,1,2.7,2.39,2.21,0,0,1,0,0,0,1,0,1,0,0
23.7,1,47114.0,1,4.78,84.6,2,29.0,0,1,7.9,1.03,1.17,1,0,1,0,0,0,0,0,0,1,0
20.7,0,45618.0,1,3.34,93.6,2,19.9,0,0,6.3,2.77,3.18,0,0,0,1,1,0,0,0,1,0,0
19.8,1,47695.0,1,4.77,73.9,1,36.8,0,0,7.8,2.07,2.52,0,1,0,0,0,0,0,0,0,0,0
21.4,0,25000.0,1,3.1,72.5,3,31.6,0,0,6.3,0.0,0.04,1,0,0,0,0,0,0,0,0,1,0
22.1,1,25000.0,1,2.2,89.9,0,44.2,1,0,6.1,1.27,0.94,0,0,0,1,0,0,0,0,0,1,0
23.5,1,25000.0,1,4.34,69.9,0,38.8,0,0,8.2,1.0,1.11,1,0,1,0,0,0,0,0,1,0,0
24.2,0,29424.0,1,1.88,93.6,2,31.0,0,0,7.9,1.45,1.35,0,0,1,0,0,0,0,1,0,0,1
20.2,0,25715.0,1,3.46,91.5,1,38.9,1,1,9.0,2.69,2.43,0,0,0,0,0,0,1,0,1,0,0
18.1,0,25000.0,1,4.48,86.6,1,40.0,0,0,5.3,3.73,3.54,0,1,0,0,0,0,1,0,0,0,0
20.1,1,83535.0,1,6.03,69.9,1,19.0,0,0,4.1,4.0,3.98,0,0,0,1,0,0,0,0,0,0,0
21.6,1,25225.0,1,3.17,80.7,6,39.3,0,0,3.4,2.59,2.31,0,0,1,0,0,0,1,0,0,1,0
18.9,1,32979.0,0,2.68,81.6,1,33.6,1,1,3.7,2.67,2.48,0,0,0,1,0,0,0,0,0,0,0
18.9,1,62738.0,1,5.03,84.3,4,35.9,1,0,6.7,1.21,1.66,1,0,0,1,0,1,0,0,0,1,0
21.8,0,25000.0,1,4.28,86.4,2,25.1,0,1,10.0,0.71,0.79,1,1,0,0,0,1,0,0,0,0,0
20.9,0,25000.0,1,4.1,76.0,1,19.7,1,1,8.2,3.05,2.31,0,0,1,0,1,0,0,0,1,0,0
21.1,1,25000.0,1,2.07,90.5,1,17.6,0,0,5.2,1.54,1.41,0,0,1,0,0,0,0,0,1,0,0
19.3,0,25000.0,1,5.41,86.2,1,5.0,1,0,6.9,1.24,0.82,1,0,0,1,1,0,0,0,0,0,0
20.5,1,26793.0,1,1.26,86.1,4,21.5,0,0,4.5,1.15,0.63,1,0,0,1,1,0,0,0,0,0,0
19.0,0,70847.0,1,4.25,80.2,1,59.3,1,1,4.6,1.4,1.94,0,0,1,0,0,0,0,1,0,0,0
23.0,1,44537.0,1,5.59,85.1,1,39.9,0,0,3.6,2.71,2.49,0,1,0,0,0,0,0,0,1,0,0
23.3,0,52829.0,1,4.15,64.9,1,33.8,1,0,3.8,3.41,3.4,1,0,1,0,0,0,1,0,0,0,0
17.0,1,30585.0,1,3.68,85.2,2,41.5,1,1,6.5,1.74,2.34,0,0,0,1,0,1,0,0,1,0,0
19.0,1,25000.0,1,2.65,95.3,2,26.9,0,0,8.2,3.36,3.03,0,1,0,0,0,0,1,0,0,0,0
17.7,1,25000.0,1,3.26,88.2,0,25.3,0,1,7.4,1.62,1.52,0,0,1,0,0,0,1,0,0,1,0
19.6,1,25000.0,1,6.85,87.3,2,26.5,0,0,8.1,1.17,0.98,0,1,0,0,0,0,0,0,1,0,0
20.8,1,36896.0,1,3.29,88.2,0,21.2,1,0,6.9,3.87,4.0,0,0,0,0,0,0,0,0,1,0,0
17.8,1,30305.0,0,4.59,91.7,1,22.2,1,1,5.4,2.72,3.25,0,1,0,0,1,0,0,0,0,1,0
19.0,1,26210.0,1,2.92,80.4,2,29.8,0,1,4.6,2.85,2.88,0,0,1,0,0,0,0,1,1,0,0
18.8,0,25000.0,1,3.61,89.9,1,30.8,0,0,6.5,2.77,2.28,0,0,1,0,0,0,1,0,1,0,0
21.5,1,99412.0,1,1.88,85.7,2,45.9,1,0,2.5,2.88,3.09,0,0,0,0,0,0,1,0,0,0,0
21.2,0,25000.0,1,3.94,82.5,0,42.3,1,1,4.4,1.37,1.65,0,0,0,0,1,0,0,0,0,0,0
19.4,1,51880.0,1,3.53,92.8,4,12.2,1,0,4.1,3.58,3.38,0,0,0,1,0,1,0,0,0,0,0
21.4,0,29767.0,1,5.75,76.5,2,26.5,1,1,7.7,3.36,3.09,0,1,0,0,1,0,0,0,0,0,0
19.8,0,28665.0,0,2.9,76.8,1,16.7,1,1,3.0,3.02,2.83,1,0,0,1,0,0,0,0,0,0,0
20.4,1,60233.0,1,3.44,63.1,1,5.0,0,1,7.2,0.41,0.61,1,0,1,0,0,0,0,0,1,0,0
24.7,0,71505.0,1,5.18,74.6,0,31.0,0,1,6.2,0.8,0.94,0,1,0,0,0,1,0,0,0,1,0
23.9,1,25752.0,1,3.96,78.5,1,36.9,1,0,6.2,2.98,3.1,0,0,1,0,0,0,0,1,0,0,0
18.1,0,48027.0,1,3.79,81.6,1,30.9,0,0,4.7,4.0,4.0,0,0,0,0,1,0,0,0,1,0,0
22.8,0,36987.0,0,3.77,85.6,0,35.2,0,1,2.9,4.0,4.0,0,0,0,0,0,0,0,1,1,0,0
22.8,1,29866.0,1,2.71,89.0,1,26.0,0,1,6.4,2.33,2.16,0,0,0,1,1,0,0,0,1,0,0
18.5,1,33609.0,1,3.44,71.4,1,17.7,0,0,7.1,1.12,0.95,0,0,1,0,1,0,0,0,1,0,0
22.8,1,25000.0,1,4.1,82.9,3,25.6,0,0,6.4,1.35,1.19,1,0,1,0,1,0,0,0,0,0,0
24.4,1,25000.0,1,2.49,74.1,2,46.4,0,1,5.2,1.17,1.44,0,1,0,0,0,0,0,0,1,0,0
18.5,0,25000.0,1,2.62,71.4,1,34.5,0,1,3.5,3.62,3.73,0,0,1,0,0,0,0,1,1,0,0
19.0,1,51064.0,1,5.58,84.6,0,11.8,1,0,4.4,3.3,3.69,0,0,1,0,0,0,0,0,0,1,0
23.2,1,28082.0,1,4.65,82.8,3,31.6,1,1,6.3,3.89,3.81,0,0,0,1,0,0,1,0,0,0,0
21.6,1,25000.0,1,4.39,85.9,0,45.3,0,0,4.1,2.22,2.44,0,0,0,0,0,0,0,1,0,0,0
22.2,1,25000.0,1,3.29,86.6,2,39.1,0,0,3.8,2.81,2.43,0,0,1,0,0,0,1,0,0,1,0
21.7,1,25000.0,0,4.29,78.1,4,45.4,1,0,2.9,3.33,3.09,0,0,0,1,0,0,1,0,0,0,0
21.9,0,25000.0,1,0.88,90.8,1,12.1,0,0,6.5,1.82,2.0,0,0,0,1,1,0,0,0,0,0,0
18.1,1,30412.0,1,2.43,74.7,2,31.5,1,0,6.4,2.03,2.06,0,1,0,0,0,0,1,0,0,0,0
23.3,0,27401.0,1,4.81,73.6,3,25.8,1,0,7.6,1.31,1.74,1,0,1,0,0,1,0,0,1,0,0
23.6,1,97547.0,1,3.12,85.2,1,37.1,0,0,1.6,3.56,3.13,0,1,0,0,0,0,0,1,0,1,0
20.5,1,41980.0,1,3.73,83.7,2,19.8,0,0,7.6,2.68,2.9,0,0,1,0,0,0,0,0,0,0,0
20.9,0,40875.0,0,4.47,75.5,1,19.6,0,1,7.5,1.03,0.73,0,1,0,0,0,0,0,0,0,0,0
17.6,1,25000.0,1,3.02,75.3,2,30.0,1,0,7.7,2.56,2.23,0,0,1,0,0,0,0,0,0,1,0
22.1,1,25000.0,1,3.19,85.0,3,18.9,0,0,5.7,4.0,4.0,0,0,0,1,0,0,0,0,0,0,0
22.3,0,25000.0,0,3.53,84.0,1,33.1,0,1,5.9,2.38,2.46,0,0,1,0,1,0,0,0,0,1,0
20.9,1,25000.0,1,4.2,73.7,0,5.5,1,0,5.9,2.73,2.36,1,0,0,0,0,0,1,0,0,0,0
23.5,1,25000.0,1,1.88,76.9,0,44.1,1,0,3.9,1.92,2.36,0,1,0,0,0,0,1,0,1,0,0
20.3,0,25000.0,1,4.39,74.7,1,5.0,1,0,3.9,2.52,2.92,0,0,1,0,0,0,1,0,1,0,0
22.2,0,25000.0,1,3.97,65.0,2,40.9,0,0,5.9,1.0,1.65,1,0,1,0,0,0,0,0,0,1,0
18.8,1,50234.0,1,4.14,92.9,2,23.0,0,1,5.1,3.68,4.0,0,0,0,1,1,0,0,0,0,0,0
20.9,1,27289.0,1,3.04,83.9,2,12.6,0,0,6.8,1.66,1.33,0,0,1,0,0,0,1,0,0,1,0
20.6,1,25000.0,1,3.93,91.3,0,32.0,0,0,4.9,1.28,1.11,0,0,0,0,0,0,1,0,0,0,0
21.5,1,29636.0,1,5.24,79.6,1,40.6,0,0,2.9,3.83,3.76,0,0,1,0,0,0,0,0,0,0,0
20.2,0,59900.0,1,4.89,74.2,1,43.9,0,0,2.9,3.22,3.16,0,0,0,0,0,0,0,1,0,0,0
20.7,0,29808.0,1,5.6,75.0,2,43.5,1,0,4.1,1.59,1.67,0,0,0,1,0,1,0,0,0,0,0
22.8,0,41119.0,1,2.83,75.0,1,19.7,1,1,6.8,0.0,0.0,1,0,0,0,0,0,1,0,0,0,0
20.0,1,25000.0,1,4.89,77.9,0,32.5,1,1,4.6,3.36,3.65,0,0,1,0,0,0,0,0,0,0,0
17.5,1,25000.0,0,3.19,69.6,1,8.7,0,0,6.0,1.52,1.54,1,1,0,0,0,0,1,0,0,0,0
24.8,0,36768.0,1,1.05,78.9,3,31.0,1,0,2.5,0.75,0.25,0,1,0,0,0,0,1,0,0,0,0
24.0,1,92558.0,1,5.21,77.4,2,34.1,1,0,5.8,2.3,2.17,0,0,0,1,0,0,0,1,0,0,0
18.2,0,70113.0,1,5.0,89.0,0,25.5,1,1,5.6,4.0,3.87,0,0,0,0,0,0,0,0,0,0,0
22.5,0,42180.0,1,5.93,86.3,0,8.0,0,0,7.6,2.45,2.42,0,0,0,0,0,0,1,0,0,0,0
19.9,0,32561.0,1,2.1,78.9,1,22.9,0,0,5.8,1.25,1.34,0,0,0,1,0,0,0,0,0,0,0
21.6,1,68916.0,1,4.21,85.8,2,52.9,0,0,6.9,3.27,2.99,0,0,1,0,0,1,0,0,0,0,0
21.6,1,47897.0,0,3.71,73.2,2,34.7,0,0,9.0,0.05,0.0,1,0,0,0,0,0,0,0,0,1,0
20.5,0,25000.0,1,5.49,71.9,2,24.2,0,1,5.6,4.0,3.74,0,0,1,0,0,1,0,0,1,0,0
19.3,0,25000.0,1,2.19,81.2,2,28.1,0,1,8.3,0.09,0.0,1,0,0,0,0,0,0,0,1,0,0
19.5,0,36420.0,1,3.67,82.8,3,34.6,1,1,5.7,1.18,0.8,1,0,0,0,0,0,0,0,0,0,0
19.0,1,25000.0,1,4.12,80.9,1,11.4,1,0,4.5,0.85,0.68,0,0,0,0,0,0,1,0,0,0,0
19.2,0,25000.0,1,4.96,92.8,2,12.0,1,1,5.3,3.44,3.59,0,1,0,0,0,0,1,0,0,0,0
20.9,0,25000.0,1,4.54,87.5,1,21.2,0,0,4.6,0.53,0.54,1,0,0,0,0,1,0,0,1,0,0
19.4,1,25497.0,1,3.96,90.3,1,23.9,1,1,4.7,1.13,0.54,0,1,0,0,1,0,0,0,0,0,0
22.5,0,25023.0,1,3.6,77.6,3,51.5,0,0,4.5,1.88,2.16,1,0,1,0,0,0,0,1,1,0,0
24.3,0,25000.0,1,3.88,84.7,2,30.8,1,0,5.0,1.99,2.11,0,0,0,0,0,0,0,0,0,1,0
19.7,1,48785.0,1,4.98,73.7,2,23.8,1,0,6.8,1.95,1.58,0,0,0,0,0,0,0,1,1,0,0
21.5,1,25358.0,1,2.93,76.1,1,30.7,0,1,2.4,2.54,2.81,0,1,0,0,0,1,0,0,1,0,0
22.1,0,29740.5,1,4.0,84.6,1,5.7,1,1,5.5,1.04,0.84,0,0,0,0,0,0,0,1,0,1,0
22.0,1,25000.0,1,3.7,74.9,2,19.2,0,0,5.7,2.82,2.49,0,0,1,0,0,0,0,0,0,0,0
21.2,0,54974.0,1,1.29,75.7,1,21.0,1,1,8.0,1.23,1.51,1,0,0,1,1,0,0,0,0,0,0
22.6,1,25000.0,0,1.46,85.4,1,17.8,1,0,4.8,0.28,0.33,0,0,1,0,0,0,0,1,1,0,0
22.1,1,25000.0,1,2.06,75.9,1,44.8,0,0,7.5,0.21,0.51,1,1,0,0,0,1,0,0,0,0,1
18.3,0,33788.0,1,3.72,89.7,1,37.9,0,0,4.0,3.09,3.0,0,0,0,1,0,0,0,0,0,0,0
22.9,0,25000.0,1,4.65,80.3,1,15.5,1,0,4.7,3.66,3.79,0,0,0,1,0,1,0,0,0,0,1
23.0,1,25000.0,1,3.2,80.6,0,14.8,0,0,6.2,2.89,2.9,1,0,1,0,0,0,0,0,1,0,0
19.3,0,34720.0,1,1.89,84.0,1,14.9,0,0,6.6,0.57,0.83,0,1,0,0,1,0,0,0,1,0,0
21.1,1,25000.0,1,5.23,80.9,2,27.8,1,0,5.0,2.65,2.85,0,1,0,0,0,0,0,1,1,0,0
22.5,1,119010.0,1,4.36,84.2,2,32.4,1,0,5.9,2.01,1.89,0,0,0,0,0,0,0,0,0,1,0
20.5,1,28427.0,0,3.71,74.7,2,35.0,0,0,5.2,1.42,1.57,1,0,0,0,0,0,1,0,0,0,0
23.4,1,43075.0,1,4.32,60.2,2,17.8,0,1,6.9,2.36,2.61,1,0,1,0,1,0,0,0,1,0,0
26.2,0,25000.0,1,2.63,70.7,2,27.9,1,1,5.2,1.09,1.24,0,0,0,1,0,0,0,1,1,0,0
19.3,0,25000.0,1,5.34,78.4,1,29.3,1,1,5.1,3.24,3.17,0,1,0,0,0,0,1,0,0,0,0
18.0,0,25000.0,1,4.41,85.9,3,44.4,1,1,7.3,2.25,3.01,0,1,0,0,0,0,0,1,0,0,0
21.7,0,25000.0,0,3.81,99.3,1,39.3,1,0,5.9,2.56,2.88,0,0,1,0,1,0,0,0,0,1,0
22.6,1,38152.0,1,3.56,77.3,3,12.8,1,1,6.7,2.9,2.91,0,0,0,1,0,1,0,0,0,0,0
20.5,0,55345.0,1,4.09,76.8,2,7.4,0,1,10.0,0.0,0.36,1,0,0,0,0,0,0,0,0,0,0
24.2,0,36562.0,1,4.63,84.7,5,28.7,0,1,1.9,3.2,3.01,0,1,0,0,0,0,1,0,1,0,0
18.1,0,25952.0,0,1.73,83.8,2,22.4,0,0,3.7,1.96,1.84,0,0,0,0,0,0,0,0,1,0,0
22.5,0,25000.0,1,2.98,84.0,3,18.5,1,0,3.8,1.72,1.89,0,0,0,0,0,1,0,0,0,0,0
19.7,0,57998.0,1,3.57,80.0,1,20.9,1,0,4.0,1.14,0.96,1,0,0,0,0,1,0,0,1,0,0
24.8,1,103028.0,1,3.52,66.2,2,37.0,1,0,8.1,1.32,1.36,1,0,1,0,0,0,0,1,1,0,0
25.4,0,32242.0,1,3.07,83.6,1,12.0,0,0,1.0,4.0,3.4,0,0,0,0,0,0,0,0,0,0,0
19.3,0,52241.0,1,5.01,81.6,4,52.2,1,0,6.4,3.11,3.15,0,0,0,1,0,1,0,0,0,1,0
19.8,0,36535.0,1,3.1,69.3,3,21.4,1,1,2.7,2.72,2.69,1,0,0,0,0,1,0,0,0,0,0
22.9,1,46784.0,1,2.61,86.7,4,37.6,1,0,5.5,0.82,0.75,0,0,0,1,0,0,0,1,1,0,0
20.1,1,25000.0,0,3.39,87.8,3,22.0,0,0,6.0,1.53,1.48,1,0,0,0,0,0,0,1,0,1,0
20.9,0,25000.0,1,5.96,86.5,2,11.8,0,0,7.1,2.33,2.06,1,0,0,1,0,0,0,1,1,0,0
21.1,1,37695.0,1,4.02,78.7,2,28.2,1,0,5.0,2.88,3.29,0,0,0,0,0,0,1,0,1,0,0
17.0,0,61543.0,1,3.37,83.8,2,15.0,0,0,5.2,2.52,2.76,0,0,0,1,0,1,0,0,1,0,0
21.0,1,25000.0,0,3.57,74.8,2,31.8,0,0,1.8,2.18,2.09,0,0,1,0,0,0,0,1,0,0,0
19.5,1,25000.0,1,1.72,70.9,2,29.7,1,0,9.6,0.0,0.0,1,0,1,0,0,0,1,0,0,0,0
19.9,1,25000.0,1,3.76,81.2,4,21.7,1,0,6.1,3.43,3.46,0,1,0,0,0,0,0,1,0,0,0
24.2,0,54507.0,0,4.31,70.0,3,31.8,0,0,6.3,3.16,3.4,0,0,0,1,0,0,1,0,1,0,0
18.2,1,25000.0,0,4.57,80.9,1,42.5,1,1,7.4,3.32,3.43,0,0,0,0,0,0,0,0,0,0,0
22.8,1,25000.0,1,3.79,81.6,3,28.7,0,0,5.4,3.06,2.78,0,0,0,0,0,1,0,0,0,0,0
20.4,1,32648.0,0,3.03,75.5,2,21.3,1,0,6.3,1.9,1.75,0,0,0,0,0,0,0,1,0,0,0
20.4,1,27734.0,1,5.18,97.5,2,34.8,0,1,6.8,3.05,2.89,0,1,0,0,1,0,0,0,0,0,0
22.7,1,29740.5,1,4.0,77.2,2,35.3,1,0,5.5,3.05,2.78,0,0,0,1,1,0,0,0,1,0,0
21.7,1,25000.0,1,2.72,83.7,0,26.6,0,0,6.5,0.0,0.34,0,1,0,0,0,0,1,0,0,1,0
22.3,0,25000.0,1,3.0,80.5,4,46.5,0,0,9.2,2.81,2.67,0,0,0,1,0,1,0,0,0,0,0
23.1,0,60907.0,1,3.56,89.5,3,26.4,0,0,8.6,2.56,2.4,0,0,0,0,0,0,0,1,0,0,0
20.3,1,25000.0,1,3.62,79.3,1,47.9,1,1,8.3,2.56,2.12,0,0,0,1,0,0,0,1,0,0,0
19.7,1,72124.0,1,3.3,71.9,2,22.1,1,0,8.9,0.0,0.32,1,1,0,0,0,0,0,0,0,1,0
18.6,0,25000.0,1,4.41,85.3,1,40.2,0,0,3.2,3.33,3.66,0,0,1,0,0,0,0,0,0,0,0
19.2,1,49495.0,1,3.89,70.0,1,27.4,0,0,4.6,1.76,1.91,1,0,1,0,0,0,0,1,0,1,0
27.5,0,25000.0,1,5.15,75.2,1,33.2,1,0,3.9,1.48,1.4,1,0,0,1,0,0,0,1,1,0,0
23.7,0,25000.0,0,4.1,77.9,0,5.7,0,1,10.0,0.54,0.47,1,0,0,0,0,0,0,1,0,0,0
18.0,1,25000.0,1,3.54,78.2,1,56.0,0,1,5.9,0.53,0.5,1,0,1,0,1,0,0,0,0,1,0
18.1,1,41231.0,1,3.34,79.2,3,33.8,1,1,3.0,1.08,1.69,0,0,1,0,1,0,0,0,0,0,0
22.1,0,29611.0,1,3.48,78.6,5,42.2,0,1,3.5,2.36,2.53,0,0,1,0,0,0,0,0,0,1,0
22.2,1,58167.0,0,2.6,83.0,0,13.5,0,0,5.7,1.6,1.2,1,0,1,0,0,0,0,0,1,0,0
22.2,1,70364.0,1,3.69,76.6,1,32.1,0,0,3.0,3.03,2.52,0,0,0,1,0,1,0,0,0,0,0
20.4,1,25000.0,0,4.62,85.5,3,27.8,1,0,8.9,1.37,1.45,1,0,0,1,0,0,0,0,0,1,0
20.7,0,25000.0,1,5.01,75.3,0,17.3,0,0,6.9,2.04,1.76,0,1,0,0,0,0,1,0,1,0,0
21.7,0,25000.0,1,4.23,71.8,2,45.4,0,1,6.1,1.76,1.67,0,0,0,0,0,0,1,0,0,0,0
21.2,1,25000.0,1,8.4,72.9,1,31.8,0,0,3.6,3.58,3.48,0,1,0,0,0,0,0,0,0,1,0
17.0,0,57672.0,1,4.42,78.7,3,29.4,1,1,3.1,3.66,3.3,0,1,0,0,0,0,1,0,0,1,0
20.5,1,41615.0,1,1.75,89.8,4,37.5,0,0,6.1,1.68,1.68,0,0,1,0,0,0,0,1,1,0,0
19.1,0,25000.0,1,4.54,81.8,0,19.7,0,0,5.7,2.37,2.25,0,0,0,1,0,0,1,0,0,1,0
21.4,1,29535.0,1,5.47,78.3,1,31.9,0,1,3.2,2.91,2.82,0,0,0,0,0,0,1,0,0,1,0
27.6,0,69050.0,1,3.65,81.7,3,31.1,1,0,5.4,2.82,2.95,0,0,1,0,0,0,1,0,0,0,1
21.8,0,29740.5,1,4.0,72.3,1,31.6,0,0,5.5,1.34,1.28,0,1,0,0,0,0,0,0,1,0,0
20.3,1,34739.0,1,1.65,68.3,3,42.3,0,0,6.8,2.6,2.79,1,0,0,1,1,0,0,0,0,0,0
23.0,1,25000.0,1,3.87,74.1,0,24.9,0,0,9.3,1.1,1.24,1,0,1,0,0,1,0,0,1,0,0
22.1,1,35539.0,1,2.68,73.6,4,23.6,1,1,1.8,2.58,2.6,0,1,0,0,0,0,0,1,1,0,0
21.9,1,52096.0,1,3.73,100.0,1,22.6,0,0,6.9,3.3,4.0,0,0,0,0,0,0,1,0,0,1,0
22.3,1,34023.0,1,3.51,97.4,1,22.1,1,0,4.2,3.41,3.47,0,0,0,0,0,0,0,1,1,0,0
25.5,0,45978.0,1,5.91,97.3,2,43.2,1,0,6.3,1.99,2.3,0,1,0,0,0,0,1,0,0,0,0
18.5,0,36836.0,1,5.09,72.3,0,29.2,1,1,5.7,1.3,0.6,0,1,0,0,0,0,0,1,1,0,0
22.0,1,25000.0,1,3.27,96.0,2,42.3,0,0,6.4,4.0,3.66,0,1,0,0,0,0,0,0,1,0,0
19.0,0,25000.0,1,3.46,76.3,3,33.3,0,1,3.3,4.0,3.99,0,0,1,0,1,0,0,0,0,0,0
22.2,0,25000.0,1,5.21,95.2,2,19.5,1,0,7.2,2.93,2.31,0,0,1,0,1,0,0,0,0,0,0
19.0,0,56345.0,1,4.15,85.5,1,11.9,0,0,5.6,1.69,2.08,0,0,1,0,0,0,0,1,0,0,0
20.1,1,25000.0,1,4.41,74.1,1,12.6,0,0,8.0,2.51,2.41,0,0,0,0,0,0,0,1,1,0,0
20.4,1,39087.0,1,5.54,95.2,2,19.3,0,0,8.4,3.38,3.09,0,0,0,1,1,0,0,0,0,1,0
23.1,1,35675.0,1,3.0,94.9,2,42.2,0,1,5.9,3.41,3.57,0,0,0,0,1,0,0,0,0,0,0
23.0,1,77012.0,0,5.24,73.5,0,45.6,0,1,7.3,3.37,3.26,0,0,0,1,0,0,0,0,0,0,0
18.3,0,28998.0,1,3.49,84.6,4,31.1,1,1,7.1,3.28,3.54,0,0,1,0,0,1,0,0,0,0,0
21.1,0,25000.0,0,1.08,66.5,0,41.1,0,0,7.9,0.0,0.0,1,0,0,0,1,0,0,0,1,0,0
19.4,1,43832.0,1,2.48,78.8,1,23.3,1,0,7.8,2.31,2.49,0,0,0,1,0,0,0,0,0,1,0
18.2,1,107241.0,1,2.79,78.9,4,22.5,0,1,3.4,2.47,2.07,0,0,0,0,1,0,0,0,1,0,0
20.5,0,45589.0,1,5.74,78.7,3,39.2,0,1,6.0,1.28,1.21,0,0,1,0,0,0,1,0,1,0,0
20.3,0,25000.0,0,3.84,94.9,1,32.0,1,0,3.0,3.65,3.04,0,0,0,1,0,1,0,0,0,1,0
26.3,0,25000.0,1,3.6,71.3,2,38.8,0,1,4.6,2.78,2.93,0,0,1,0,0,0,1,0,0,0,0
22.0,1,29740.5,1,4.0,65.2,3,30.6,1,1,5.5,3.78,3.77,0,0,0,0,1,0,0,0,1,0,0
18.0,0,98912.0,1,2.99,88.0,1,25.5,1,1,6.6,3.07,2.53,0,0,0,1,0,0,1,0,0,1,0
19.8,0,25000.0,1,3.49,71.5,2,27.4,1,1,5.1,1.52,1.16,1,0,1,0,1,0,0,0,0,0,0
23.2,0,25000.0,1,4.04,74.9,2,33.7,0,1,5.2,2.32,1.39,0,1,0,0,0,1,0,0,0,0,0
25.6,1,27036.0,0,3.93,90.9,3,32.9,1,0,7.3,2.09,2.18,0,0,0,1,0,0,1,0,0,0,0
17.5,1,25000.0,1,4.44,92.8,3,18.8,0,0,7.1,3.44,3.26,0,1,0,0,1,0,0,0,1,0,0
17.0,1,76160.0,1,4.71,78.5,0,28.5,0,0,6.0,1.19,1.85,1,1,0,0,0,0,1,0,1,0,0
25.1,0,25000.0,1,2.92,88.9,1,11.8,0,0,6.8,0.0,0.03,0,1,0,0,0,0,0,0,0,0,0
21.9,0,60378.0,0,1.57,94.5,3,25.8,0,0,6.7,0.89,0.97,1,0,0,1,0,1,0,0,0,1,0
19.1,0,31992.0,1,4.52,78.7,2,19.0,0,1,9.0,0.0,0.0,1,0,1,0,0,0,0,0,0,0,1
22.2,0,61342.0,1,1.59,88.3,1,5.0,1,1,5.1,2.41,3.06,0,0,1,0,1,0,0,0,0,0,0
17.0,1,76847.0,1,4.42,78.6,5,56.5,1,1,4.1,2.72,3.19,0,0,0,0,0,0,0,0,1,0,0
21.0,1,31285.0,1,4.95,71.2,2,20.7,0,0,5.9,1.37,1.52,0,0,0,0,0,0,0,1,1,0,0
21.7,1,25000.0,1,5.46,82.0,1,18.7,0,1,3.8,2.7,3.09,0,0,1,0,0,1,0,0,0,0,0
23.0,1,30937.0,0,3.83,80.0,1,49.5,1,0,4.8,0.4,0.33,0,0,0,0,0,0,0,0,1,0,0
18.8,0,28089.0,1,6.61,74.6,1,15.9,0,0,6.3,0.39,0.69,0,0,0,0,0,1,0,0,0,0,0
21.2,0,25000.0,1,2.19,79.3,0,12.6,0,0,4.6,1.34,0.96,1,1,0,0,0,0,1,0,0,0,0
19.0,1,75470.0,1,5.89,80.2,3,27.5,0,0,5.1,1.14,0.87,0,0,1,0,1,0,0,0,1,0,0
21.6,0,34457.0,1,3.0,84.2,0,24.1,0,0,5.0,3.67,3.42,0,0,1,0,1,0,0,0,1,0,0
19.0,0,25000.0,1,4.05,90.3,2,22.3,0,0,4.7,3.03,3.25,0,1,0,0,1,0,0,0,0,1,0
20.1,1,25000.0,1,4.2,90.3,1,19.0,0,1,3.5,2.73,2.35,0,0,1,0,0,0,0,0,1,0,0
18.8,1,25000.0,1,5.75,81.3,6,27.7,0,0,7.3,3.28,3.08,1,0,0,0,0,1,0,0,1,0,0
22.4,1,47207.0,1,2.57,77.6,2,49.6,0,1,8.0,2.92,2.91,1,1,0,0,0,0,0,0,1,0,0
22.9,1,25000.0,1,6.78,92.7,0,10.7,0,0,7.2,4.0,3.92,0,0,1,0,0,0,0,0,0,0,0
20.5,0,25000.0,1,1.21,81.2,3,40.1,1,0,7.2,0.7,0.56,1,1,0,0,0,1,0,0,0,0,0
21.1,1,39851.0,1,3.9,77.2,2,48.4,0,1,4.8,2.39,2.49,0,0,1,0,0,0,1,0,0,0,0
17.8,1,25000.0,1,4.75,83.4,0,22.5,0,0,5.8,3.32,3.42,0,1,0,0,0,0,0,0,0,0,0
20.3,0,41271.0,1,5.34,67.4,1,34.5,1,0,4.1,3.92,3.97,0,0,1,0,0,1,0,0,0,0,0
20.9,0,31482.0,1,2.14,78.2,0,28.5,1,0,5.3,2.06,2.22,1,1,0,0,0,0,1,0,1,0,0
26.8,1,28269.0,1,1.44,77.7,2,9.4,0,1,5.4,0.45,0.11,0,1,0,0,1,0,0,0,0,0,0
18.6,0,25000.0,1,5.7,75.7,1,44.6,0,0,3.0,2.7,2.98,0,0,0,1,0,1,0,0,1,0,0
24.2,1,25000.0,1,4.32,85.0,1,30.4,1,1,5.7,3.75,3.88,0,0,1,0,1,0,0,0,1,0,0
23.2,1,42682.0,1,1.52,90.6,1,23.7,0,1,4.5,1.78,1.98,1,1,0,0,0,1,0,0,1,0,0
21.6,0,25000.0,1,3.34,95.5,1,11.7,0,0,6.0,2.09,1.89,0,0,0,1,1,0,0,0,0,0,0
24.9,1,61281.0,1,3.04,78.0,2,36.3,0,1,5.1,2.33,2.27,1,0,0,0,0,0,0,0,0,0,0
21.8,0,121521.0,0,5.47,79.7,2,31.8,0,0,6.1,2.48,2.46,0,1,0,0,0,0,0,0,0,0,0
21.9,1,44083.0,1,3.53,76.6,1,37.3,1,1,6.8,2.99,2.66,1,0,0,1,0,0,0,1,0,0,0
20.9,1,72817.0,1,3.76,86.3,2,36.7,0,0,3.2,1.17,1.0,0,0,0,0,0,1,0,0,1,0,0
23.7,0,45818.0,1,3.67,67.1,2,20.2,0,0,4.9,2.9,3.15,0,1,0,0,0,0,0,0,0,0,0
23.4,1,25000.0,1,6.17,78.9,2,5.0,0,0,4.3,0.63,0.21,0,0,1,0,0,0,1,0,0,0,1
19.6,0,33526.0,1,5.18,84.3,1,28.7,1,0,7.6,0.0,0.01,1,0,1,0,1,0,0,0,1,0,0
18.1,0,99508.0,1,4.9,77.0,1,27.9,1,1,8.6,0.58,0.02,0,1,0,0,0,0,0,0,1,0,0
20.6,0,25000.0,1,4.26,78.6,0,32.0,0,1,5.6,1.7,1.3,1,0,1,0,1,0,0,0,0,0,0
19.2,0,25000.0,1,4.25,89.9,0,48.2,0,0,6.2,3.7,3.49,0,0,0,1,0,0,0,0,0,0,0
20.9,1,25000.0,0,2.82,81.5,1,29.4,0,0,2.8,4.0,4.0,0,0,0,0,0,0,0,0,1,0,0
23.7,0,26095.0,1,5.13,91.6,4,38.3,0,0,6.0,1.41,1.19,1,0,1,0,1,0,0,0,0,0,0
20.0,0,25000.0,1,3.51,95.1,3,34.5,0,0,5.0,2.71,2.21,0,0,0,1,0,1,0,0,0,1,0
20.9,0,29740.5,1,4.0,71.2,3,13.4,0,0,5.5,0.98,1.33,0,0,0,1,0,0,0,0,0,0,0
21.1,0,33854.0,1,3.81,79.7,4,14.5,0,0,5.1,1.29,1.31,1,0,0,0,0,0,0,1,0,1,0
22.9,0,53265.0,1,4.02,94.7,1,43.8,0,0,4.0,4.0,3.92,0,1,0,0,0,0,0,1,1,0,0
17.0,1,25000.0,1,5.75,61.8,3,19.4,0,1,3.1,2.33,1.97,0,0,0,1,0,0,0,1,0,0,0
19.7,0,25000.0,1,5.11,69.6,3,34.4,0,0,5.8,2.5,2.31,0,0,1,0,1,0,0,0,0,0,0
21.5,1,25000.0,1,2.72,88.2,2,17.7,0,0,4.5,3.67,4.0,0,0,1,0,0,0,1,0,0,0,0
23.6,1,25000.0,1,5.35,100.0,0,39.0,1,1,7.7,3.44,3.35,0,0,1,0,0,0,1,0,1,0,0
19.9,0,36626.0,1,0.62,87.5,2,33.0,0,0,6.6,0.83,0.27,0,0,0,0,0,1,0,0,0,1,0
17.0,1,40617.0,1,4.54,83.5,0,26.4,0,1,5.3,1.54,1.56,0,0,1,0,1,0,0,0,0,0,0
22.4,1,42698.0,1,3.11,78.3,0,38.0,0,0,6.6,3.01,3.18,0,0,0,0,1,0,0,0,0,0,0
19.6,1,25000.0,1,2.17,86.4,3,33.1,1,1,8.6,1.4,1.57,0,0,1,0,0,0,0,1,0,1,0
18.4,0,29725.0,1,2.47,91.3,1,21.3,1,0,3.4,3.29,2.99,0,0,1,0,0,0,1,0,0,0,0
19.6,1,25000.0,1,5.9,88.0,3,30.1,0,0,4.4,2.67,2.7,0,1,0,0,1,0,0,0,0,1,0
20.6,0,37831.0,1,4.59,82.5,0,38.0,0,0,9.0,1.63,1.57,0,0,0,1,0,0,1,0,0,0,0
19.7,1,39634.0,1,4.49,90.3,1,43.3,1,0,4.1,4.0,3.92,0,1,0,0,0,1,0,0,0,0,0
17.0,1,25000.0,1,5.26,84.4,3,28.5,0,0,6.7,1.74,1.31,0,0,0,1,0,0,0,1,0,0,0
23.0,1,53147.0,1,3.7,86.1,3,51.4,1,0,7.6,1.82,1.09,1,0,0,0,0,0,1,0,0,0,0
23.8,0,29740.5,1,4.0,89.8,1,21.1,0,1,5.5,0.8,0.97,1,0,0,0,0,0,1,0,0,1,0
22.4,1,49065.0,1,3.71,74.5,1,11.3,1,0,6.7,1.35,1.82,0,0,1,0,1,0,0,0,0,1,0
18.5,0,26965.0,1,0.5,81.8,2,13.1,0,0,5.0,2.73,2.61,0,0,1,0,0,0,1,0,1,0,0
20.6,0,25000.0,1,6.09,82.9,1,29.9,0,0,8.8,2.48,2.86,0,0,0,1,1,0,0,0,0,0,0
21.0,0,26227.0,1,0.5,72.4,4,30.1,1,0,4.7,0.0,0.58,1,0,1,0,1,0,0,0,0,1,0
22.3,0,25000.0,1,3.65,73.3,3,31.5,0,1,3.8,1.16,1.08,1,0,0,0,0,0,0,1,0,0,0
22.5,1,29740.5,1,4.0,77.0,2,22.0,1,1,5.5,2.66,2.67,0,0,0,1,0,0,0,0,0,0,0
19.4,0,25000.0,0,0.94,90.3,0,56.7,0,0,6.8,1.17,0.72,1,0,0,1,0,1,0,0,0,0,0
21.2,0,25000.0,1,3.81,80.4,1,48.1,0,0,5.8,0.94,1.04,0,0,0,1,0,0,1,0,0,0,0
22.0,0,33920.0,1,3.79,83.0,3,16.3,0,1,5.6,3.21,3.24,0,0,0,0,1,0,0,0,0,0,1
24.2,0,30114.0,1,5.19,84.5,2,28.8,1,0,4.6,3.58,3.61,0,0,1,0,0,1,0,0,1,0,0
22.5,0,25000.0,1,4.63,87.0,2,30.6,1,0,4.2,2.06,2.12,0,0,0,1,0,1,0,0,0,0,0
22.7,0,25000.0,1,2.26,86.0,2,38.2,0,0,4.4,3.12,2.88,0,1,0,0,0,0,0,1,0,1,0
21.2,1,35378.0,1,3.16,82.5,1,11.7,1,0,6.1,0.0,0.24,1,0,1,0,0,0,1,0,0,0,0
24.1,0,25000.0,0,2.61,80.9,0,9.4,0,0,5.1,3.07,3.02,0,0,1,0,0,0,0,0,0,0,0
21.9,0,27354.0,1,1.59,90.8,5,15.4,0,0,2.8,3.18,3.81,0,0,1,0,1,0,0,0,1,0,0
19.1,0,85732.0,1,3.15,78.1,0,48.0,1,0,4.7,1.98,1.8,0,0,0,1,0,0,0,0,0,0,0
24.1,1,43946.0,0,5.93,92.9,2,22.1,1,0,5.1,2.52,2.29,0,1,0,0,0,0,0,1,0,0,0
22.5,0,29740.5,1,4.0,77.4,2,39.7,0,0,5.5,2.38,2.03,0,0,0,1,0,0,0,1,0,0,0
20.0,0,25000.0,1,4.55,79.7,1,37.1,0,1,6.0,2.31,2.56,0,0,0,1,0,0,1,0,1,0,0
19.9,1,32568.0,1,2.43,87.7,1,27.8,1,0,8.7,2.58,2.48,0,0,0,0,0,1,0,0,1,0,0
21.7,0,25000.0,1,1.46,100.0,3,39.9,1,0,3.7,1.66,1.79,0,0,0,0,0,0,0,0,0,1,0
22.0,1,25000.0,1,4.74,66.5,0,15.3,1,0,6.5,1.92,1.86,0,0,0,0,0,0,0,0,1,0,0
21.4,0,40922.0,1,5.31,88.9,3,24.3,1,0,6.6,3.7,3.38,0,0,0,0,0,0,0,1,0,1,0
21.7,1,36046.0,1,4.21,85.8,2,5.0,0,0,6.0,2.23,1.98,0,0,0,1,1,0,0,0,0,0,0
24.7,1,38963.0,1,4.99,78.4,1,31.2,0,1,5.0,0.87,0.81,1,1,0,0,0,0,1,0,0,0,0
23.4,1,34816.0,1,3.57,84.9,0,20.5,0,1,4.3,2.88,3.03,0,1,0,0,0,0,1,0,0,0,0
21.4,0,28590.0,1,4.07,72.4,2,56.3,0,0,5.4,1.37,1.35,1,1,0,0,0,1,0,0,1,0,0
23.1,1,25000.0,1,3.06,75.7,1,30.7,0,1,2.3,3.34,3.34,0,0,0,1,0,1,0,0,1,0,0
18.7,0,40525.0,1,4.5,85.4,2,39.8,0,0,3.8,4.0,4.0,0,1,0,0,0,0,1,0,0,0,0
21.9,0,74454.0,1,3.76,73.9,1,37.8,0,0,3.7,2.9,2.72,0,0,0,0,0,1,0,0,0,0,0
25.0,0,25000.0,1,4.79,83.2,1,29.1,0,0,6.4,2.38,1.99,1,0,0,0,0,0,0,0,0,0,0
20.5,1,25000.0,1,5.02,76.7,2,41.9,1,1,6.6,2.09,2.1,0,0,0,0,0,0,1,0,0,0,0
19.1,0,25000.0,1,3.54,78.4,2,30.4,0,1,3.6,3.99,3.73,0,0,1,0,0,0,0,0,0,0,0
19.6,0,25000.0,1,4.67,90.6,1,35.7,0,0,3.1,2.95,2.61,0,0,1,0,0,0,0,1,0,0,1
18.6,1,33576.0,1,3.1,72.7,1,58.3,0,0,2.9,2.51,1.82,0,0,0,1,1,0,0,0,0,0,0
19.3,1,25000.0,1,6.33,81.7,0,32.3,0,0,7.3,0.72,0.86,1,0,0,0,1,0,0,0,0,1,0
20.2,1,38696.0,1,5.84,85.8,1,23.7,1,0,7.1,2.9,2.98,0,0,0,0,1,0,0,0,0,1,0
17.9,0,43754.0,1,4.38,84.1,4,21.5,1,0,6.7,2.57,2.37,0,0,0,0,1,0,0,0,0,1,0
21.0,1,25000.0,0,3.01,77.3,1,29.0,0,0,8.2,1.46,2.45,0,0,0,1,0,0,1,0,1,0,0
23.0,1,25000.0,1,4.32,84.9,3,31.4,0,1,8.7,1.28,1.58,0,0,0,1,0,1,0,0,0,1,0
19.0,0,31189.0,1,2.42,73.8,1,30.7,0,0,3.7,1.97,1.85,0,0,1,0,1,0,0,0,1,0,0
24.3,0,27280.0,0,4.53,78.1,2,11.0,1,1,4.8,2.14,2.58,1,0,0,1,0,0,1,0,0,0,0
22.1,0,40611.0,1,1.23,94.7,0,5.0,1,1,6.9,2.69,2.83,0,0,0,0,0,0,0,0,0,1,0
23.3,0,27318.0,1,2.6,87.1,2,18.4,0,0,1.0,3.23,3.19,0,0,0,0,1,0,0,0,0,0,0
19.6,1,63504.0,1,4.48,82.0,3,30.7,0,1,5.0,1.62,1.77,0,0,1,0,0,0,0,1,0,0,0
22.9,0,25000.0,0,5.81,85.6,3,30.8,0,0,7.2,1.25,1.5,1,0,1,0,0,0,0,0,1,0,0
18.6,1,25000.0,1,4.48,75.6,1,35.5,0,0,4.9,2.17,2.39,0,0,0,1,0,1,0,0,0,0,0
23.0,0,25000.0,1,3.58,84.3,2,34.4,0,0,6.8,4.0,3.74,0,0,0,0,0,0,0,0,1,0,0
21.4,0,46225.0,1,2.75,78.4,1,24.0,0,0,1.9,4.0,3.82,0,1,0,0,1,0,0,0,0,0,0
22.2,1,30266.0,1,3.33,77.4,1,17.8,1,0,6.0,1.34,1.09,0,0,0,1,0,0,0,1,1,0,0
18.4,0,43488.0,1,1.7,81.0,2,36.3,1,0,4.7,3.08,3.16,0,0,0,0,0,0,1,0,1,0,0
19.0,1,42954.0,1,3.48,77.2,1,32.7,0,0,5.1,2.25,2.33,0,1,0,0,0,0,0,0,0,0,0
22.3,1,25000.0,1,6.86,83.1,1,16.9,1,0,3.8,3.6,3.65,0,0,0,1,0,0,0,0,0,0,0
18.9,0,25000.0,1,4.17,85.3,1,37.5,0,1,8.4,0.94,0.98,0,0,0,0,0,0,0,1,1,0,0
22.0,0,29740.5,1,4.0,79.8,3,41.5,0,1,5.5,3.26,3.91,0,0,0,0,0,1,0,0,1,0,0
18.0,0,25000.0,1,1.58,59.2,4,39.5,1,0,5.8,1.96,1.76,0,0,1,0,0,0,0,1,0,0,0
22.9,0,25000.0,1,5.83,75.1,1,41.6,1,0,9.2,2.18,2.68,0,0,0,0,0,1,0,0,1,0,0
18.3,0,54149.0,1,5.98,73.3,3,21.0,1,0,3.8,1.13,0.75,1,1,0,0,0,0,0,0,0,0,0
22.2,1,61028.0,1,4.28,85.0,1,40.2,0,0,5.8,2.54,2.57,1,0,1,0,0,0,0,0,0,0,0
22.4,1,25000.0,1,4.8,76.2,2,28.1,1,1,4.3,1.72,1.76,0,0,0,0,0,1,0,0,0,0,0
19.5,1,25571.0,1,3.13,78.0,1,54.5,0,0,4.2,0.31,0.09,1,0,1,0,0,1,0,0,0,0,1
22.3,1,25000.0,1,3.64,88.7,0,40.7,0,0,6.1,2.79,2.3,0,0,1,0,0,0,1,0,0,0,0
21.6,0,31367.0,0,7.5,75.8,1,35.2,1,0,5.0,2.93,3.13,0,1,0,0,0,0,0,1,0,0,0
19.8,1,29740.5,1,4.0,83.6,1,50.6,1,0,5.5,3.11,3.2,0,0,1,0,1,0,0,0,1,0,0
18.8,1,48237.0,1,6.38,77.1,0,23.9,1,1,8.7,1.51,1.45,1,1,0,0,0,1,0,0,0,0,0
17.0,1,48005.0,1,6.67,78.2,3,36.6,1,0,5.2,1.83,1.42,0,0,0,1,1,0,0,0,1,0,0
21.8,0,25000.0,1,4.58,72.7,1,56.8,0,1,2.7,3.65,3.15,0,0,1,0,0,0,0,1,0,0,0
17.6,0,27132.0,1,3.84,77.8,1,39.8,0,0,5.0,3.04,2.65,0,0,1,0,1,0,0,0,0,0,0
21.2,1,29740.5,1,4.0,71.1,2,31.8,1,0,5.5,2.99,2.94,0,1,0,0,0,0,0,1,0,0,0
20.4,0,25000.0,1,4.7,74.3,1,26.8,0,1,3.9,2.09,2.08,0,0,1,0,0,1,0,0,1,0,0
22.5,1,58897.0,1,4.02,76.3,2,18.4,0,0,8.4,1.75,2.13,1,0,0,1,1,0,0,0,0,1,0
20.3,0,25000.0,0,3.86,99.5,3,26.5,0,0,6.5,3.08,3.49,0,1,0,0,0,0,1,0,0,0,0
20.3,1,33023.0,1,3.38,84.1,3,20.2,0,1,3.4,2.35,1.81,1,1,0,0,1,0,0,0,1,0,0
22.6,1,25000.0,1,4.39,84.7,0,27.2,0,0,4.3,2.8,2.6,0,0,0,0,0,0,0,0,0,0,0
21.7,0,25000.0,1,4.61,77.0,0,28.7,1,0,4.6,2.02,1.89,0,0,0,0,0,0,1,0,0,1,0
21.7,0,45949.0,1,3.96,90.3,2,41.9,1,1,4.0,3.09,2.73,0,1,0,0,0,1,0,0,0,1,0
22.0,1,50468.0,1,5.53,91.6,0,25.1,0,0,3.4,2.07,2.52,0,0,0,0,0,1,0,0,0,1,0
17.6,0,30208.0,1,3.98,77.2,2,22.8,1,1,4.5,1.33,1.27,1,0,1,0,0,0,1,0,0,1,0
22.7,0,29740.5,1,4.0,90.5,0,40.6,0,0,5.5,3.08,2.88,0,0,1,0,0,0,0,0,0,0,0
22.3,0,30524.0,1,2.54,92.7,4,38.4,0,0,7.8,0.85,0.75,0,0,1,0,0,0,0,0,1,0,0
18.8,1,63218.0,1,3.73,65.4,1,27.1,1,1,6.3,1.0,0.85,0,0,0,1,0,0,0,1,0,1,0
20.5,1,84603.0,1,3.92,88.9,2,37.2,0,0,6.4,0.95,0.75,1,0,1,0,0,0,0,1,0,1,0
20.9,0,25000.0,1,0.81,75.9,2,26.9,0,0,6.1,1.21,1.29,1,0,0,1,0,1,0,0,0,0,0
20.7,1,25000.0,1,4.67,92.6,1,27.4,0,1,4.1,4.0,3.88,0,0,1,0,1,0,0,0,1,0,0
21.7,1,49228.0,1,5.19,75.6,1,48.6,1,1,7.6,3.26,3.33,0,0,0,0,0,0,0,0,1,0,0
24.1,1,25196.0,1,6.86,86.9,4,28.3,1,0,4.7,3.23,3.25,0,0,0,0,1,0,0,0,0,0,0
23.4,0,52356.0,1,2.79,67.9,3,25.1,0,1,4.9,0.74,0.52,1,0,1,0,0,0,0,0,1,0,0
18.1,1,35194.0,1,3.86,90.9,0,30.2,0,1,6.2,2.09,2.1,0,0,0,0,0,0,1,0,0,0,0
22.4,0,25000.0,1,4.59,82.6,1,6.4,0,0,10.0,0.0,0.0,1,0,0,0,0,0,0,0,0,0,0
23.9,1,30790.0,1,3.93,92.3,1,28.0,0,0,4.5,2.04,2.21,1,1,0,0,1,0,0,0,0,1,0
21.9,1,65186.0,1,3.03,76.3,1,33.1,1,0,2.6,1.8,1.51,0,1,0,0,0,0,1,0,0,1,0
23.4,1,27187.0,1,2.09,83.7,0,53.8,0,0,6.0,1.89,2.55,0,1,0,0,0,0,0,1,0,1,0
25.4,1,25000.0,1,4.09,94.2,3,31.1,0,0,6.7,2.3,2.44,0,1,0,0,0,0,0,0,0,0,0
23.3,0,25000.0,1,5.6,81.8,2,35.3,0,1,4.7,3.69,4.0,0,1,0,0,0,0,0,1,0,0,0
21.5,0,25000.0,1,4.01,85.4,0,34.2,1,1,4.4,4.0,3.82,0,0,0,1,0,0,1,0,0,0,0
23.3,1,25000.0,1,3.92,87.6,1,57.2,0,0,3.2,4.0,3.46,0,1,0,0,0,0,1,0,1,0,0
21.3,1,48630.0,0,4.5,69.6,0,42.0,0,0,6.1,3.24,3.83,1,0,0,0,1,0,0,0,1,0,0
21.1,0,25000.0,1,4.98,77.8,1,12.6,0,1,9.0,0.0,0.0,1,0,0,1,0,0,0,1,1,0,0
20.2,0,75527.0,1,4.43,91.1,2,44.7,1,0,8.6,2.95,2.94,0,0,0,1,0,0,0,0,0,0,1
24.4,0,25000.0,1,2.39,65.6,2,18.7,1,0,6.0,0.89,0.73,0,0,0,0,1,0,0,0,0,0,0
19.2,0,120438.0,1,4.6,90.9,3,22.2,0,1,4.8,1.83,1.57,0,0,0,0,0,0,0,0,0,1,0
24.4,1,83727.0,1,3.18,77.3,2,14.4,0,0,6.2,0.82,0.73,1,1,0,0,1,0,0,0,0,0,0
22.1,0,32361.0,1,3.06,98.4,1,51.9,0,1,4.9,3.55,3.21,0,0,1,0,1,0,0,0,0,0,0
17.9,1,25000.0,1,2.6,85.5,2,44.2,1,0,4.3,1.75,1.91,0,0,0,0,1,0,0,0,0,0,0
21.8,1,28760.0,0,3.89,75.6,4,44.8,0,0,5.8,0.93,0.9,1,0,1,0,0,0,0,0,1,0,0
17.0,0,25000.0,1,3.3,89.8,1,42.4,0,1,7.8,3.16,3.15,0,0,1,0,0,0,0,0,0,0,0
22.4,0,25000.0,1,3.62,93.5,2,38.3,1,0,5.2,3.73,3.4,0,0,1,0,1,0,0,0,1,0,0
22.9,0,35405.0,1,2.7,86.8,1,26.2,1,0,5.1,2.57,2.41,0,0,1,0,0,0,0,1,0,0,0
19.7,1,25000.0,1,5.16,78.4,2,32.5,0,1,5.0,3.27,3.26,0,0,0,1,0,0,1,0,0,0,0
21.3,1,25000.0,1,3.49,93.5,2,23.8,1,0,6.9,3.23,3.08,0,0,0,1,0,0,0,1,0,0,0
25.3,1,26312.0,0,3.06,74.6,1,19.8,1,0,7.0,1.73,2.04,0,0,0,1,0,0,0,0,0,0,1
19.9,0,25000.0,1,1.8,90.6,2,22.3,0,0,3.6,3.53,2.99,0,0,0,0,0,0,0,0,0,0,0
18.7,1,103455.0,0,6.19,62.7,1,58.3,1,0,5.2,3.14,2.7,0,1,0,0,0,1,0,0,1,0,0
24.3,0,25000.0,1,1.98,82.9,5,25.4,1,1,7.5,2.75,2.39,0,0,0,0,0,1,0,0,0,0,0
25.3,1,38736.0,1,4.37,77.5,2,42.0,0,1,4.9,4.0,4.0,0,0,1,0,0,0,0,1,1,0,0
21.0,0,32445.0,1,4.86,71.0,4,54.9,0,0,8.0,1.42,1.84,0,1,0,0,0,0,0,0,1,0,0
23.2,0,36741.0,1,3.5,92.4,1,39.4,1,0,6.7,4.0,3.52,0,0,0,0,0,1,0,0,1,0,0
24.0,1,38463.0,1,4.54,64.8,2,20.5,1,0,8.7,0.07,0.07,1,0,0,0,0,0,0,0,0,1,0
19.4,1,50454.0,1,4.64,93.1,2,21.2,0,1,4.9,1.65,1.81,0,1,0,0,1,0,0,0,0,0,1
19.9,0,34887.0,1,5.09,69.7,2,31.4,1,0,6.8,1.99,2.38,0,0,1,0,0,0,1,0,0,1,0
23.7,0,34028.0,1,4.78,90.4,1,57.1,0,0,6.8,2.47,1.96,1,1,0,0,0,0,1,0,1,0,0
24.7,0,30794.0,1,3.59,75.8,1,47.1,0,0,7.4,1.07,0.63,1,1,0,0,0,0,0,1,1,0,0
22.2,0,27363.0,1,3.48,66.4,2,36.4,0,0,6.1,0.0,0.33,1,0,1,0,0,0,0,1,1,0,0
19.1,1,25000.0,1,6.66,78.4,3,27.5,1,0,7.5,2.41,2.53,0,0,1,0,0,0,1,0,0,0,0
25.4,0,28666.0,1,5.42,86.5,1,34.6,1,1,4.4,1.7,1.5,0,0,0,1,0,0,1,0,0,0,0
19.8,1,34364.0,1,3.09,74.8,2,32.3,1,0,5.4,2.37,1.95,0,1,0,0,0,0,1,0,0,1,0
20.3,0,37847.0,1,4.43,84.1,0,32.2,1,1,2.8,2.73,2.37,0,0,0,1,0,0,0,1,0,0,0
21.8,1,29740.5,1,4.0,87.5,0,19.5,1,0,5.5,2.67,2.61,0,0,0,1,1,0,0,0,1,0,0
24.4,0,25854.0,0,3.98,93.9,3,19.3,1,1,4.0,3.14,2.95,0,0,0,1,0,0,0,0,0,0,0
22.9,1,28732.0,0,6.28,82.5,0,33.9,0,0,6.1,1.83,1.82,0,0,1,0,0,0,1,0,1,0,0
21.9,1,25000.0,1,3.87,91.3,0,16.1,0,1,7.3,2.25,2.23,0,0,0,1,0,0,0,1,1,0,0
22.0,1,35880.0,1,3.89,88.8,1,22.5,0,0,6.5,1.75,1.67,1,1,0,0,0,0,0,1,1,0,0
21.1,0,26038.0,1,5.07,81.3,1,30.4,1,0,6.9,1.29,1.16,0,0,1,0,0,1,0,0,0,1,0
22.2,0,33135.0,0,2.77,91.2,1,34.0,0,0,5.7,2.29,2.64,0,0,1,0,0,0,0,1,0,0,0
17.0,0,54202.0,1,3.31,89.2,1,43.4,1,1,5.2,1.74,1.33,0,0,0,1,0,0,0,1,0,0,0
20.3,1,25000.0,0,5.91,80.7,0,15.0,1,1,3.4,3.39,3.07,0,0,1,0,0,1,0,0,1,0,0
21.5,0,42532.0,0,3.96,87.7,4,15.0,1,0,2.0,2.58,2.69,1,1,0,0,1,0,0,0,0,0,0
18.5,0,30331.0,1,2.95,84.2,1,45.7,0,0,2.8,3.06,3.06,0,0,0,0,0,0,1,0,0,1,0
21.8,1,99979.0,1,4.23,86.4,6,50.1,1,1,4.3,0.98,1.19,1,0,0,0,0,0,1,0,0,0,0
20.6,1,26114.0,1,4.19,97.1,2,17.5,1,0,7.1,2.89,2.5,0,1,0,0,0,0,0,0,0,0,1
24.9,1,29740.5,1,4.0,60.6,0,19.9,1,1,5.5,3.73,3.99,0,0,0,1,0,0,1,0,0,1,0
24.5,1,30008.0,1,5.41,84.0,0,36.5,0,0,4.0,2.11,1.83,1,0,1,0,0,0,0,0,0,0,0
20.0,1,25000.0,1,4.27,82.2,2,30.6,1,0,4.7,4.0,4.0,0,1,0,0,0,0,0,1,0,0,0
20.7,0,29740.5,1,4.0,73.3,2,30.7,1,0,5.5,1.35,1.53,1,0,0,1,0,0,1,0,0,0,0
20.8,1,50427.0,1,5.66,78.4,1,20.6,0,0,5.4,3.29,3.44,0,0,0,1,1,0,0,0,1,0,0
20.0,0,25000.0,1,4.46,77.5,1,38.6,1,1,5.7,2.31,2.7,0,0,0,1,0,0,0,1,1,0,0
21.4,0,25000.0,1,2.9,81.5,1,27.2,0,0,6.2,2.14,1.47,0,1,0,0,0,0,0,0,0,1,0
19.3,0,29178.0,1,6.33,85.8,1,26.8,1,0,8.0,2.55,2.81,0,0,0,1,0,1,0,0,1,0,0
18.5,0,25000.0,1,5.65,78.3,2,16.4,0,0,5.7,3.43,3.26,0,0,1,0,0,0,0,0,0,0,1
22.4,1,32180.0,1,2.43,60.8,1,39.5,0,0,2.3,1.05,0.68,0,0,0,1,0,0,1,0,0,1,0
22.4,0,75409.0,1,3.23,74.4,4,25.7,0,1,5.7,0.46,0.63,1,0,1,0,0,0,0,0,0,0,0
19.2,1,47178.0,1,2.27,93.3,1,29.5,1,0,8.1,2.54,2.54,0,0,0,1,0,0,1,0,0,0,0
23.0,0,74757.0,1,2.6,94.4,1,44.3,0,0,6.7,4.0,3.4,0,0,0,0,1,0,0,0,1,0,0
19.6,0,25000.0,1,5.65,78.0,0,17.4,0,0,5.9,2.82,2.41,0,1,0,0,0,0,1,0,0,1,0
21.6,0,27285.0,1,4.12,96.4,2,29.0,0,0,6.1,1.33,1.4,0,0,0,0,0,1,0,0,0,1,0
22.8,0,25000.0,1,3.14,79.4,1,11.3,0,1,2.2,0.96,1.34,0,1,0,0,0,1,0,0,1,0,0
20.9,1,25000.0,1,4.98,69.7,3,23.7,0,1,1.9,3.48,3.53,0,0,0,0,1,0,0,0,1,0,0
22.0,1,25000.0,1,5.09,79.6,5,45.5,0,0,7.1,0.74,0.66,1,0,0,1,0,0,0,1,0,1,0
19.9,0,25000.0,1,5.74,87.8,3,11.5,1,0,7.8,3.08,2.91,0,0,0,0,0,0,1,0,0,0,0
20.6,1,67475.0,1,4.79,77.5,2,32.8,0,1,4.4,3.64,3.69,0,1,0,0,0,1,0,0,1,0,0
20.5,0,25000.0,1,4.83,86.8,1,49.2,0,0,5.8,3.56,3.65,0,0,0,1,0,0,1,0,0,0,0
19.4,1,67649.0,1,2.93,84.1,4,36.6,0,1,6.6,4.0,3.87,0,1,0,0,0,0,1,0,0,1,0
20.6,0,62795.0,1,4.13,79.7,0,23.0,0,0,8.5,4.0,3.86,0,0,1,0,0,0,0,1,0,1,0
17.6,1,40130.0,1,3.96,88.2,2,16.7,0,0,5.4,2.97,3.21,1,1,0,0,0,0,0,1,0,1,0
19.9,0,25000.0,1,0.95,91.8,2,6.8,0,0,6.8,2.71,2.26,1,1,0,0,0,0,0,1,1,0,0
20.4,0,25000.0,1,4.47,83.5,5,48.7,0,0,9.1,1.94,1.52,1,0,0,0,0,0,1,0,0,0,0
20.4,1,25000.0,0,1.78,86.7,1,24.9,1,0,5.0,1.87,2.3,1,1,0,0,0,1,0,0,1,0,0
20.5,1,43264.0,0,4.94,70.3,0,8.4,0,0,5.6,0.03,0.0,0,0,0,1,1,0,0,0,1,0,0
20.9,1,29787.0,1,3.5,93.1,1,17.7,0,0,3.5,3.53,3.55,0,0,0,0,0,0,1,0,0,0,0
22.1,1,25000.0,1,3.52,77.7,2,17.1,0,0,3.6,3.76,3.11,0,0,1,0,0,0,0,1,1,0,0
22.9,1,59215.0,1,3.35,75.1,0,24.1,1,0,7.1,0.23,0.05,1,0,0,1,0,1,0,0,1,0,0
19.6,1,81685.0,0,3.21,89.1,1,58.7,1,0,7.6,1.04,1.14,0,0,0,1,0,1,0,0,0,1,0
18.4,0,25953.0,1,3.7,78.9,1,41.1,1,0,7.6,1.52,1.72,0,0,0,0,1,0,0,0,1,0,0
18.7,1,31749.0,0,5.21,76.4,3,35.8,1,0,3.6,3.73,3.17,0,0,0,1,0,1,0,0,0,1,0
19.9,0,25000.0,1,2.59,79.7,1,44.4,1,1,5.1,1.87,2.3,0,0,0,0,0,1,0,0,0,0,0
20.2,1,25000.0,1,4.01,72.3,2,52.0,1,0,6.4,2.85,2.45,0,0,0,1,0,0,0,0,0,0,0
19.3,1,40387.0,1,6.74,76.4,3,36.3,1,0,1.4,1.62,1.9,1,0,0,1,0,1,0,0,0,1,0
18.1,1,36788.0,1,3.13,90.2,2,47.3,0,1,6.3,3.65,3.88,0,0,0,0,0,1,0,0,0,0,0
20.0,0,25000.0,1,3.98,91.3,2,22.3,0,0,8.9,2.3,2.26,0,1,0,0,0,0,0,0,0,0,0
21.4,1,25222.0,1,5.09,82.5,3,19.6,1,0,7.5,1.1,1.16,1,0,0,1,0,0,0,1,1,0,0
22.3,0,25000.0,1,6.84,76.6,2,17.6,0,0,1.2,4.0,3.97,0,0,0,1,0,0,0,1,1,0,0
19.8,0,25158.0,1,6.02,85.3,2,33.5,0,0,6.2,1.74,1.34,0,1,0,0,0,0,0,0,1,0,0
20.1,1,38328.0,1,3.82,66.8,1,5.0,0,1,5.9,2.69,2.51,0,0,0,0,0,0,1,0,0,0,0
19.0,0,25000.0,1,4.51,91.4,2,45.9,1,0,6.0,3.61,3.62,1,1,0,0,1,0,0,0,0,1,0
20.9,1,28435.0,1,3.73,81.4,0,24.1,1,0,5.7,1.64,1.8,0,1,0,0,0,0,0,1,1,0,0
19.1,1,36680.0,1,5.42,73.7,1,39.9,1,1,4.9,2.9,2.94,0,0,1,0,0,0,0,1,0,0,1
22.3,0,25000.0,1,3.84,93.9,2,13.3,1,0,1.3,3.44,3.38,0,0,0,0,0,1,0,0,0,0,0
17.1,0,25000.0,1,6.21,82.3,2,43.3,0,1,6.1,3.49,3.68,0,0,0,1,0,0,1,0,1,0,0
20.2,0,25000.0,1,1.49,78.6,1,46.6,1,0,6.6,1.04,1.29,1,1,0,0,0,0,0,0,0,0,0
21.7,0,25000.0,0,4.8,98.4,0,31.2,0,1,4.5,2.81,2.44,0,0,1,0,1,0,0,0,0,1,0
21.4,0,29838.0,1,4.97,77.8,2,36.3,1,0,7.8,1.04,1.6,1,0,1,0,0,0,0,1,0,0,1
26.9,0,32125.0,1,0.73,88.0,1,17.7,0,1,2.5,2.8,2.95,0,1,0,0,0,0,1,0,0,0,0
21.8,1,29740.5,1,4.0,87.5,1,30.5,1,0,5.5,2.96,2.63,0,1,0,0,0,1,0,0,0,0,0
18.8,0,43990.0,1,5.71,75.2,3,41.7,0,0,5.7,1.96,2.2,0,0,1,0,1,0,0,0,0,0,0
20.8,0,25000.0,1,4.67,80.9,2,26.4,0,1,4.3,3.68,3.66,0,0,0,1,0,0,1,0,0,1,0
17.1,1,94824.0,1,5.03,80.0,1,48.3,0,1,7.2,3.07,3.14,0,0,0,1,0,0,0,1,0,0,0
20.8,1,25000.0,1,6.18,67.9,1,8.6,1,1,4.7,2.13,2.02,1,0,0,1,0,1,0,0,0,1,0
19.2,1,25000.0,1,3.55,66.3,3,26.1,1,0,7.9,0.0,0.67,1,0,1,0,1,0,0,0,1,0,0
23.0,0,26324.0,1,6.17,64.6,1,6.9,1,0,4.2,0.29,0.0,1,0,0,0,0,0,0,0,0,1,0
19.8,0,38099.0,1,7.8,78.4,0,33.8,0,0,5.8,3.92,3.87,0,0,0,1,0,1,0,0,0,1,0
20.7,0,25000.0,1,5.65,74.1,2,27.4,1,1,1.9,1.46,1.51,1,0,0,0,0,0,0,0,0,0,1
19.6,1,25000.0,1,4.56,74.5,3,27.9,0,0,5.4,3.76,3.76,0,0,0,0,0,1,0,0,0,0,0
24.8,0,42395.0,1,3.93,78.6,1,38.9,1,0,5.6,4.0,3.77,0,1,0,0,0,0,0,1,0,1,0
20.3,1,25000.0,1,4.27,82.0,0,26.6,1,0,7.7,1.83,1.68,0,1,0,0,0,0,0,1,0,1,0
25.0,0,67644.0,1,4.23,79.5,1,63.7,0,0,2.8,3.26,3.44,0,0,0,1,0,0,1,0,0,0,0
22.8,0,25000.0,1,4.04,76.4,3,39.7,0,0,5.0,2.13,1.89,0,1,0,0,0,0,0,1,1,0,0
22.1,0,25000.0,1,2.57,97.4,0,30.4,1,0,8.1,2.66,2.61,0,1,0,0,0,1,0,0,0,0,0
21.8,0,42879.0,1,4.55,80.4,1,21.9,0,0,8.4,1.19,1.51,1,1,0,0,0,1,0,0,0,0,0
21.9,0,78008.0,1,4.3,90.0,1,19.1,0,1,4.0,3.7,3.84,0,1,0,0,0,1,0,0,1,0,0
17.0,1,38171.0,1,5.78,72.1,2,35.2,1,0,4.3,3.59,3.95,0,0,0,0,0,0,0,1,1,0,0
20.4,1,63339.0,1,4.74,92.7,1,23.7,1,0,2.4,4.0,4.0,0,0,1,0,0,0,0,1,0,0,0
22.9,0,81306.0,1,3.05,77.6,0,41.9,0,1,1.7,2.28,2.63,0,0,1,0,1,0,0,0,1,0,0
20.9,1,25000.0,1,2.57,100.0,1,29.0,0,0,4.8,2.72,2.75,0,0,1,0,0,1,0,0,0,1,0
17.9,1,52210.0,0,3.99,71.5,5,29.1,1,0,4.3,2.91,3.25,0,0,0,0,1,0,0,0,0,1,0
20.9,0,25000.0,1,2.87,73.5,1,31.4,0,1,9.2,0.8,0.77,1,0,0,1,0,1,0,0,0,0,1
24.7,1,38367.0,1,4.19,80.5,1,28.2,0,1,6.1,2.15,2.41,0,0,1,0,0,0,0,1,1,0,0
23.7,1,28487.0,1,3.12,79.2,3,33.3,0,1,5.1,1.31,1.36,1,1,0,0,0,0,1,0,0,0,0
20.9,0,62678.0,1,5.66,72.6,2,54.8,1,0,6.7,2.26,2.18,1,1,0,0,0,1,0,0,0,0,0
23.1,1,60075.0,1,4.76,93.8,5,36.5,0,0,7.4,2.42,2.62,0,0,0,0,0,1,0,0,0,1,0
20.2,1,41851.0,1,5.29,93.0,1,35.1,1,0,7.7,2.62,2.5,0,0,0,1,0,0,0,0,1,0,0
17.3,1,35563.0,1,3.79,79.3,3,39.4,1,0,6.0,0.66,0.84,1,0,0,1,0,0,0,1,0,1,0
19.0,0,40337.0,1,4.26,90.1,1,28.7,1,0,5.5,3.25,3.29,0,1,0,0,1,0,0,0,0,1,0
24.4,0,30855.0,1,5.19,93.4,1,18.4,1,1,5.8,3.84,3.74,0,0,1,0,0,1,0,0,0,1,0
20.4,0,28661.0,1,4.48,81.9,4,5.0,1,0,5.4,4.0,3.49,0,1,0,0,0,1,0,0,1,0,0
20.5,1,70654.0,1,4.92,76.6,1,5.4,0,0,4.5,2.68,2.2,0,1,0,0,0,0,0,0,0,0,0
20.3,0,75943.0,1,3.12,92.3,2,39.0,0,0,7.4,2.47,2.82,0,0,0,1,1,0,0,0,0,0,0
25.2,0,27310.0,1,5.12,91.0,2,34.4,1,0,5.2,3.58,3.99,0,0,1,0,0,0,1,0,1,0,0
24.6,0,34289.0,1,3.24,72.0,0,28.2,1,0,3.7,2.65,2.51,0,1,0,0,0,0,0,0,0,1,0
25.9,0,31226.0,1,6.71,93.3,1,58.3,0,1,5.5,2.51,2.34,1,1,0,0,1,0,0,0,0,1,0
20.7,1,25000.0,1,4.25,73.8,2,29.6,0,1,6.8,1.45,1.34,0,0,0,0,0,1,0,0,1,0,0
21.7,1,25000.0,1,5.44,85.0,3,5.0,0,0,2.9,4.0,4.0,0,1,0,0,0,1,0,0,0,1,0
17.7,1,77639.0,1,3.43,75.5,2,39.0,0,0,5.0,3.01,3.35,0,0,0,1,0,0,0,1,1,0,0
24.2,1,25000.0,1,3.72,83.3,1,43.9,0,1,4.1,1.4,1.21,0,0,0,0,0,0,0,0,0,0,0
18.4,0,105739.0,1,3.66,82.9,4,38.6,1,0,9.4,1.01,0.83,0,1,0,0,0,0,0,0,1,0,0
21.5,0,60071.0,1,1.71,99.9,2,44.1,1,0,5.7,1.92,2.3,1,0,0,0,0,0,1,0,0,1,0
18.6,0,37832.0,1,0.57,69.0,1,8.9,1,0,8.3,1.5,1.68,0,0,0,1,1,0,0,0,1,0,0
19.7,1,41627.0,1,3.63,75.8,3,31.1,0,0,5.9,0.0,0.57,1,0,1,0,0,0,0,1,0,0,0
19.2,1,25000.0,1,1.55,78.3,5,20.0,0,0,6.1,2.2,2.39,0,0,0,0,0,0,0,0,0,0,0
19.7,1,25358.0,1,4.37,84.6,1,36.3,0,0,5.4,1.32,1.48,1,0,0,1,0,0,1,0,0,0,0
19.8,1,70604.0,1,3.79,79.5,1,48.2,0,0,5.1,1.85,2.08,0,0,0,1,1,0,0,0,0,0,0
19.8,1,25000.0,0,0.5,64.4,3,25.6,1,0,5.4,0.22,0.23,1,0,0,1,0,0,1,0,0,0,0
22.8,0,56200.0,1,3.31,87.9,4,37.8,0,1,4.3,0.8,0.87,1,0,0,0,1,0,0,0,0,1,0
18.6,1,25000.0,1,3.97,92.7,1,19.5,1,0,5.5,3.75,3.47,0,0,1,0,1,0,0,0,0,1,0
21.5,0,25000.0,1,5.83,85.5,2,29.8,0,0,2.6,3.77,3.94,0,0,0,1,1,0,0,0,0,1,0
23.7,1,93044.0,0,3.41,78.3,2,23.8,1,1,5.8,1.29,1.56,0,0,0,0,0,0,1,0,0,0,0
19.9,0,29740.5,1,4.0,83.6,1,51.6,1,0,5.5,2.26,2.6,0,0,0,1,0,0,0,1,0,0,0
19.4,0,25000.0,1,1.7,72.3,1,17.0,0,0,5.7,0.5,0.44,1,0,1,0,0,1,0,0,0,0,0
20.5,1,67349.0,1,3.32,90.5,2,31.1,0,0,6.1,3.01,2.93,0,0,1,0,0,0,0,1,1,0,0
23.6,0,62786.0,1,2.72,86.0,0,46.4,0,1,8.1,1.72,1.84,1,0,1,0,0,1,0,0,1,0,0
21.4,0,51661.0,1,3.73,77.7,1,6.7,1,0,6.1,1.12,1.09,0,0,1,0,0,0,1,0,1,0,0
19.8,0,25000.0,0,4.22,82.7,1,35.2,0,0,5.0,1.64,1.38,1,0,0,1,0,0,0,0,1,0,0
22.1,0,25030.0,1,4.7,90.3,1,31.3,0,1,4.4,3.34,2.95,0,0,1,0,0,1,0,0,0,0,0
18.6,1,35846.0,0,4.74,91.3,1,21.8,0,1,6.8,1.11,0.52,0,1,0,0,0,0,0,0,0,1,0
22.5,0,45100.0,1,3.22,81.4,4,44.6,0,1,5.3,1.26,1.27,1,0,0,0,0,1,0,0,1,0,0
21.9,0,25000.0,1,4.82,99.2,2,50.6,0,1,4.1,3.36,3.44,0,1,0,0,0,1,0,0,1,0,0
20.3,1,32940.0,1,2.01,92.9,2,37.9,0,1,5.8,1.29,1.25,0,0,1,0,1,0,0,0,1,0,0
19.2,1,34907.0,1,4.18,86.2,3,26.4,1,0,2.2,2.57,2.75,0,0,0,1,0,1,0,0,0,1,0
19.0,0,64348.0,1,4.28,78.8,0,12.6,0,1,5.6,1.64,1.39,0,0,1,0,0,1,0,0,0,1,0
22.2,1,46755.0,1,4.16,79.1,1,32.2,0,0,4.1,2.59,2.22,1,0,1,0,0,1,0,0,1,0,0
23.7,0,25000.0,1,2.65,83.6,0,28.2,1,0,4.9,3.04,2.98,0,1,0,0,0,0,0,1,1,0,0
19.6,0,26156.0,1,2.79,81.1,2,28.9,1,0,9.1,0.09,0.06,1,1,0,0,1,0,0,0,0,0,0
22.0,0,25000.0,1,4.84,95.6,3,24.0,0,1,4.6,2.77,2.94,0,0,1,0,0,0,0,1,1,0,0
17.0,1,41808.0,0,3.46,74.5,3,23.0,1,0,6.9,0.64,0.45,1,1,0,0,0,0,0,1,1,0,0
19.7,1,51735.0,1,4.77,86.0,2,30.3,1,1,7.4,1.05,1.1,0,1,0,0,0,0,1,0,0,0,0
20.9,1,31601.0,1,3.21,66.0,4,15.2,0,1,7.0,2.82,3.33,0,0,0,0,1,0,0,0,1,0,0
19.0,0,25314.0,0,7.71,85.0,2,42.4,1,0,6.2,3.38,3.23,0,1,0,0,0,0,0,0,0,0,0
18.9,0,29740.5,1,4.0,74.0,0,20.8,1,0,5.5,4.0,3.96,0,0,0,1,1,0,0,0,0,0,0
19.5,0,33703.0,1,5.55,93.5,2,31.3,0,0,4.3,2.99,2.44,0,1,0,0,1,0,0,0,0,0,0
21.6,0,25000.0,1,7.09,77.3,2,26.1,0,0,3.4,4.0,3.78,0,1,0,0,1,0,0,0,0,1,0
20.6,1,25000.0,1,5.44,76.3,1,37.8,1,0,4.9,2.52,2.52,0,0,0,0,1,0,0,0,1,0,0
17.0,1,25000.0,1,3.54,90.2,2,37.1,0,1,4.9,3.07,3.05,0,0,0,0,1,0,0,0,0,0,0
17.0,0,63596.0,1,3.87,91.6,4,36.1,0,1,3.9,1.82,1.62,1,0,0,1,0,0,0,0,1,0,0
19.7,1,40047.0,1,0.5,80.2,1,16.0,1,0,6.5,1.31,1.55,0,1,0,0,0,0,1,0,1,0,0
22.0,1,36957.0,1,0.96,66.3,2,27.7,1,0,4.6,1.05,1.02,0,0,0,1,0,0,0,1,0,0,0
17.0,1,29740.5,1,4.0,73.5,4,49.2,0,0,5.5,2.31,2.3,0,1,0,0,0,0,1,0,1,0,0
19.9,1,25000.0,1,3.24,81.3,1,25.9,1,0,2.7,2.86,2.9,0,0,0,0,0,0,0,1,0,0,1
19.8,1,25000.0,1,2.55,70.7,3,42.6,0,0,5.6,3.35,2.88,0,0,0,1,1,0,0,0,0,0,0
24.1,0,37442.0,1,4.04,87.8,1,29.9,1,0,5.3,2.61,2.68,0,0,1,0,0,1,0,0,0,1,0
20.2,0,35453.0,1,3.23,75.8,1,26.3,0,1,4.4,1.4,1.15,1,0,0,0,0,0,0,1,0,1,0
21.8,0,25000.0,1,2.74,81.4,2,32.2,0,0,6.2,1.44,1.01,0,0,1,0,0,0,0,1,1,0,0
21.3,0,36891.0,1,5.31,90.8,2,20.0,0,0,5.7,0.9,0.35,0,0,0,1,0,0,0,1,0,1,0
17.0,0,25000.0,1,2.32,84.9,2,40.8,1,0,6.6,1.09,1.24,1,0,0,0,0,0,0,1,0,0,0
22.7,0,25000.0,1,4.91,97.6,1,19.8,0,0,6.6,3.11,2.9,0,0,0,1,0,0,0,0,0,1,0
21.5,1,25000.0,1,4.31,93.2,2,36.6,1,0,6.8,2.86,2.67,0,1,0,0,1,0,0,0,1,0,0
22.1,0,29740.5,1,4.0,58.7,1,42.9,0,1,5.5,0.52,0.64,0,1,0,0,0,0,0,0,1,0,0
29.6,1,25000.0,1,3.38,86.7,3,35.1,0,0,5.7,1.46,1.8,0,1,0,0,0,0,0,1,0,0,0
17.0,1,25000.0,1,2.25,83.2,4,23.2,1,1,3.8,3.09,2.94,0,0,0,1,0,1,0,0,0,0,0
24.8,1,41534.0,1,3.17,91.5,0,32.2,0,1,4.7,3.9,3.81,0,0,1,0,0,0,1,0,1,0,0
20.4,0,27040.0,0,3.95,86.2,2,21.2,1,0,4.8,3.66,3.76,0,0,1,0,0,1,0,0,0,0,0
21.6,1,43622.0,1,5.28,78.0,2,27.5,1,0,3.8,2.56,2.35,0,0,0,1,0,0,0,0,0,0,0
20.9,1,25000.0,0,5.05,85.8,1,23.7,0,0,1.0,4.0,4.0,0,0,0,0,0,0,1,0,0,0,1
20.1,1,25000.0,1,3.72,79.0,1,20.9,1,1,5.9,1.09,1.09,0,0,1,0,0,0,1,0,0,0,0
19.7,0,41506.0,1,3.9,76.8,3,37.6,0,0,5.6,3.44,3.25,0,1,0,0,0,0,1,0,0,0,0
21.7,0,25000.0,0,4.91,81.1,0,41.8,1,0,8.9,2.4,2.2,1,0,1,0,0,0,0,0,0,0,0
17.7,0,49379.0,1,5.37,84.0,2,42.6,0,0,8.8,1.87,1.74,1,1,0,0,0,1,0,0,0,0,0
22.7,1,25000.0,1,4.42,92.4,1,32.9,0,0,6.7,3.38,2.88,0,0,0,0,0,0,0,0,0,0,0
20.1,1,46105.0,1,4.37,78.0,4,47.6,1,0,6.5,1.38,0.99,1,0,1,0,0,0,1,0,0,0,0
18.5,0,25000.0,1,4.31,66.7,2,21.9,1,0,4.0,1.49,2.29,0,0,0,1,0,0,0,0,0,1,0
20.0,1,29740.5,1,4.0,80.4,2,45.4,1,0,5.5,1.74,1.59,1,1,0,0,0,0,1,0,1,0,0
23.8,0,53886.0,1,4.35,84.1,1,40.9,0,0,5.3,3.02,3.45,0,1,0,0,0,0,0,1,0,1,0
19.8,0,29740.5,1,4.0,83.5,0,30.5,0,0,5.5,0.63,0.16,0,1,0,0,0,0,0,0,0,1,0
21.8,0,55316.0,0,1.9,80.0,2,32.7,1,0,4.1,2.07,2.22,0,0,0,1,0,1,0,0,0,0,0
19.4,0,101031.0,1,2.86,89.6,1,42.4,1,1,6.3,1.58,2.35,0,0,0,0,1,0,0,0,0,0,0
22.7,1,63582.0,1,3.4,84.5,2,37.9,0,0,3.0,3.45,3.32,0,0,1,0,1,0,0,0,0,0,0
22.5,1,25000.0,1,4.85,86.8,0,33.1,0,0,10.0,1.1,0.91,1,0,0,1,0,0,0,1,1,0,0
25.1,0,32370.0,1,3.65,67.3,1,24.6,0,0,8.1,1.53,1.57,1,0,1,0,0,0,0,0,0,0,0
20.6,1,25000.0,1,4.26,80.6,3,18.9,0,1,7.9,3.35,3.42,0,0,1,0,0,1,0,0,0,0,0
22.5,1,100454.0,1,4.09,80.9,4,31.3,0,0,3.2,4.0,3.17,0,1,0,0,0,1,0,0,1,0,0
21.2,1,57695.0,1,4.65,95.5,0,16.3,0,0,2.6,4.0,4.0,0,0,0,0,0,0,0,1,1,0,0
23.9,1,26547.0,1,3.44,81.2,4,38.8,0,0,6.0,1.79,2.03,1,0,1,0,0,0,0,0,1,0,0
19.4,1,50350.0,1,3.06,76.7,1,8.7,0,1,5.0,3.35,3.24,0,0,1,0,0,0,0,0,0,0,1
22.6,1,25000.0,1,1.86,76.2,2,33.7,0,0,8.8,1.17,1.19,1,0,0,0,0,1,0,0,0,1,0
20.6,0,29740.5,1,4.0,89.8,5,26.7,1,0,5.5,3.5,2.86,0,0,0,1,0,1,0,0,1,0,0
20.9,0,25000.0,1,0.5,77.4,1,24.7,1,0,5.4,2.14,2.27,0,0,0,0,0,0,1,0,0,1,0
21.2,0,25000.0,1,4.21,75.2,3,26.7,0,0,8.2,3.21,3.33,0,0,0,1,0,1,0,0,0,0,0
21.6,0,47606.0,1,5.16,89.3,3,5.0,1,1,5.8,2.96,2.6,1,0,1,0,0,0,0,0,1,0,0
20.7,1,29740.5,1,4.0,85.1,1,24.7,0,0,5.5,3.56,3.44,0,0,0,1,0,0,1,0,1,0,0
21.5,1,29740.5,1,4.0,65.1,1,19.6,0,0,5.5,1.74,2.54,0,0,1,0,1,0,0,0,0,0,1
24.5,1,26641.0,0,3.44,71.4,3,19.7,0,0,4.3,1.56,1.67,1,0,1,0,0,1,0,0,0,0,1
23.2,0,25000.0,1,3.99,86.4,4,67.5,1,1,7.3,2.09,2.5,0,1,0,0,0,0,0,1,0,1,0
22.9,0,25000.0,1,3.79,88.6,2,13.3,1,1,6.5,1.1,1.34,0,0,1,0,0,0,0,1,0,1,0
20.0,1,25000.0,1,4.9,74.4,2,34.8,1,0,3.8,1.23,0.83,0,1,0,0,0,0,0,1,0,1,0
19.0,1,25843.0,1,3.63,84.9,4,20.5,0,0,9.0,1.85,1.14,0,0,0,0,0,1,0,0,0,1,0
23.1,0,56710.0,1,2.46,81.2,2,19.1,1,1,4.7,3.44,3.24,0,0,1,0,0,0,0,0,0,0,0
22.9,0,56176.0,1,4.42,74.9,2,13.8,0,1,2.6,3.33,3.43,0,1,0,0,0,1,0,0,0,1,0
24.2,0,25000.0,1,3.83,78.4,2,43.5,1,1,4.1,2.11,2.42,1,1,0,0,1,0,0,0,0,0,0
19.7,1,25000.0,1,3.09,81.6,1,44.5,0,0,3.6,2.55,2.63,0,1,0,0,1,0,0,0,0,0,0
20.5,1,25000.0,1,4.84,71.5,2,22.6,1,0,5.9,1.79,2.07,0,1,0,0,1,0,0,0,1,0,0
17.4,0,25000.0,1,6.6,86.6,1,40.9,0,1,8.4,1.73,1.58,0,0,1,0,0,1,0,0,1,0,0
20.1,0,41759.0,1,4.61,76.3,1,17.6,1,0,5.9,2.7,2.62,0,0,1,0,0,1,0,0,1,0,0
23.2,0,25650.0,1,5.04,76.6,3,25.2,1,1,8.4,1.43,1.61,1,1,0,0,1,0,0,0,0,1,0
20.0,0,27781.0,1,4.2,86.0,2,38.1,0,1,7.4,2.94,2.55,0,0,0,0,0,0,0,0,0,1,0
22.4,0,66671.0,1,5.86,78.4,2,18.0,0,0,1.0,1.98,2.23,0,1,0,0,0,0,1,0,1,0,0
20.6,0,31350.0,1,4.85,80.3,0,21.1,1,0,7.1,2.2,2.41,0,0,1,0,0,1,0,0,1,0,0
21.7,1,25000.0,1,3.28,81.2,3,30.3,1,0,4.5,1.2,1.53,0,1,0,0,1,0,0,0,0,1,0
18.5,1,41909.0,1,4.78,75.8,3,30.4,0,1,6.4,1.17,1.22,1,0,0,0,0,0,1,0,0,0,0
21.2,0,56124.0,0,4.56,77.9,2,17.1,0,1,5.4,3.13,3.26,0,0,0,0,0,1,0,0,1,0,0
17.0,1,35521.0,1,3.49,81.9,3,56.8,1,0,10.0,0.92,1.2,0,0,0,0,0,0,0,1,0,0,0
20.6,0,44959.0,1,5.62,81.9,3,19.9,1,0,6.3,4.0,4.0,0,0,0,1,0,0,1,0,0,1,0
17.4,0,27246.0,1,2.36,86.2,2,41.4,1,0,6.6,1.52,0.99,0,0,0,1,0,0,0,1,0,0,1
23.7,0,28308.0,1,4.48,86.6,0,37.2,1,0,7.4,0.71,0.84,0,0,1,0,1,0,0,0,0,1,0
22.7,1,31819.0,1,3.44,91.7,1,20.3,1,1,2.8,3.54,3.51,0,0,0,0,0,0,1,0,1,0,0
22.0,1,25000.0,1,1.91,69.9,1,35.6,1,0,7.5,1.51,1.8,1,0,1,0,0,0,1,0,0,0,0
24.3,0,25000.0,1,4.15,89.3,0,19.9,0,0,5.1,2.43,1.94,0,0,0,0,1,0,0,0,0,0,0
18.9,0,67964.0,1,3.46,79.3,1,30.9,0,0,4.3,2.33,2.35,1,0,0,1,0,0,0,0,0,1,0
24.8,0,99188.0,1,3.24,87.3,1,39.9,1,1,7.0,0.66,1.02,1,0,0,1,1,0,0,0,0,0,0
23.1,1,77290.0,1,2.62,84.7,0,23.3,0,0,2.8,3.39,3.17,0,0,1,0,0,0,0,0,0,1,0
20.5,1,25000.0,1,6.61,77.4,3,34.9,1,0,7.2,2.69,2.53,0,0,1,0,0,0,1,0,0,1,0
23.5,0,25000.0,1,0.8,94.2,0,23.1,1,1,5.2,4.0,3.65,0,0,1,0,0,1,0,0,0,0,0
18.6,0,25000.0,0,1.19,88.1,1,32.1,1,0,5.3,2.67,2.95,0,1,0,0,0,0,0,0,0,1,0
19.2,0,32229.0,0,4.68,85.4,1,31.3,1,0,1.5,3.55,3.78,0,0,1,0,0,0,1,0,0,1,0
19.7,1,25000.0,1,4.6,99.5,4,25.6,0,0,7.1,2.9,3.0,1,0,0,1,0,0,0,1,0,0,0
19.8,1,25000.0,1,2.19,74.2,1,8.0,1,1,5.9,0.9,0.89,1,0,0,1,0,0,0,0,0,0,0
18.7,1,69166.0,1,3.22,82.2,2,39.4,0,0,4.7,1.84,1.61,0,0,0,1,0,0,1,0,0,0,0
23.7,0,53609.0,1,4.81,86.5,1,53.9,0,1,3.8,4.0,3.96,0,0,1,0,0,0,1,0,1,0,0
20.4,0,25000.0,1,3.64,73.5,1,31.7,0,1,6.9,2.91,2.65,0,0,0,0,0,0,1,0,0,1,0
21.8,1,25000.0,1,5.04,76.7,1,22.6,0,1,6.1,3.02,3.55,0,0,0,1,0,0,0,1,0,1,0
19.7,1,41787.0,1,3.94,90.0,1,32.5,1,1,5.5,2.65,2.4,0,0,0,0,0,1,0,0,0,0,0
17.0,0,52113.0,1,3.32,78.0,3,43.8,1,0,3.7,3.21,3.35,0,0,0,1,0,0,0,1,1,0,0
21.6,1,25000.0,0,2.1,89.0,1,45.4,1,0,6.0,0.77,0.54,1,0,0,1,0,0,0,0,0,0,0
17.0,0,25832.0,1,3.91,77.0,1,40.9,0,1,5.9,2.53,2.28,0,0,0,0,0,0,1,0,0,0,0
20.8,0,25000.0,1,3.17,98.2,3,35.3,0,0,7.9,3.02,2.81,0,0,0,1,0,0,1,0,0,1,0
18.0,1,25000.0,1,5.29,63.3,0,38.1,0,0,3.3,4.0,3.97,0,0,1,0,0,0,0,1,0,0,1
25.4,1,26060.0,1,5.24,90.1,1,31.4,1,0,4.2,2.68,2.49,0,1,0,0,0,0,1,0,0,0,0
23.0,0,25000.0,0,3.68,84.0,3,18.5,0,1,9.0,3.09,3.5,0,1,0,0,0,1,0,0,0,0,0
21.2,1,25000.0,1,3.95,69.8,4,25.5,1,0,5.8,1.3,1.77,1,0,0,1,1,0,0,0,0,0,0
23.8,1,43811.0,1,3.52,80.2,3,26.1,1,0,6.0,0.77,0.86,0,0,0,0,0,1,0,0,1,0,0
19.1,0,39735.0,1,3.31,66.6,2,33.5,0,1,7.2,2.3,2.68,0,0,0,1,0,0,1,0,0,0,0
22.2,0,45136.0,1,2.61,84.8,4,8.8,1,1,8.8,0.39,0.5,1,0,1,0,0,1,0,0,0,1,0
21.4,0,25000.0,1,4.09,77.2,5,36.1,0,1,3.4,1.19,1.4,1,0,1,0,0,0,1,0,0,1,0
21.6,1,25000.0,1,3.62,66.4,2,5.8,1,0,9.4,0.09,0.01,1,0,0,1,1,0,0,0,0,1,0
23.8,1,39356.0,1,5.94,83.3,2,34.9,1,1,5.4,3.6,3.51,0,0,1,0,0,0,1,0,0,1,0
22.6,1,25000.0,1,3.54,83.2,1,44.0,1,0,6.0,1.4,1.98,1,0,0,1,0,0,0,1,1,0,0
21.6,1,25000.0,1,7.13,98.9,5,40.7,0,1,5.6,3.13,3.41,0,0,0,0,0,1,0,0,1,0,0
17.4,0,25000.0,1,6.35,88.6,1,19.3,0,0,8.2,1.89,2.0,0,0,0,1,1,0,0,0,0,0,0
18.9,1,25205.0,1,3.06,62.9,3,37.5,1,0,7.2,0.74,0.57,1,0,0,1,0,0,0,0,0,0,0
20.7,0,76603.0,1,3.9,77.8,1,38.5,1,0,5.2,1.75,1.54,0,0,0,1,0,0,1,0,0,0,0
21.2,1,25000.0,1,1.98,90.8,0,50.5,1,1,3.5,1.89,1.88,0,0,0,0,1,0,0,0,0,0,0
18.5,1,25000.0,1,3.45,69.0,1,34.4,1,1,5.1,4.0,3.95,1,0,0,1,0,1,0,0,0,0,0
26.3,0,43965.0,1,4.49,75.8,3,42.3,0,1,3.1,3.22,3.02,0,0,0,0,0,0,1,0,1,0,0
24.3,1,32981.0,0,4.27,82.0,2,24.8,1,0,7.1,0.81,1.1,1,1,0,0,0,0,1,0,0,0,0
22.3,1,25000.0,1,2.95,77.8,4,19.8,0,1,4.3,2.67,2.53,0,1,0,0,0,1,0,0,0,0,0
21.2,1,44241.0,0,3.9,94.7,1,40.4,1,0,5.3,4.0,4.0,0,0,1,0,1,0,0,0,0,1,0
20.5,1,106626.0,1,4.65,83.5,1,40.5,1,1,7.6,2.21,1.81,0,1,0,0,0,1,0,0,0,1,0
18.9,1,25000.0,1,3.83,82.3,1,22.4,0,0,7.0,1.96,1.61,0,0,0,0,0,1,0,0,1,0,0
21.2,1,25000.0,1,5.75,74.7,0,15.5,0,0,6.2,2.63,2.88,1,1,0,0,0,0,1,0,1,0,0
21.6,0,25000.0,1,3.88,73.2,2,31.5,0,1,4.1,3.38,3.65,0,0,1,0,0,0,1,0,0,1,0
18.3,0,28419.0,1,1.94,82.8,1,30.5,0,1,6.4,2.87,2.89,0,0,0,0,0,0,0,1,0,0,0
21.7,0,53865.0,1,1.92,81.4,2,32.8,1,1,4.1,1.89,1.38,0,1,0,0,0,1,0,0,1,0,0
20.7,1,31676.0,1,3.51,72.3,2,40.6,1,0,6.4,1.18,1.67,1,1,0,0,1,0,0,0,0,0,0
17.0,0,68542.0,1,2.45,83.9,1,42.3,0,1,3.1,1.84,1.8,0,0,0,0,0,0,0,1,0,1,0
19.1,1,48939.0,1,1.9,82.5,0,30.1,1,0,7.7,1.12,1.17,0,1,0,0,1,0,0,0,0,1,0
20.1,0,82561.0,0,3.44,79.5,1,18.1,0,0,5.9,1.35,0.79,0,0,1,0,1,0,0,0,1,0,0
25.2,0,59643.0,1,5.04,91.5,1,21.3,0,0,5.5,4.0,4.0,0,0,0,1,0,1,0,0,0,1,0
22.2,1,25000.0,0,3.4,81.9,2,22.8,0,0,6.2,1.87,1.58,0,0,1,0,0,0,0,0,0,1,0
18.1,0,30947.0,1,4.43,80.1,1,28.6,0,0,5.3,2.81,3.3,0,1,0,0,0,1,0,0,1,0,0
22.1,0,29740.5,1,4.0,76.0,2,23.8,0,1,5.5,2.8,2.74,0,0,1,0,0,0,0,1,0,0,0
17.6,0,29740.5,0,4.0,80.8,2,27.1,1,0,5.5,0.95,0.71,1,1,0,0,0,1,0,0,0,0,0
23.4,1,30856.0,1,2.79,78.8,2,30.9,0,1,7.4,0.42,0.57,1,0,0,0,0,1,0,0,1,0,0
20.0,0,28256.0,1,3.97,72.6,1,22.3,1,1,6.8,2.61,2.35,0,0,1,0,0,0,1,0,0,0,0
20.8,0,66526.0,1,3.43,82.5,1,33.9,0,0,6.0,4.0,3.67,0,0,1,0,0,0,0,0,0,0,1
23.9,1,25000.0,1,4.65,89.5,0,51.9,0,0,4.9,2.55,2.54,0,0,0,1,1,0,0,0,1,0,0
18.2,0,25000.0,1,4.24,78.7,1,28.0,0,0,7.4,2.13,2.05,0,0,0,1,1,0,0,0,1,0,0
17.9,1,25000.0,1,3.63,71.4,2,21.8,0,0,3.9,3.39,3.35,0,0,0,1,0,0,1,0,0,0,0
19.7,1,44049.0,0,4.1,90.1,1,33.7,0,0,8.7,1.34,1.67,1,0,0,1,0,0,0,0,0,0,0
23.3,0,29740.5,1,4.0,90.4,1,20.5,1,0,5.5,1.78,1.71,0,1,0,0,0,0,1,0,1,0,0
17.7,0,26352.0,1,1.92,86.7,1,28.2,0,0,7.6,0.58,0.4,1,0,0,0,0,1,0,0,0,0,0
17.0,0,65940.0,1,1.48,82.8,3,21.9,1,1,6.3,1.7,1.84,1,1,0,0,0,1,0,0,1,0,0
20.0,0,35439.0,0,5.14,85.4,2,17.2,0,0,5.3,3.57,3.11,0,1,0,0,0,1,0,0,0,0,0
22.2,1,28431.0,1,5.34,69.6,1,19.5,0,0,7.2,0.41,0.79,0,0,1,0,0,0,0,1,1,0,0
23.6,1,29099.0,0,4.24,77.3,1,22.1,0,0,3.0,2.77,3.14,1,1,0,0,1,0,0,0,0,0,0
20.0,0,25000.0,1,5.23,87.4,0,17.5,0,0,4.4,4.0,4.0,0,1,0,0,0,0,1,0,0,0,0
20.1,1,25000.0,1,6.23,84.7,0,45.3,0,1,5.2,3.68,3.34,0,0,0,1,0,0,0,1,0,0,0
23.5,0,26447.0,1,3.41,89.2,1,35.2,1,0,3.0,2.12,1.76,0,0,0,1,0,0,0,0,0,1,0
17.0,0,34988.0,1,3.05,94.3,1,41.3,0,0,6.6,2.9,3.3,0,0,0,0,1,0,0,0,0,0,0
20.1,1,52517.0,1,4.96,72.1,2,13.7,1,1,7.8,1.72,2.02,0,1,0,0,0,0,1,0,0,0,0
21.4,1,31431.0,1,5.82,85.9,2,26.5,0,0,2.4,1.39,1.08,0,1,0,0,0,0,1,0,1,0,0
22.0,0,66948.0,1,3.13,79.9,2,35.0,1,0,4.8,2.94,3.25,0,0,0,0,0,0,1,0,0,1,0
19.9,0,77895.0,1,5.92,78.4,0,49.8,0,0,5.2,2.8,2.45,0,0,1,0,0,0,0,0,1,0,0
21.1,0,47914.0,1,3.51,100.0,4,21.0,1,1,6.1,2.26,2.04,1,0,0,1,1,0,0,0,0,1,0
17.0,0,62006.0,1,4.29,69.4,0,14.6,1,0,7.0,2.72,2.49,0,0,1,0,0,0,1,0,1,0,0
19.6,1,25000.0,1,3.53,80.5,6,32.3,0,1,5.0,2.74,2.07,0,0,0,1,0,0,0,0,0,0,0
22.0,1,29740.5,1,4.0,65.1,0,21.9,0,0,5.5,4.0,4.0,0,0,0,0,1,0,0,0,1,0,0
18.8,1,40570.0,1,2.63,82.4,2,50.5,0,0,5.7,0.0,0.13,1,0,0,1,1,0,0,0,0,0,0
21.1,1,25000.0,1,5.34,66.2,1,36.5,0,0,4.4,3.08,3.03,1,0,0,0,0,0,0,0,1,0,0
22.0,1,25000.0,1,1.87,74.2,3,26.6,1,1,5.9,1.92,2.1,0,1,0,0,1,0,0,0,1,0,0
20.2,1,47227.0,1,2.79,82.4,3,26.6,1,0,3.2,2.94,3.02,0,0,1,0,1,0,0,0,0,0,1
21.4,1,69426.0,1,5.69,70.8,4,28.5,1,0,5.0,2.96,2.99,0,0,0,0,0,0,0,0,0,0,0
18.9,1,25526.0,1,6.94,89.6,2,8.1,1,0,5.2,4.0,3.86,0,1,0,0,0,0,0,1,0,0,0
20.5,1,29740.5,1,4.0,71.6,3,30.5,1,1,5.5,2.66,2.58,0,0,0,1,0,0,1,0,1,0,0
22.3,0,36036.0,0,5.99,69.3,3,24.2,0,0,10.0,0.1,0.13,1,0,1,0,0,0,0,1,0,0,0
21.3,0,25000.0,1,5.68,80.2,1,37.6,1,0,7.8,1.76,1.59,0,0,0,1,0,1,0,0,0,0,0
19.7,1,26797.0,1,4.53,85.0,2,19.2,1,1,5.9,4.0,4.0,0,0,0,1,0,1,0,0,0,1,0
21.5,0,29590.0,1,3.38,71.0,3,38.2,0,1,6.3,3.07,3.01,0,0,1,0,0,1,0,0,0,0,0
22.6,1,29238.0,1,5.82,69.4,0,36.5,1,0,6.4,1.56,1.26,1,0,0,1,1,0,0,0,0,1,0
17.0,0,31354.0,1,3.76,74.3,0,31.9,1,1,6.6,1.17,1.58,1,0,0,0,0,0,1,0,1,0,0
23.5,1,25000.0,1,4.6,100.0,1,45.0,1,0,8.3,1.64,1.99,0,0,0,0,0,0,0,1,1,0,0
20.3,0,25000.0,0,1.19,90.8,3,7.4,0,0,7.2,2.65,2.34,0,0,1,0,0,0,0,1,0,0,1
21.9,1,25000.0,1,3.48,77.1,2,35.3,1,0,1.9,1.76,1.73,0,1,0,0,0,0,0,0,0,0,0
23.6,0,25000.0,1,3.21,71.4,0,29.5,0,0,7.0,0.0,0.05,1,1,0,0,1,0,0,0,0,0,0
18.0,1,36501.0,1,4.16,75.4,3,29.1,0,1,4.0,3.56,3.21,0,0,0,0,1,0,0,0,0,0,0
19.4,0,50858.0,1,3.59,94.2,2,18.2,1,0,4.5,3.1,3.4,0,0,0,1,0,1,0,0,0,0,0
20.4,1,47944.0,1,3.34,98.3,1,13.0,1,0,7.3,2.07,2.27,0,0,1,0,1,0,0,0,0,1,0
19.3,1,25400.0,1,3.99,75.5,1,40.7,0,0,2.1,3.91,3.99,0,0,1,0,0,0,0,0,1,0,0
24.8,0,25000.0,1,2.99,84.5,3,39.5,0,0,8.6,2.82,3.25,0,0,0,1,0,0,0,0,0,0,0
19.1,1,46471.0,1,1.85,79.9,2,51.6,1,1,7.0,3.35,3.31,0,0,0,1,0,0,0,0,0,0,1
19.8,0,43624.0,1,3.42,92.2,2,53.6,1,0,6.1,2.15,2.51,0,0,0,0,0,0,1,0,1,0,0
21.4,1,33876.0,1,3.71,73.2,0,11.4,1,0,7.0,0.78,0.79,0,1,0,0,1,0,0,0,1,0,0
18.4,1,84676.0,1,4.98,89.8,3,28.1,1,1,7.6,0.27,0.0,1,1,0,0,0,0,1,0,0,0,0
20.1,0,29265.0,1,3.73,71.3,1,33.0,0,1,5.9,0.99,1.47,0,0,0,1,0,0,0,1,0,1,0
21.7,1,25486.0,1,4.51,89.6,1,41.5,0,0,6.9,2.5,2.6,0,0,0,1,0,0,0,1,0,1,0
20.3,1,25000.0,0,3.06,75.2,1,47.1,1,0,3.7,3.14,2.52,0,0,0,1,0,0,1,0,0,0,0
20.8,0,25000.0,0,3.98,79.5,1,17.7,0,1,7.0,2.11,1.92,0,0,0,0,0,0,1,0,0,1,0
19.8,0,44214.0,1,1.75,76.8,1,23.5,1,0,6.6,3.68,3.68,0,1,0,0,0,0,0,0,1,0,0
17.7,0,27909.0,1,3.18,97.7,0,46.5,0,1,8.1,2.78,2.17,0,0,1,0,0,0,0,0,0,0,0
21.7,1,40375.0,0,0.5,90.0,4,9.9,0,0,5.8,2.78,2.6,0,0,0,1,0,1,0,0,0,0,0
24.9,1,89781.0,1,2.45,78.7,0,17.1,1,1,6.1,2.09,2.33,1,0,1,0,0,0,1,0,0,0,0
21.0,1,25000.0,1,2.34,75.4,1,35.3,1,1,3.8,3.78,3.56,0,0,0,0,0,0,0,1,0,0,1
21.5,1,25000.0,1,4.8,92.5,0,54.7,1,0,5.5,3.42,3.53,0,0,0,1,0,0,1,0,0,1,0
22.5,0,39682.0,0,4.46,54.8,3,9.9,0,0,6.6,0.77,0.98,1,0,1,0,0,1,0,0,0,0,0
18.2,1,29740.5,1,4.0,85.8,4,30.7,0,0,5.5,2.75,3.13,0,0,0,0,0,1,0,0,0,1,0
24.7,1,25000.0,1,2.28,74.3,3,36.7,1,0,8.6,0.1,0.0,1,0,0,1,1,0,0,0,1,0,0
21.4,1,37736.0,0,5.07,100.0,1,47.6,0,1,6.3,1.99,1.6,0,0,0,0,1,0,0,0,0,0,0
24.6,0,47651.0,0,3.25,100.0,1,35.4,0,0,5.3,3.49,3.19,0,0,1,0,0,0,1,0,0,0,0
19.4,0,25000.0,1,6.33,82.2,7,7.9,1,0,6.5,1.4,1.47,1,1,0,0,1,0,0,0,0,0,0
25.0,0,25000.0,0,3.77,79.1,0,14.6,0,1,4.5,2.25,1.92,0,0,0,1,1,0,0,0,0,0,1
22.7,1,72118.0,0,6.09,82.5,3,46.5,0,0,7.9,1.53,1.46,1,0,1,0,0,1,0,0,0,0,0
22.2,0,25000.0,1,7.74,77.0,2,35.3,1,0,4.3,4.0,3.99,0,0,1,0,0,0,0,1,1,0,0
21.5,0,30946.0,1,4.55,75.6,0,16.5,0,1,4.8,3.5,3.78,0,1,0,0,0,0,0,0,1,0,0
20.5,1,29740.5,1,4.0,83.9,0,35.9,0,0,5.5,2.61,2.84,0,0,1,0,0,1,0,0,0,0,0
23.6,1,25000.0,1,3.57,87.0,1,33.7,1,0,5.6,0.89,0.8,0,1,0,0,1,0,0,0,0,0,1
21.3,1,32680.0,0,5.7,83.1,2,5.0,0,0,6.7,3.31,3.52,0,0,1,0,0,0,0,1,1,0,0
17.0,1,62118.0,1,3.92,84.3,1,5.0,1,0,8.5,1.45,1.66,0,0,0,0,0,1,0,0,0,1,0
18.5,0,25000.0,1,4.74,76.9,2,33.7,0,0,5.4,0.88,1.11,1,1,0,0,0,1,0,0,0,0,0
20.6,1,31093.0,0,4.66,74.5,2,54.4,1,0,5.1,4.0,4.0,0,1,0,0,0,0,1,0,1,0,0
21.7,1,25000.0,0,3.77,74.5,0,33.2,0,0,1.0,1.9,2.11,0,0,0,0,0,0,1,0,0,1,0
20.9,0,52673.0,1,2.07,88.2,2,5.0,0,0,5.9,3.45,3.33,0,0,0,1,0,0,0,1,0,0,0
23.7,0,25000.0,0,2.24,82.6,3,10.7,1,0,5.5,1.04,0.39,1,0,1,0,0,0,0,0,0,0,1
17.0,0,38486.0,1,5.51,83.6,1,37.5,1,1,5.5,1.9,1.88,0,0,0,1,0,0,0,1,0,0,1
21.3,1,25000.0,1,4.24,84.7,2,38.8,0,1,8.2,2.61,2.64,0,0,0,0,1,0,0,0,0,1,0
17.0,1,33990.0,1,5.26,81.5,0,27.7,0,0,6.5,1.73,1.62,0,0,1,0,0,0,0,0,0,0,0
22.7,1,30988.0,1,3.35,82.9,2,24.2,1,0,4.8,2.23,2.19,0,0,0,0,0,0,0,0,1,0,0
20.8,1,25564.0,1,3.55,92.4,0,39.5,0,0,3.9,2.23,1.85,0,0,1,0,1,0,0,0,0,0,0
21.9,1,39604.0,1,3.54,88.2,2,43.3,0,0,3.4,4.0,3.85,0,0,0,1,0,0,1,0,0,0,0
19.1,0,30522.0,1,1.83,80.6,2,38.3,1,1,4.7,0.85,0.58,1,1,0,0,0,1,0,0,1,0,0
23.8,1,29740.5,0,4.0,78.2,0,18.6,0,0,5.5,1.33,2.01,0,0,0,0,0,0,1,0,0,0,0
23.3,1,25000.0,1,3.59,90.2,1,40.8,0,0,1.7,3.26,2.89,0,1,0,0,0,0,0,1,0,0,0
22.3,1,31150.0,1,3.99,84.7,1,25.8,0,1,5.3,1.77,1.87,1,0,0,0,0,1,0,0,0,0,0
20.7,0,33970.0,1,3.67,79.5,2,22.8,1,0,6.9,1.64,1.12,1,1,0,0,0,0,1,0,0,0,0
22.3,0,25000.0,1,5.77,71.7,2,22.3,1,0,3.6,3.89,3.35,0,0,0,1,0,0,1,0,0,0,0
19.4,0,29740.5,1,4.0,95.6,0,30.3,1,0,5.5,3.98,3.95,0,1,0,0,0,0,0,1,0,0,0
22.9,1,25000.0,1,5.09,73.0,1,36.8,0,0,3.7,3.95,3.78,0,1,0,0,0,0,0,1,1,0,0
24.6,1,29030.0,0,4.39,84.3,2,5.8,1,0,1.0,2.92,2.68,0,0,0,1,0,1,0,0,1,0,0
23.4,1,25000.0,0,4.04,96.6,4,21.2,1,0,4.1,3.4,3.86,0,0,0,0,0,0,0,1,0,0,0
19.4,1,47215.0,1,4.98,79.3,4,24.5,0,1,3.6,3.37,3.31,0,0,0,0,0,1,0,0,0,1,0
21.8,0,44517.0,1,3.56,81.6,3,42.4,1,0,6.9,2.08,2.42,0,0,0,0,0,0,1,0,1,0,0
18.2,0,25000.0,1,3.32,88.8,1,19.6,1,1,6.4,2.86,3.18,0,0,0,1,0,0,0,0,0,0,0
22.3,0,29691.0,1,3.53,72.5,3,26.0,0,0,3.6,1.95,1.22,0,1,0,0,0,0,0,1,0,0,0
22.0,0,43613.0,1,4.27,68.6,3,39.7,1,0,7.8,2.28,2.35,0,1,0,0,0,0,0,1,0,0,0
17.0,0,26764.0,1,1.62,79.1,1,30.5,0,1,6.8,2.82,2.97,1,0,1,0,0,0,1,0,0,1,0
18.4,1,25000.0,1,3.78,82.6,2,48.4,1,0,5.0,1.88,2.02,1,0,1,0,0,0,1,0,0,1,0
20.4,0,25000.0,1,4.9,82.6,0,28.2,0,0,6.1,2.89,3.0,0,1,0,0,0,1,0,0,1,0,0
20.3,1,49640.0,1,3.97,93.3,5,52.6,1,0,3.8,1.89,1.9,1,0,1,0,0,1,0,0,0,1,0
18.3,0,51105.0,1,4.15,74.4,0,54.8,0,0,1.1,3.2,2.55,0,0,1,0,0,1,0,0,0,0,0
21.9,1,26245.0,1,4.6,80.9,3,35.5,1,0,5.7,0.73,0.93,1,1,0,0,0,0,1,0,0,0,1
21.6,1,47084.0,1,4.11,94.1,3,35.0,1,1,3.0,3.52,3.41,0,0,0,0,0,1,0,0,0,1,0
20.6,0,25000.0,1,1.89,79.8,1,36.7,1,1,5.1,4.0,3.92,0,0,0,1,0,0,0,1,0,0,0
19.3,1,65942.0,1,5.9,97.9,3,39.8,0,0,6.2,2.89,3.26,0,1,0,0,0,0,1,0,0,0,0
23.3,1,27061.0,1,7.4,80.1,3,31.5,1,0,2.0,3.44,3.37,1,0,0,1,0,0,1,0,0,1,0
24.6,1,32373.0,1,5.98,76.4,2,44.0,0,1,5.9,2.63,2.55,0,0,0,1,0,1,0,0,1,0,0
19.9,1,25000.0,1,3.72,81.7,4,36.0,0,0,7.0,0.63,1.01,1,0,1,0,1,0,0,0,0,1,0
19.7,0,68695.0,1,2.85,84.1,1,46.6,0,1,1.8,4.0,3.65,0,0,1,0,0,0,0,1,0,0,0
22.1,0,29740.5,0,4.0,63.7,1,12.6,1,1,5.5,1.95,1.97,1,1,0,0,0,0,0,1,0,0,0
20.2,1,72018.0,1,4.19,85.2,0,32.6,0,0,8.9,0.48,0.63,1,0,1,0,0,1,0,0,0,0,1
20.7,1,37713.0,1,5.21,80.8,1,42.2,0,0,5.0,1.78,1.51,0,0,0,0,0,0,0,1,0,0,0
22.6,0,43200.0,1,2.71,92.2,2,16.3,1,1,6.8,3.61,3.45,0,0,1,0,1,0,0,0,1,0,0
17.0,1,25000.0,1,4.66,86.1,3,35.2,1,0,3.7,3.85,3.83,0,0,0,0,0,1,0,0,0,1,0
23.9,1,25000.0,1,4.5,82.1,1,37.3,1,0,7.2,1.82,2.01,0,0,0,0,0,0,0,1,0,1,0
21.2,1,51964.0,1,5.8,79.5,1,50.7,0,0,6.4,1.53,2.05,0,0,1,0,0,0,0,1,1,0,0
20.1,0,35841.0,1,5.06,88.4,2,25.9,1,0,5.9,3.72,4.0,0,0,0,1,0,0,1,0,1,0,0
20.8,1,67304.0,1,4.22,82.2,2,32.5,0,0,5.8,3.35,3.35,0,0,1,0,0,0,0,0,0,0,0
20.9,1,26469.0,1,6.46,78.4,2,23.3,0,0,6.2,2.27,2.12,0,0,1,0,0,0,1,0,0,1,0
17.2,1,25000.0,1,3.65,76.2,1,28.3,1,0,5.4,2.78,2.48,0,1,0,0,0,1,0,0,1,0,0
24.3,1,68381.0,1,5.99,87.6,2,49.4,0,1,3.7,3.46,3.51,0,0,0,1,1,0,0,0,0,0,0
21.1,0,93633.0,1,4.73,78.2,0,29.6,1,1,5.2,2.38,2.13,0,0,0,1,1,0,0,0,0,1,0
22.0,1,29900.0,1,4.96,79.6,3,21.5,1,0,5.4,2.12,2.64,0,0,1,0,0,0,0,1,1,0,0
23.1,1,25000.0,1,7.87,86.4,3,27.8,1,1,3.4,4.0,3.91,0,0,0,1,0,0,1,0,1,0,0
18.8,1,48355.0,1,1.22,90.6,2,23.8,1,0,5.3,2.08,2.08,0,0,0,0,0,1,0,0,1,0,0
22.0,1,25529.0,1,2.19,86.8,1,24.7,0,1,5.4,0.31,0.03,0,1,0,0,0,0,0,0,0,0,0
20.4,0,42598.0,1,5.53,88.8,3,23.5,1,1,4.6,3.13,3.74,0,1,0,0,0,1,0,0,0,0,0
22.9,0,25449.0,1,5.19,87.7,2,24.0,0,0,6.1,2.86,2.37,0,0,0,1,0,0,0,0,0,1,0
17.0,1,75994.0,1,4.17,82.1,2,15.8,0,0,6.6,0.98,0.71,1,0,0,1,0,1,0,0,1,0,0
20.8,1,25000.0,1,5.46,85.2,1,30.8,1,0,4.3,3.53,3.5,0,0,0,1,0,0,0,0,1,0,0
19.7,1,39669.0,0,2.55,96.6,1,18.3,0,1,5.8,0.0,0.15,0,0,1,0,0,0,1,0,1,0,0
22.0,0,25000.0,0,6.54,80.4,3,43.7,0,0,7.1,2.97,2.6,0,0,0,0,0,0,1,0,0,1,0
22.0,0,29740.5,0,4.0,58.3,2,26.3,0,0,5.5,1.74,1.96,0,0,1,0,0,0,1,0,1,0,0
19.4,1,25000.0,0,6.19,61.8,3,34.9,1,1,2.5,2.7,2.73,1,0,1,0,1,0,0,0,0,0,0
19.4,0,46312.0,1,1.95,97.5,2,34.9,1,0,3.8,3.21,3.52,0,1,0,0,0,1,0,0,1,0,0
20.8,0,51587.0,1,5.39,97.8,2,8.0,0,1,6.4,4.0,3.73,0,0,1,0,0,0,1,0,0,0,1
19.0,0,41550.0,1,4.0,74.1,3,26.8,1,0,4.7,2.63,2.57,0,0,0,0,1,0,0,0,1,0,0
22.9,1,27867.0,0,7.1,92.3,2,50.6,1,0,3.3,3.57,3.49,0,0,0,0,0,0,0,1,1,0,0
20.2,1,32342.0,1,4.34,90.3,3,20.7,0,0,7.8,2.79,2.53,0,0,1,0,0,0,0,1,0,0,0
17.0,1,50952.0,1,2.85,87.1,0,57.3,1,0,3.4,2.72,2.67,0,0,1,0,0,0,1,0,0,0,0
20.2,0,51927.0,1,4.76,86.0,2,36.5,0,1,5.2,2.17,2.19,0,0,0,1,0,1,0,0,0,0,0
18.7,0,29740.5,1,4.0,61.0,3,36.2,0,1,5.5,3.06,3.02,1,0,1,0,0,1,0,0,0,0,0
17.4,0,25252.0,0,5.37,83.0,2,32.9,0,0,6.7,3.24,3.37,0,0,0,1,0,0,1,0,0,0,0
18.3,1,25989.0,1,3.45,84.8,2,42.6,0,1,6.3,2.67,2.81,0,0,0,1,1,0,0,0,0,1,0
21.2,1,44425.0,1,3.77,82.6,1,43.2,1,0,4.3,1.53,1.14,0,0,0,1,1,0,0,0,0,1,0
23.9,1,28565.0,1,4.32,81.6,1,29.8,0,0,6.5,2.06,1.8,1,0,0,0,0,1,0,0,0,0,0
21.7,0,45776.0,0,3.59,92.4,1,24.8,0,1,5.5,1.22,1.25,1,0,0,0,0,0,1,0,0,0,0
19.7,1,29740.5,1,4.0,90.1,2,12.9,1,0,5.5,4.0,3.96,0,0,1,0,0,1,0,0,0,0,0
22.0,1,34753.0,1,3.63,89.0,0,39.8,1,1,8.0,0.33,0.27,1,0,0,1,0,0,1,0,1,0,0
20.0,0,51028.0,1,4.67,89.5,0,30.8,0,0,3.4,2.03,1.98,0,1,0,0,0,0,0,1,1,0,0
19.5,1,25000.0,1,4.73,83.8,1,19.9,1,0,6.2,1.9,2.05,1,1,0,0,0,0,0,1,0,0,0
18.5,1,134348.0,1,4.05,91.3,2,23.0,0,0,5.8,4.0,4.0,0,0,0,0,0,0,0,1,1,0,0
17.1,1,60751.0,1,2.97,72.4,4,29.2,1,0,7.2,1.47,2.09,1,1,0,0,0,0,0,0,0,0,0
20.1,0,29757.0,1,1.04,82.6,3,18.2,1,0,8.7,0.0,0.0,1,0,0,0,0,0,1,0,1,0,0
21.3,0,25000.0,1,5.44,87.7,4,30.6,1,0,8.6,0.34,0.76,0,0,0,1,1,0,0,0,0,0,0
20.8,0,26768.0,1,2.65,86.3,2,10.6,0,0,7.0,1.03,0.93,1,0,1,0,1,0,0,0,0,0,0
20.1,1,31266.0,1,6.61,85.0,1,23.6,0,0,4.4,2.12,2.25,0,0,1,0,0,0,1,0,1,0,0
18.9,0,38731.0,0,3.2,89.4,4,16.1,0,0,4.7,1.64,1.68,0,0,0,0,0,0,0,1,1,0,0
22.3,0,73159.0,1,5.65,93.5,1,32.4,1,0,6.8,4.0,3.96,0,0,0,1,0,0,0,0,1,0,0
18.1,0,25000.0,1,4.17,73.5,2,18.3,1,0,3.2,3.12,3.2,1,0,0,0,1,0,0,0,1,0,0
22.7,0,41674.0,1,6.06,84.4,0,23.3,1,1,5.1,2.88,2.81,0,0,0,0,1,0,0,0,0,1,0
18.8,1,25000.0,1,4.49,76.2,2,57.1,1,1,4.2,2.43,2.58,0,0,0,0,0,1,0,0,0,0,0
19.3,1,25000.0,1,4.62,90.6,1,40.4,0,1,3.4,4.0,4.0,0,0,0,1,0,0,0,1,1,0,0
17.8,1,37273.0,1,2.5,87.8,2,37.2,0,0,5.9,1.09,1.34,1,1,0,0,0,0,0,1,1,0,0
19.9,0,45015.0,1,4.99,74.2,1,45.6,1,0,6.9,0.81,0.44,1,0,0,0,0,0,0,1,0,0,0
23.1,0,25000.0,1,5.21,81.9,1,36.1,0,0,6.6,2.15,1.72,0,1,0,0,0,0,0,1,0,0,0
22.1,0,25000.0,1,4.23,70.0,2,13.1,1,0,5.7,2.55,2.9,0,1,0,0,0,0,0,1,0,0,0
23.2,1,71420.0,0,5.43,89.6,2,14.2,0,1,4.9,2.76,2.31,0,1,0,0,0,0,1,0,0,1,0
22.1,1,59703.0,1,4.53,77.7,2,5.0,1,1,4.6,1.25,1.44,0,0,0,0,0,0,0,0,1,0,0
18.6,1,33694.0,1,5.58,73.0,2,32.4,1,0,7.1,1.4,1.4,1,0,0,0,0,1,0,0,0,0,0
20.3,0,25000.0,1,4.15,79.2,2,17.3,0,0,4.6,2.45,2.04,0,0,1,0,1,0,0,0,0,1,0
19.3,1,134145.0,1,5.44,86.7,1,23.2,1,0,4.5,3.04,3.39,0,0,1,0,1,0,0,0,0,1,0
23.9,0,29379.0,1,4.34,84.3,1,26.2,1,0,6.2,2.27,1.74,0,0,1,0,0,0,1,0,0,0,1
18.4,1,25000.0,1,6.67,78.1,2,22.7,1,0,3.7,0.63,0.78,0,0,0,1,1,0,0,0,0,1,0
23.0,1,25000.0,0,3.56,81.2,0,29.6,1,0,5.7,2.27,2.3,0,0,0,1,0,0,0,0,0,0,1
23.0,0,37265.0,1,3.88,79.7,2,26.6,0,1,4.5,1.2,1.37,0,1,0,0,0,0,0,1,0,0,0
25.0,1,37495.0,1,3.14,74.5,0,25.4,0,1,4.3,0.47,0.38,1,1,0,0,0,1,0,0,0,1,0
20.1,1,52595.0,1,3.5,67.1,4,11.4,1,0,5.1,1.59,1.44,1,0,0,1,0,0,1,0,1,0,0
22.6,1,25000.0,1,3.33,81.9,0,32.9,1,1,6.9,1.3,1.01,1,0,0,1,0,0,0,0,0,0,0
26.0,1,25000.0,1,6.68,86.7,3,56.1,0,0,5.8,3.38,3.53,0,0,0,0,0,0,0,1,1,0,0
19.6,0,100542.0,1,6.72,81.9,0,33.3,1,0,6.0,3.18,3.13,0,0,0,1,0,0,0,0,1,0,0
17.6,0,34022.0,1,3.85,98.4,1,57.2,0,1,6.9,1.65,1.93,1,0,0,1,0,1,0,0,0,1,0
17.0,1,26809.0,1,5.85,77.2,4,23.2,0,0,6.6,2.83,2.17,0,0,1,0,0,0,0,0,0,0,0
22.6,0,25000.0,1,3.79,81.7,2,27.0,1,0,5.2,2.9,3.26,0,0,0,1,0,0,1,0,1,0,0
17.0,1,40278.0,1,4.56,85.9,1,29.8,1,1,6.5,2.04,2.34,1,0,0,1,0,0,1,0,0,0,0
20.2,0,55194.0,1,6.0,85.5,2,28.0,0,0,5.2,1.88,1.73,0,0,0,0,1,0,0,0,0,0,0
22.0,0,50249.0,1,3.7,80.0,3,44.0,1,0,6.3,1.37,1.27,1,0,0,1,0,1,0,0,0,1,0
21.4,0,25456.0,1,2.7,81.6,3,5.0,1,0,7.4,0.8,0.62,1,0,0,1,0,1,0,0,1,0,0
21.9,1,36929.0,0,4.61,81.3,0,24.5,0,0,6.4,1.26,1.36,0,0,1,0,0,0,0,1,0,0,0
21.5,1,81064.0,1,2.95,87.5,1,50.0,1,1,3.3,2.53,2.35,0,0,1,0,0,0,0,0,1,0,0
23.8,1,56530.0,1,4.05,76.4,1,24.0,0,0,4.6,2.32,2.55,1,1,0,0,1,0,0,0,0,0,0
18.9,0,25000.0,1,4.43,62.5,0,41.1,1,0,6.7,2.18,2.58,0,0,0,0,1,0,0,0,0,0,0
19.5,0,25000.0,1,4.89,79.3,2,37.2,0,1,1.6,3.99,3.9,0,0,1,0,0,0,1,0,1,0,0
19.3,1,35528.0,1,4.9,95.5,3,29.1,0,0,6.1,3.05,3.27,0,1,0,0,0,0,0,1,0,0,0
22.8,0,48009.0,1,4.4,88.4,3,33.8,0,0,6.0,0.55,0.55,1,0,0,0,0,0,0,0,0,0,0
23.0,1,25000.0,1,5.12,69.5,2,29.0,0,0,10.0,1.55,1.46,1,1,0,0,1,0,0,0,1,0,0
22.0,1,29576.0,1,6.03,87.4,1,5.0,0,0,6.3,1.5,1.81,0,0,1,0,0,1,0,0,0,1,0
23.6,1,25382.0,1,5.11,83.7,0,35.5,0,1,5.3,3.16,2.95,0,0,0,1,0,0,0,1,0,0,0
18.4,1,31652.0,0,5.37,79.0,1,22.6,1,1,7.6,1.37,1.45,1,1,0,0,0,0,1,0,0,0,0
24.7,1,25000.0,1,2.84,73.4,1,13.5,0,0,4.9,1.94,1.6,0,0,0,1,1,0,0,0,1,0,0
24.4,1,64493.0,1,4.3,75.5,2,34.6,1,0,5.6,3.3,3.31,0,0,1,0,1,0,0,0,0,1,0
22.6,1,32493.0,1,4.55,77.5,1,33.9,0,0,5.7,2.86,3.14,0,1,0,0,0,0,0,0,0,0,0
24.9,1,25000.0,1,7.03,96.7,2,41.8,1,0,6.6,2.38,2.2,0,1,0,0,0,0,0,0,0,0,0
17.4,0,51559.0,1,1.15,87.1,4,26.9,0,1,3.8,2.78,2.63,0,0,0,1,0,0,0,1,0,1,0
19.8,1,25000.0,1,5.16,76.3,5,40.3,1,1,7.0,1.72,1.92,1,1,0,0,0,1,0,0,0,0,0
19.4,0,64260.0,0,4.72,77.7,0,30.3,0,1,4.6,3.69,3.46,0,1,0,0,0,0,0,0,1,0,0
22.6,1,53887.0,1,4.96,81.7,1,34.1,1,1,9.2,1.09,1.61,1,0,0,0,0,1,0,0,0,1,0
18.7,0,68450.0,1,2.23,78.5,1,35.1,0,0,2.8,0.81,0.67,0,0,0,0,0,0,1,0,1,0,0
22.7,0,27039.0,1,4.26,82.1,0,14.0,0,1,4.1,0.64,0.39,0,0,0,0,1,0,0,0,1,0,0
24.0,1,25000.0,1,6.44,80.8,0,34.5,0,0,1.8,3.11,2.88,0,0,1,0,0,1,0,0,0,1,0
22.5,1,31270.0,1,2.51,82.8,2,31.2,0,0,10.0,0.0,0.44,0,0,0,1,0,0,0,1,0,0,0
21.6,0,28264.0,1,4.94,66.0,5,26.7,0,0,3.3,3.27,3.08,0,1,0,0,0,1,0,0,0,0,0
18.8,0,25000.0,1,3.24,88.4,2,31.4,0,0,6.9,1.46,1.36,0,0,0,0,1,0,0,0,1,0,0
19.1,1,25000.0,1,6.19,77.5,1,60.6,0,0,6.8,2.46,2.17,1,0,0,0,1,0,0,0,0,0,0
23.7,1,25000.0,1,5.09,89.3,1,7.0,1,0,3.9,3.15,2.94,0,0,0,1,0,0,0,1,1,0,0
22.7,0,25000.0,1,4.62,99.6,4,28.4,0,0,6.9,1.8,1.95,0,0,0,1,0,0,1,0,0,1,0
20.9,0,44658.0,1,3.04,70.4,0,39.7,1,0,3.6,2.07,1.77,0,1,0,0,0,0,1,0,0,1,0
20.1,1,28814.0,1,3.81,82.8,2,15.0,1,0,4.0,3.53,3.25,0,1,0,0,0,1,0,0,0,0,0
17.0,1,29740.5,1,4.0,78.6,4,34.5,0,0,5.5,3.12,3.55,0,1,0,0,0,0,0,1,0,0,0
18.6,1,25000.0,1,2.86,85.2,2,33.6,1,1,6.7,2.22,1.73,0,0,1,0,0,0,0,1,0,1,0
25.2,1,25000.0,0,3.81,65.1,4,10.9,1,0,2.0,4.0,4.0,0,0,0,0,0,0,1,0,0,0,0
18.2,1,94992.0,0,1.47,79.1,0,23.0,1,0,6.2,4.0,3.91,0,1,0,0,0,0,1,0,0,0,0
21.4,1,25000.0,1,4.94,75.5,1,51.4,1,1,5.3,2.18,2.2,1,0,0,0,1,0,0,0,1,0,0
23.2,1,42887.0,1,3.46,95.0,2,10.9,1,0,8.6,2.52,2.89,1,1,0,0,0,0,0,1,1,0,0
18.2,1,32780.0,1,3.08,96.9,0,24.7,1,0,5.6,3.81,3.69,0,1,0,0,0,0,0,1,1,0,0
21.4,0,29740.5,1,4.0,79.7,1,28.0,1,0,5.5,2.95,2.56,0,1,0,0,0,0,1,0,1,0,0
23.1,1,87157.0,1,4.54,72.8,1,30.1,0,1,6.4,1.14,0.94,1,0,1,0,0,0,0,1,1,0,0
21.0,1,44822.0,0,6.51,75.3,0,25.0,1,1,5.3,3.61,3.59,0,0,0,1,0,0,0,1,0,0,0
27.3,1,25000.0,0,3.61,82.3,3,31.0,0,1,7.5,0.96,0.83,0,0,1,0,0,0,1,0,0,0,0
17.3,0,29231.0,1,5.79,70.8,2,29.6,0,1,6.2,1.96,2.35,0,0,0,0,0,0,1,0,1,0,0
23.3,0,25000.0,1,4.75,86.2,0,38.5,1,0,7.1,2.44,1.99,0,0,0,1,0,0,1,0,1,0,0
20.6,0,88941.0,1,3.79,80.4,1,40.1,1,1,3.8,4.0,3.42,0,0,0,1,0,0,1,0,0,1,0
22.7,1,25000.0,1,6.53,84.9,4,35.3,1,0,6.5,0.39,0.73,1,0,0,0,1,0,0,0,1,0,0
22.0,0,25000.0,1,1.76,85.2,0,32.8,0,0,6.9,2.51,2.65,0,0,0,0,0,0,1,0,0,1,0
19.4,1,25000.0,1,4.19,93.0,3,11.2,0,1,3.5,2.56,2.44,0,1,0,0,0,0,0,1,0,0,0
21.5,1,31202.0,1,3.54,87.1,4,31.4,0,1,5.4,2.69,3.16,0,1,0,0,0,0,1,0,0,0,0
17.0,0,67656.0,1,4.41,84.3,1,43.4,0,0,2.4,2.92,3.02,0,0,1,0,0,0,0,0,0,0,1
22.3,0,86997.0,1,2.5,84.0,1,10.7,0,0,2.6,0.88,1.38,0,0,1,0,0,0,0,1,0,1,0
21.7,0,25000.0,1,5.05,66.2,1,14.2,0,1,5.4,1.82,2.03,1,1,0,0,0,0,0,1,0,0,0
22.4,0,37308.0,1,1.88,83.4,3,47.9,0,1,8.7,2.69,2.99,0,0,0,1,1,0,0,0,0,0,1
23.3,0,31230.0,1,4.84,86.9,0,12.0,0,0,8.9,2.4,2.33,1,0,1,0,0,0,0,0,0,1,0
21.8,1,25000.0,1,3.35,81.0,2,28.8,0,1,5.0,3.95,3.73,0,1,0,0,1,0,0,0,0,1,0
21.3,1,127202.0,1,4.6,95.3,1,23.4,1,0,3.8,3.93,4.0,0,0,1,0,0,1,0,0,1,0,0
19.1,1,67350.0,1,3.08,70.1,2,47.2,0,1,7.2,1.6,1.52,1,0,1,0,0,1,0,0,1,0,0
19.4,0,33305.0,1,2.89,76.1,1,33.6,0,0,1.9,2.41,2.45,0,0,1,0,0,0,0,1,0,0,0
23.6,1,76813.0,1,6.06,76.9,3,39.5,1,0,4.8,1.13,0.96,0,0,0,0,1,0,0,0,0,1,0
24.2,0,61529.0,0,6.21,82.1,0,30.7,0,1,4.2,3.34,3.02,0,1,0,0,1,0,0,0,0,0,0
20.5,1,31229.0,1,2.51,76.8,1,53.9,0,1,5.3,2.36,2.62,0,1,0,0,0,0,1,0,0,0,0
21.1,1,36155.0,0,4.21,72.1,0,21.1,1,0,8.0,2.0,2.23,0,0,0,1,1,0,0,0,0,1,0
19.0,1,73664.0,1,5.01,79.2,0,34.1,0,0,1.0,4.0,4.0,0,0,0,0,0,1,0,0,0,0,0
23.6,1,25000.0,1,3.91,90.1,8,45.1,1,1,6.1,2.1,2.57,0,0,0,1,0,0,0,0,0,0,0
22.5,0,81163.0,1,3.96,88.0,0,47.8,0,0,6.1,1.6,1.63,0,0,0,1,0,0,0,1,0,0,0
25.3,1,25976.0,1,4.94,76.4,0,26.8,1,1,5.4,1.07,1.32,1,0,0,1,0,1,0,0,0,0,1
19.1,1,74221.0,1,4.71,79.0,1,5.7,1,1,6.0,2.13,2.46,0,1,0,0,0,0,1,0,0,0,0
20.2,1,29640.0,1,3.42,75.8,2,25.4,0,0,6.4,3.14,3.06,0,0,1,0,0,0,0,1,0,0,0
21.5,1,36409.0,1,4.68,71.9,2,50.9,1,0,5.8,1.57,1.44,1,1,0,0,0,0,0,0,1,0,0
22.4,1,29127.0,1,3.66,85.4,1,20.8,0,1,1.8,3.39,3.02,0,0,1,0,0,0,1,0,0,0,0
20.5,1,25000.0,1,3.54,71.8,3,33.5,1,0,3.9,1.72,1.62,1,0,0,0,0,0,1,0,0,0,0
19.1,0,25285.0,1,3.04,87.3,2,26.3,0,1,8.4,1.1,1.25,1,0,0,0,0,0,1,0,0,0,0
22.9,1,68014.0,1,3.05,96.5,2,29.1,1,1,3.4,2.76,2.62,0,0,0,0,0,0,0,1,0,1,0
22.6,1,25000.0,1,4.34,85.0,1,45.7,1,1,5.6,2.03,1.74,0,0,0,1,1,0,0,0,0,0,0
19.0,0,25000.0,1,2.01,87.0,2,33.1,0,0,4.2,0.95,0.9,0,0,0,0,0,0,1,0,1,0,0
24.0,1,25000.0,1,1.97,86.8,2,54.5,1,1,6.6,0.42,0.75,1,0,1,0,0,1,0,0,0,0,0
23.6,1,25000.0,1,3.78,78.1,3,41.7,0,0,5.1,2.48,1.88,1,0,1,0,0,1,0,0,0,0,0
21.3,0,73570.0,0,4.0,85.0,1,31.6,0,0,6.7,1.93,1.83,1,0,0,0,1,0,0,0,0,1,0
21.2,1,63235.0,1,2.64,84.5,1,28.9,1,1,6.2,1.93,1.79,0,0,0,0,0,0,0,0,1,0,0
22.2,0,42413.0,1,6.28,77.0,3,34.0,0,0,4.8,4.0,4.0,0,0,0,1,0,1,0,0,0,0,0
19.1,1,25000.0,1,3.03,61.9,2,15.2,1,1,1.5,2.44,1.77,1,1,0,0,0,0,0,0,1,0,0
21.1,0,66239.0,1,3.15,73.6,2,17.3,1,1,3.9,0.54,0.39,1,0,0,0,0,1,0,0,0,0,0
17.0,0,25000.0,0,3.04,74.5,2,39.1,1,1,3.3,4.0,4.0,0,0,0,0,0,1,0,0,0,1,0
22.9,1,107494.0,1,5.23,86.0,6,41.0,0,0,3.3,4.0,3.95,0,1,0,0,0,0,0,1,0,1,0
17.6,1,25000.0,1,6.2,70.2,2,14.1,0,1,6.4,3.84,4.0,0,0,1,0,0,0,0,0,0,1,0
24.3,1,25407.0,1,2.74,97.0,5,40.3,1,0,9.1,1.52,1.4,0,1,0,0,0,1,0,0,0,0,0
20.3,1,25000.0,1,5.09,95.0,3,27.9,1,1,1.1,2.72,2.57,0,0,0,0,0,1,0,0,0,0,0
20.5,0,25000.0,1,4.35,90.4,1,20.0,0,0,2.8,2.36,2.2,0,0,1,0,0,0,1,0,0,0,0
19.6,0,94378.0,0,3.01,77.9,1,26.2,1,0,5.9,1.97,2.47,0,0,1,0,0,0,0,1,0,0,0
20.4,1,47731.0,1,4.34,65.4,2,40.7,0,1,5.0,0.53,0.16,0,0,0,1,0,0,1,0,0,0,0
24.1,0,61653.0,1,2.29,88.7,4,37.3,0,0,6.3,0.48,0.38,1,0,0,0,0,0,0,1,1,0,0
17.0,1,25000.0,1,3.67,76.0,0,33.6,0,1,5.4,1.89,2.23,1,0,0,1,0,0,1,0,0,1,0
23.8,0,33142.0,1,2.7,88.3,0,34.5,0,1,7.9,0.09,0.02,1,0,1,0,0,0,0,1,0,0,0
21.7,0,40644.0,1,3.56,86.8,1,16.3,1,0,6.5,2.28,1.29,0,0,0,1,0,0,0,1,0,0,0
18.3,0,34977.0,1,4.09,78.5,2,36.6,0,1,7.1,3.29,3.27,0,0,0,1,0,1,0,0,0,0,0
18.6,1,25000.0,1,5.94,72.2,1,24.5,0,0,7.3,3.0,2.61,0,0,0,1,0,1,0,0,0,0,0
24.7,0,56687.0,1,4.07,83.5,0,54.3,0,1,3.4,3.0,2.79,0,0,0,0,0,0,0,0,1,0,0
18.9,1,31982.0,1,2.71,69.4,3,25.4,1,0,6.6,1.64,1.67,0,1,0,0,1,0,0,0,0,1,0
18.5,0,25000.0,1,4.02,84.2,1,56.7,0,1,6.7,2.97,2.51,0,0,0,1,0,0,1,0,0,1,0
23.5,1,25000.0,0,1.3,85.8,1,28.1,0,0,4.9,1.86,1.86,0,1,0,0,0,1,0,0,0,0,0
21.7,1,42787.0,1,5.11,76.7,1,28.9,1,0,4.9,3.5,3.2,0,0,0,0,1,0,0,0,0,1,0
18.9,0,129350.0,1,2.95,70.0,1,26.5,1,1,4.9,1.71,1.91,0,0,0,0,0,0,1,0,1,0,0
21.5,0,25000.0,1,6.47,95.0,2,14.9,0,0,3.9,4.0,3.97,0,0,0,1,0,0,1,0,1,0,0
18.7,1,32934.0,0,5.19,77.7,2,45.9,1,1,3.0,1.69,1.48,0,0,0,0,0,0,1,0,0,0,0
23.4,0,57890.0,1,4.14,80.3,3,31.2,1,0,9.4,2.15,2.54,1,0,0,1,0,0,0,0,0,0,0
23.3,0,29740.5,1,4.0,75.7,2,37.5,1,0,5.5,0.31,0.45,1,0,0,1,0,0,0,0,1,0,0
22.2,0,25000.0,1,3.44,77.5,2,49.4,1,0,5.5,0.68,0.66,0,0,0,1,0,0,0,0,1,0,0
21.8,0,25000.0,0,3.53,75.9,0,28.4,1,0,2.9,3.24,2.75,0,0,0,0,0,1,0,0,0,0,0
24.9,1,53681.0,1,3.99,98.1,3,28.9,0,1,6.5,2.91,3.08,0,0,0,1,0,0,1,0,0,1,0
21.0,0,65862.0,1,3.47,76.1,2,31.7,0,1,4.8,1.26,1.24,0,0,0,0,1,0,0,0,0,0,0
18.4,1,32710.0,1,4.72,91.7,0,14.6,0,1,5.2,2.92,2.74,0,0,1,0,1,0,0,0,1,0,0
22.0,1,25000.0,1,5.91,83.2,2,8.1,1,1,9.5,0.25,0.21,0,0,1,0,0,0,0,0,0,1,0
25.6,0,29740.5,1,4.0,83.1,3,12.0,0,1,5.5,1.16,1.03,1,0,0,1,0,0,0,0,0,1,0
18.8,0,25000.0,1,5.44,77.9,1,44.9,1,0,1.2,4.0,3.98,0,1,0,0,0,0,0,0,0,1,0
20.2,0,25000.0,1,2.28,80.4,2,26.1,1,0,6.2,2.6,2.36,0,0,0,1,1,0,0,0,0,0,0
21.9,0,27967.0,1,4.46,96.3,5,39.4,1,1,5.8,2.57,2.93,0,1,0,0,0,0,0,0,0,1,0
20.9,0,41978.0,1,4.11,88.8,2,26.9,0,1,6.1,2.35,2.31,0,0,1,0,0,1,0,0,0,1,0
18.8,1,39901.0,1,2.19,71.1,2,11.1,0,1,4.5,3.01,3.68,0,0,1,0,0,0,0,1,0,1,0
23.5,0,29586.0,0,3.67,74.1,2,40.4,0,1,5.5,3.49,3.96,0,1,0,0,0,0,0,1,0,0,1
26.1,1,30768.0,1,5.11,85.1,1,19.3,0,0,3.5,2.44,1.89,0,0,0,1,0,0,0,1,0,0,1
21.4,0,28313.0,1,0.5,87.1,0,37.0,0,0,7.4,3.49,3.47,0,0,0,1,1,0,0,0,1,0,0
19.0,0,25000.0,0,3.74,88.1,3,41.1,1,1,7.3,2.75,2.72,1,0,0,1,0,0,0,1,0,0,0
17.6,0,32731.0,1,3.41,81.4,2,29.5,0,0,8.5,1.01,1.49,0,1,0,0,1,0,0,0,0,0,0
21.6,1,25000.0,1,4.35,75.2,1,35.7,0,0,4.1,1.84,1.69,0,0,1,0,0,1,0,0,0,0,0
23.4,0,25000.0,1,5.18,75.5,0,12.9,1,0,6.0,3.55,3.49,0,0,1,0,0,0,0,1,0,1,0
22.0,0,37139.0,1,4.91,63.6,0,65.1,1,1,9.2,0.0,0.18,0,0,0,1,0,0,1,0,0,0,0
21.0,0,25000.0,1,5.26,95.1,0,35.3,1,1,4.3,3.68,3.72,0,1,0,0,0,0,0,1,0,0,0
19.7,1,34086.0,0,5.54,61.0,1,39.4,0,0,3.7,3.47,3.44,0,0,0,0,1,0,0,0,0,0,0
18.6,0,49443.0,1,3.53,80.1,1,41.2,0,0,6.0,0.0,0.0,1,0,0,0,0,0,1,0,0,0,0
22.8,0,25000.0,1,0.84,67.8,0,28.3,0,0,7.6,1.54,1.25,1,0,0,0,0,0,1,0,0,0,1
23.0,0,31422.0,1,4.87,77.3,1,30.9,0,1,4.3,2.98,2.86,0,0,0,1,0,0,0,1,0,0,0
17.6,0,25000.0,1,2.69,86.6,0,43.0,0,1,9.0,2.14,2.96,0,0,1,0,0,0,1,0,0,0,0
24.5,1,74572.0,1,4.37,63.7,2,25.6,0,0,3.9,2.97,2.73,0,0,0,0,1,0,0,0,0,0,0
22.3,1,25000.0,1,2.16,84.8,3,34.7,0,0,6.7,2.15,2.65,0,0,0,0,0,1,0,0,1,0,0
24.1,1,25000.0,1,3.04,89.0,1,35.6,0,1,4.3,3.87,3.93,0,0,1,0,0,0,0,1,0,1,0
18.0,1,66372.0,1,4.75,78.7,2,21.2,1,0,4.7,3.62,3.57,0,0,0,1,0,1,0,0,0,1,0
18.0,0,25830.0,1,3.42,100.0,1,35.3,0,0,7.0,2.9,2.9,0,1,0,0,0,0,0,1,0,0,0
20.7,1,29740.5,1,4.0,49.0,3,9.7,0,0,5.5,3.81,3.97,0,1,0,0,0,0,0,1,0,0,0
22.1,1,45608.0,1,2.24,68.3,2,41.0,1,0,2.8,3.24,2.82,0,0,1,0,0,0,0,0,1,0,0
25.0,1,44996.0,1,5.47,79.6,1,48.8,0,0,4.1,1.48,2.24,1,1,0,0,0,0,0,0,0,0,0
22.6,0,25000.0,1,3.54,79.7,1,40.9,1,1,6.8,2.14,1.95,0,0,0,0,0,0,1,0,1,0,0
20.5,1,25000.0,0,3.57,82.9,2,48.0,0,0,6.2,2.6,3.07,0,0,1,0,1,0,0,0,1,0,0
18.7,1,25000.0,1,3.21,89.4,0,20.9,1,0,6.8,1.9,2.34,0,0,0,0,0,1,0,0,0,1,0
23.7,1,26260.0,1,2.02,72.0,0,27.3,0,0,4.4,1.31,1.23,0,0,1,0,0,1,0,0,0,1,0
18.9,1,25000.0,1,3.65,71.1,2,31.5,1,1,3.6,3.45,3.16,0,0,0,0,1,0,0,0,0,0,0
24.6,0,26666.0,1,5.61,76.4,2,31.5,1,0,4.0,3.12,2.75,0,0,1,0,0,1,0,0,0,1,0
20.4,1,86712.0,1,2.99,90.2,0,24.8,1,0,4.1,2.76,3.05,0,0,0,0,0,0,0,1,0,0,0
24.5,0,25000.0,1,1.55,88.5,0,19.0,1,0,5.4,3.72,3.45,0,0,0,0,0,0,0,1,0,0,0
22.5,0,25000.0,0,5.01,81.4,1,50.7,0,1,3.4,4.0,4.0,0,1,0,0,1,0,0,0,0,0,0
20.7,0,25000.0,0,4.11,77.9,3,20.0,1,0,7.4,1.96,1.9,0,0,0,0,0,0,0,0,0,0,0
19.9,0,29740.5,1,4.0,65.8,3,49.9,0,1,5.5,2.81,3.27,1,0,1,0,0,1,0,0,1,0,0
20.3,0,61201.0,1,4.49,84.9,1,35.9,0,1,3.9,4.0,4.0,0,0,1,0,0,0,1,0,0,0,0
21.9,1,60367.0,1,1.73,82.8,1,32.4,1,0,5.1,2.98,2.43,1,0,0,0,0,0,1,0,0,0,0
21.2,0,25000.0,1,3.85,70.7,5,36.5,1,1,3.9,1.7,1.53,1,0,0,1,0,0,1,0,0,1,0
19.7,1,40130.0,1,4.32,70.2,2,48.3,1,1,5.2,3.47,3.41,0,0,1,0,0,0,0,0,0,0,0
20.6,1,70281.0,1,3.94,79.9,2,5.0,0,0,4.0,2.01,2.34,0,1,0,0,0,0,0,0,0,1,0
21.2,0,40368.0,1,3.93,87.8,6,34.3,0,0,9.4,2.98,3.35,0,1,0,0,0,0,1,0,0,0,0
17.0,1,39618.0,1,5.5,73.5,3,31.8,0,0,2.6,4.0,4.0,0,1,0,0,0,1,0,0,0,1,0
22.0,0,25000.0,1,4.57,85.3,1,32.2,0,0,3.2,2.32,1.71,0,0,0,0,0,0,0,1,0,0,0
18.8,0,33930.0,1,4.82,67.7,0,41.3,0,0,5.1,3.29,3.5,0,0,0,1,0,1,0,0,1,0,0
18.5,1,62429.0,1,3.8,82.6,6,22.7,0,0,5.7,1.57,1.31,0,0,0,0,0,0,1,0,0,1,0
17.3,0,36204.0,1,0.67,75.7,1,16.2,1,1,5.7,1.49,1.74,0,0,1,0,0,0,0,0,0,1,0
17.1,1,25000.0,0,3.58,65.3,3,13.4,0,0,7.2,1.63,1.09,0,0,0,1,1,0,0,0,1,0,0
18.0,1,25000.0,1,3.97,77.6,1,19.1,1,0,6.3,0.09,0.04,0,0,1,0,0,0,0,1,0,0,1
19.4,0,61425.0,1,3.75,71.9,1,38.2,1,0,3.8,1.1,1.14,0,1,0,0,0,0,0,0,0,0,0
25.3,1,36129.0,1,3.9,79.8,4,36.1,0,1,7.4,1.27,1.51,1,1,0,0,0,0,1,0,0,0,0
19.8,0,31934.0,1,4.28,85.3,2,40.6,1,0,6.6,1.66,1.42,0,0,0,1,0,1,0,0,0,0,0
21.4,0,25000.0,1,5.23,85.7,0,24.5,0,0,8.0,2.64,2.62,0,1,0,0,1,0,0,0,1,0,0
21.9,1,60667.0,1,2.89,66.2,5,25.0,0,1,5.6,1.02,1.05,1,0,1,0,0,0,1,0,0,0,0
21.3,0,80616.0,1,3.73,86.6,2,49.8,1,0,7.5,0.77,0.99,1,0,1,0,0,0,1,0,1,0,0
20.8,0,63444.0,1,6.0,85.3,2,42.2,1,0,1.0,4.0,4.0,0,1,0,0,0,0,1,0,0,1,0
18.4,1,70654.0,1,1.89,78.6,1,39.0,1,0,4.6,2.36,3.18,0,0,1,0,1,0,0,0,1,0,0
24.2,1,25000.0,1,3.64,71.9,2,8.1,0,1,3.9,4.0,4.0,0,1,0,0,0,0,0,1,0,0,0
25.0,0,25000.0,1,1.16,78.7,0,53.5,0,0,6.8,0.0,0.12,1,0,1,0,1,0,0,0,0,0,0
17.3,1,27070.0,1,3.66,94.9,1,28.9,0,0,4.2,2.2,2.06,0,0,0,1,0,0,0,0,0,0,0
18.7,0,30429.0,1,4.13,86.8,0,32.1,1,1,7.3,1.02,1.41,0,1,0,0,1,0,0,0,1,0,0
20.4,1,70165.0,0,1.64,89.8,3,35.4,1,1,6.9,2.42,2.3,1,0,0,0,0,0,1,0,0,1,0
18.9,0,59846.0,1,4.27,74.1,5,32.0,1,0,4.4,1.3,0.62,1,0,0,1,0,0,0,1,1,0,0
22.1,0,41072.0,1,3.12,77.7,2,27.9,0,0,5.9,1.23,1.36,1,0,0,0,0,0,0,0,0,0,1
19.4,1,25000.0,1,5.4,71.6,5,31.7,1,0,5.1,1.53,1.63,0,0,0,1,0,0,0,1,0,0,0
25.8,0,25000.0,1,4.62,76.7,2,37.6,0,0,5.7,2.95,3.14,0,0,1,0,1,0,0,0,0,0,0
23.6,0,34347.0,1,3.3,92.9,7,40.2,0,0,6.8,2.81,2.95,0,0,0,0,0,1,0,0,0,0,0
21.5,0,50421.0,1,3.73,78.4,0,44.6,1,0,4.9,1.5,1.47,0,1,0,0,0,0,0,0,0,0,0
23.3,0,28347.0,1,6.02,76.5,7,16.8,0,1,2.5,1.08,0.87,1,0,0,1,0,1,0,0,1,0,0
23.4,0,93802.0,1,3.85,83.9,2,23.4,0,0,6.6,3.25,3.16,0,0,0,1,0,1,0,0,0,0,0
19.8,0,25000.0,1,2.25,77.4,0,40.2,1,1,7.4,1.15,1.09,0,0,0,1,0,1,0,0,1,0,0
19.2,0,25000.0,1,2.52,82.7,0,11.2,0,0,2.4,4.0,4.0,0,0,0,0,0,1,0,0,0,0,0
21.2,0,25000.0,1,3.76,77.5,5,31.9,0,1,5.4,2.58,2.85,0,0,0,1,1,0,0,0,1,0,0
22.9,1,25000.0,0,5.46,83.5,1,20.6,1,0,3.8,2.79,3.04,1,0,0,0,0,1,0,0,0,1,0
21.3,0,40773.0,1,3.36,79.0,4,36.6,1,0,7.5,2.27,2.49,0,0,0,0,0,0,1,0,1,0,0
17.5,1,25000.0,1,2.58,73.1,4,19.9,1,0,7.6,2.67,2.71,1,1,0,0,0,0,1,0,0,0,0
19.2,1,25000.0,1,4.01,90.4,1,25.7,0,1,4.0,3.0,3.25,0,0,0,1,0,1,0,0,0,1,0
20.8,1,50764.0,1,4.43,96.5,4,26.5,1,0,3.1,2.77,2.85,0,0,0,1,0,0,1,0,1,0,0
20.8,1,29740.5,1,4.0,86.0,3,33.0,1,1,5.5,2.22,2.12,1,0,0,0,1,0,0,0,1,0,0
25.3,1,25000.0,1,1.79,70.0,4,41.5,1,0,3.5,3.33,3.1,0,1,0,0,0,0,0,1,1,0,0
18.0,1,25000.0,1,4.41,80.2,2,42.4,1,0,7.0,1.6,1.54,0,0,0,0,0,0,0,0,1,0,0
22.1,1,33667.0,1,4.34,84.0,2,32.5,1,0,5.3,3.37,3.16,0,0,0,1,0,0,0,0,0,0,0
24.3,0,33244.0,1,3.43,68.5,2,16.7,0,0,8.4,0.57,0.58,1,0,0,0,1,0,0,0,0,0,0
26.0,1,93889.0,1,5.48,77.7,1,61.0,1,1,8.5,0.53,0.29,1,0,0,0,0,0,0,0,0,0,1
20.1,1,29740.5,0,4.0,55.8,0,29.0,0,0,5.5,2.33,2.37,0,0,0,0,0,0,0,1,1,0,0
22.1,1,29740.5,1,4.0,73.8,0,33.3,0,1,5.5,1.78,2.23,1,1,0,0,0,0,1,0,0,0,0
22.3,1,35354.0,1,4.61,84.7,3,32.9,0,1,3.8,4.0,4.0,0,0,0,0,1,0,0,0,0,0,0
21.4,1,25000.0,1,1.55,81.6,3,34.2,0,0,2.8,3.89,4.0,0,0,0,1,0,0,0,0,0,1,0
20.8,0,32108.0,1,3.38,73.2,1,19.8,0,0,6.6,1.16,1.45,1,0,0,0,0,0,0,0,0,1,0
22.0,0,42423.0,1,3.47,81.5,1,35.3,0,0,6.7,2.21,2.28,1,0,0,1,0,0,1,0,1,0,0
17.0,0,45355.0,1,4.86,79.1,3,51.9,1,0,6.0,3.23,3.35,0,0,1,0,0,1,0,0,0,0,0
22.5,0,25000.0,1,7.95,89.1,6,5.9,1,0,3.1,4.0,3.74,0,0,0,1,1,0,0,0,1,0,0
21.3,1,39866.0,1,3.62,65.4,5,30.4,1,1,4.1,3.29,3.45,1,1,0,0,1,0,0,0,0,0,0
20.5,1,25000.0,1,5.9,76.1,2,16.5,1,0,5.6,1.53,1.14,0,0,1,0,0,1,0,0,0,0,1
25.5,1,25000.0,1,5.77,94.1,1,41.9,0,1,4.4,2.32,2.18,0,1,0,0,1,0,0,0,0,0,0
19.5,0,29740.5,1,4.0,72.7,4,43.7,1,1,5.5,1.74,1.64,0,0,1,0,1,0,0,0,0,1,0
20.1,1,30175.0,1,5.74,73.4,2,28.5,1,0,3.8,3.76,4.0,0,1,0,0,0,1,0,0,1,0,0
25.4,0,29740.5,0,4.0,77.9,2,30.7,0,0,5.5,2.83,2.61,0,0,0,1,0,0,0,0,1,0,0
19.2,1,25000.0,1,4.01,92.2,1,19.4,0,0,5.1,1.28,1.86,1,1,0,0,0,1,0,0,0,0,0
19.8,1,51111.0,1,6.99,85.2,1,5.0,0,1,4.0,4.0,3.98,0,1,0,0,0,0,0,0,0,0,0
20.7,0,25000.0,1,4.67,73.5,2,26.8,1,0,5.5,2.98,2.97,0,0,1,0,1,0,0,0,0,0,0
22.8,0,25000.0,1,3.16,81.3,3,27.4,0,0,5.9,2.72,2.32,0,0,0,1,0,0,0,1,0,0,0
21.5,0,31038.0,0,4.58,79.2,0,30.5,1,1,6.1,0.49,0.37,1,0,0,0,0,0,0,1,1,0,0
18.2,0,34480.0,1,2.01,85.6,0,5.0,0,1,3.8,3.29,3.39,0,0,0,1,0,0,1,0,0,0,0
19.8,0,25000.0,1,5.38,81.7,3,9.3,0,1,4.9,2.2,2.84,0,0,0,0,0,1,0,0,0,1,0
19.7,0,47673.0,1,3.16,83.6,3,12.2,0,0,5.5,2.41,2.13,1,0,0,1,0,0,0,0,0,0,0
20.8,0,42373.0,1,0.8,79.4,1,31.0,0,1,5.7,0.66,0.55,1,0,0,0,1,0,0,0,1,0,0
21.9,1,58919.0,1,3.53,92.6,1,37.0,1,0,3.1,2.62,2.87,0,1,0,0,1,0,0,0,0,1,0
21.9,0,28312.0,1,3.33,81.7,2,16.0,0,0,4.9,1.3,0.95,0,0,0,0,1,0,0,0,1,0,0
17.1,0,25000.0,1,4.65,77.0,0,26.7,0,0,6.6,2.94,3.34,0,0,0,1,1,0,0,0,0,1,0
23.3,1,25000.0,1,2.5,90.5,1,23.1,0,0,4.4,3.82,3.67,0,0,0,1,0,0,0,1,0,0,0
21.6,0,35747.0,1,4.45,86.7,2,54.4,0,0,6.1,1.88,2.24,1,1,0,0,1,0,0,0,0,0,0
24.0,0,25000.0,1,3.12,74.7,1,25.4,0,1,5.5,1.97,2.07,0,0,0,0,0,0,0,1,0,0,0
22.0,1,25000.0,0,3.91,50.5,0,24.9,0,0,4.7,0.4,0.51,1,1,0,0,0,1,0,0,0,1,0
23.4,1,25000.0,1,5.39,86.3,2,20.2,1,0,7.8,4.0,4.0,0,1,0,0,0,0,1,0,0,1,0
22.0,1,25000.0,1,5.43,78.5,4,7.2,0,1,5.0,3.31,2.87,0,1,0,0,0,1,0,0,0,0,1
24.0,0,33504.0,1,5.66,82.3,3,37.8,0,1,5.1,2.54,2.64,0,0,1,0,1,0,0,0,1,0,0
22.1,0,25000.0,0,3.01,91.5,1,26.8,0,0,4.6,3.56,3.61,0,0,0,1,0,1,0,0,0,0,0
20.8,1,35661.0,1,4.39,74.4,2,25.3,0,1,8.2,2.06,1.98,1,0,0,1,0,0,0,1,1,0,0
26.0,0,29740.5,1,4.0,73.0,0,32.2,1,0,5.5,0.38,0.54,1,1,0,0,0,0,1,0,1,0,0
23.0,1,25000.0,1,5.63,70.8,5,11.1,0,0,7.6,1.77,2.12,1,0,0,0,0,0,0,1,0,0,1
22.3,0,94204.0,1,3.57,99.6,5,51.2,0,0,7.1,3.48,3.55,0,0,1,0,0,1,0,0,0,0,0
18.2,1,30049.0,1,2.06,91.5,1,8.2,0,0,3.9,1.09,1.45,0,0,0,1,0,1,0,0,0,1,0
18.2,1,25000.0,1,5.1,87.4,5,51.3,0,1,4.7,2.83,2.64,0,0,0,1,0,0,0,0,0,1,0
21.6,0,25116.0,1,5.74,66.6,2,29.8,1,0,4.1,2.46,2.68,0,0,0,0,0,0,0,1,0,0,0
21.3,1,30872.0,1,4.41,70.6,1,25.4,1,1,7.4,1.24,1.28,0,0,1,0,1,0,0,0,1,0,0
19.6,1,38925.0,1,2.58,87.6,1,38.1,0,0,9.7,2.06,1.57,0,1,0,0,0,0,0,0,0,1,0
21.3,1,25477.0,1,6.82,85.2,1,25.8,0,0,6.7,0.01,0.06,0,0,1,0,1,0,0,0,0,1,0
24.5,1,25000.0,1,4.16,79.8,3,41.2,0,0,8.5,1.42,1.91,0,1,0,0,0,0,1,0,0,1,0
22.5,1,25000.0,1,3.14,71.2,0,33.7,1,0,6.3,1.38,1.58,0,0,0,0,0,0,0,1,1,0,0
18.5,0,25000.0,0,5.43,90.4,0,38.6,0,0,6.1,3.57,3.69,1,1,0,0,1,0,0,0,0,0,0
20.8,0,25000.0,1,6.16,96.3,2,42.5,0,1,4.5,3.16,4.0,0,1,0,0,0,0,0,1,0,0,0
19.2,0,25000.0,1,1.91,85.5,4,27.9,0,1,6.6,0.77,0.6,1,0,0,1,0,0,0,0,0,0,1
20.1,0,25000.0,1,4.7,76.0,0,41.6,0,1,7.1,4.0,4.0,1,0,0,0,0,0,1,0,0,0,0
20.1,1,44164.0,1,5.69,94.2,0,36.2,1,0,7.4,2.78,2.53,0,0,1,0,0,0,1,0,0,0,0
19.9,1,79941.0,1,3.86,83.3,4,46.0,0,0,5.7,2.49,2.38,0,0,0,0,0,0,0,0,0,0,0
18.2,1,46783.0,1,4.19,95.0,1,25.6,0,0,5.9,3.04,3.2,0,1,0,0,0,0,0,1,0,0,0
20.7,0,65089.0,1,3.83,79.1,4,46.4,0,0,5.4,0.84,1.36,1,0,1,0,0,1,0,0,1,0,0
19.8,0,53342.0,1,6.0,98.5,2,20.7,0,0,4.5,3.33,3.66,0,0,1,0,0,1,0,0,1,0,0
17.0,1,49015.0,1,2.57,78.4,0,5.9,1,0,7.1,0.96,0.88,0,0,1,0,1,0,0,0,1,0,0
25.5,1,25000.0,1,3.67,76.7,2,13.6,0,0,2.1,2.18,1.93,0,0,0,0,1,0,0,0,1,0,0
23.4,1,32356.0,1,6.79,88.6,4,26.0,0,0,2.5,4.0,3.89,0,0,0,0,0,0,0,0,0,1,0
20.2,0,25000.0,1,3.19,81.4,2,33.2,1,0,4.5,1.97,1.54,0,0,1,0,1,0,0,0,1,0,0
21.0,0,26070.0,1,2.0,85.1,1,30.2,1,0,3.2,2.51,2.5,0,0,0,1,1,0,0,0,0,1,0
18.4,1,30974.0,1,3.99,73.9,2,39.4,1,1,7.5,0.16,0.32,1,0,1,0,0,1,0,0,0,0,0
24.7,0,45622.0,1,5.4,74.0,2,15.6,0,0,4.7,1.87,1.85,0,0,0,1,0,1,0,0,1,0,0
25.2,1,38330.0,1,3.95,78.9,2,50.7,0,0,7.1,3.72,3.75,0,0,1,0,0,0,0,1,0,0,0
21.3,0,26981.0,1,3.37,84.9,0,46.1,0,0,7.8,1.53,1.88,0,1,0,0,0,1,0,0,1,0,0
23.3,0,30740.0,1,4.65,75.8,1,41.2,1,0,5.6,1.5,1.97,1,0,1,0,0,1,0,0,0,1,0
21.4,0,38564.0,1,7.24,90.6,2,45.2,0,0,6.1,3.93,3.91,0,1,0,0,0,0,0,0,1,0,0
18.1,1,29740.5,0,4.0,66.1,2,11.4,1,0,5.5,2.05,1.84,0,0,0,0,0,0,0,1,0,1,0
20.1,1,25000.0,1,6.69,95.7,3,38.4,0,0,7.3,2.64,2.77,0,0,1,0,0,0,0,1,0,1,0
21.3,1,25000.0,0,4.54,73.6,2,38.9,0,1,1.8,3.21,3.08,0,1,0,0,0,0,0,1,0,0,0
20.0,1,57779.0,1,2.88,84.7,2,41.6,0,0,4.8,3.09,3.41,0,0,0,1,0,1,0,0,0,1,0
20.5,0,28666.0,1,6.16,85.7,2,40.2,1,0,6.4,1.54,1.55,0,0,0,1,0,0,0,1,1,0,0
20.8,0,25000.0,1,3.55,84.2,1,35.3,0,1,5.9,3.31,3.3,0,0,0,0,0,0,1,0,1,0,0
20.8,1,25385.0,1,1.98,81.6,1,34.9,0,0,3.7,2.46,2.91,0,1,0,0,0,0,0,0,1,0,0
21.1,1,25382.0,1,4.38,88.8,2,44.3,1,1,2.4,3.08,3.18,0,0,0,1,0,0,1,0,0,0,1
18.7,1,29740.5,1,4.0,72.1,3,22.5,0,0,5.5,2.16,1.87,1,0,0,0,1,0,0,0,0,0,0
19.4,0,25000.0,0,6.36,84.3,3,34.4,0,1,4.0,3.79,3.5,0,0,0,0,1,0,0,0,0,1,0
18.2,0,30178.0,1,4.53,74.1,1,23.4,0,0,5.3,1.64,2.11,0,0,0,0,0,0,0,1,1,0,0
23.2,1,34464.0,1,3.31,77.4,3,28.2,0,0,5.8,3.24,3.05,0,0,0,1,0,0,1,0,0,0,0
17.0,1,37713.0,1,5.13,84.1,1,5.0,1,1,5.2,1.17,0.78,0,0,1,0,0,0,1,0,1,0,0
23.5,0,33986.0,1,4.0,89.6,1,19.6,1,0,3.8,2.06,2.59,0,0,0,1,0,0,1,0,0,1,0
24.0,0,40520.0,1,4.42,71.0,2,24.8,1,0,5.4,2.97,3.36,0,1,0,0,0,1,0,0,1,0,0
20.3,1,25000.0,1,0.9,95.2,2,24.9,1,0,4.5,2.62,2.77,0,1,0,0,0,0,1,0,0,0,0
17.0,0,25000.0,1,2.5,90.0,0,26.0,1,0,8.5,2.05,2.14,1,0,0,0,1,0,0,0,1,0,0
20.2,0,29740.5,1,4.0,82.3,0,15.8,0,0,5.5,2.28,2.7,0,1,0,0,1,0,0,0,0,0,0
20.9,0,25000.0,1,2.33,73.5,2,26.0,0,0,10.0,0.0,0.39,0,0,1,0,1,0,0,0,0,1,0
18.8,0,26618.0,1,3.23,94.2,2,43.0,0,1,3.1,3.61,3.9,0,0,0,0,0,0,0,0,0,0,0
19.9,1,44654.0,1,5.21,85.7,0,26.4,0,0,5.0,3.1,3.08,0,0,1,0,1,0,0,0,1,0,0
24.4,0,77471.0,1,4.67,85.7,2,45.6,0,0,5.0,2.58,1.98,0,0,0,0,0,0,0,0,0,0,0
22.5,1,25000.0,1,5.52,76.6,4,44.8,1,1,4.1,1.1,1.45,0,0,0,1,0,1,0,0,0,0,0
19.0,1,25000.0,1,4.02,83.6,0,23.0,0,0,4.9,2.08,1.88,1,0,0,0,0,0,0,0,0,1,0
17.5,1,25000.0,1,3.11,77.0,1,36.8,1,0,4.6,1.06,1.11,0,1,0,0,1,0,0,0,1,0,0
20.3,1,77332.0,1,5.84,91.7,1,14.2,1,0,3.7,2.42,2.39,0,0,1,0,0,0,0,0,0,1,0
20.5,1,25000.0,1,4.06,91.9,1,17.4,0,1,8.7,2.05,2.07,0,0,1,0,0,0,1,0,1,0,0
22.1,0,29245.0,1,2.61,80.8,3,31.3,0,1,5.3,3.27,3.11,0,0,1,0,0,0,0,1,1,0,0
19.8,0,25000.0,1,6.12,77.3,2,36.1,1,1,7.2,1.61,0.82,0,1,0,0,1,0,0,0,0,0,0
22.1,0,25000.0,0,4.09,88.3,4,49.4,1,0,7.3,1.43,1.08,0,0,0,0,0,1,0,0,1,0,0
25.3,1,25000.0,0,5.27,87.2,1,28.0,1,0,8.1,2.03,2.4,0,0,1,0,0,0,1,0,1,0,0
22.8,1,25000.0,1,4.38,72.7,1,32.1,0,0,3.7,2.44,2.26,0,0,0,1,1,0,0,0,0,1,0
20.9,0,25000.0,1,5.27,79.7,1,31.2,0,0,7.8,2.03,2.25,0,0,0,0,0,1,0,0,0,0,0
20.6,1,99078.0,1,4.84,99.5,1,51.5,0,1,5.4,3.14,3.33,0,1,0,0,0,1,0,0,0,0,0
20.2,0,38366.0,1,3.61,81.9,3,46.1,0,1,9.2,1.26,1.07,0,0,0,1,0,0,0,1,0,0,0
23.6,1,51994.0,1,3.53,83.9,1,34.6,0,0,6.4,1.28,1.64,0,0,0,1,0,0,0,1,0,0,0
19.6,0,29740.5,1,4.0,86.4,0,39.5,1,1,5.5,4.0,3.97,0,1,0,0,0,1,0,0,1,0,0
21.1,1,27987.0,1,4.15,77.5,3,34.2,0,1,7.8,1.41,1.44,1,1,0,0,0,0,0,1,0,0,0
21.1,0,25000.0,1,3.99,88.1,1,42.9,1,0,7.6,1.62,1.82,0,1,0,0,0,1,0,0,0,0,0
19.9,0,34522.0,1,3.44,85.0,3,40.3,1,0,3.2,4.0,3.98,0,0,0,1,0,0,1,0,0,1,0
18.0,0,32895.0,1,3.65,91.0,1,26.4,0,1,6.8,2.25,1.89,0,0,0,0,0,0,0,1,1,0,0
21.7,0,25000.0,0,2.04,68.5,3,31.2,0,0,8.4,0.32,0.1,1,0,0,1,0,1,0,0,1,0,0
20.9,1,32142.0,1,4.66,84.8,3,31.9,0,0,6.4,3.47,3.23,0,0,1,0,0,0,0,1,1,0,0
22.1,0,25000.0,1,3.17,83.7,2,31.8,0,1,3.7,4.0,4.0,0,1,0,0,1,0,0,0,0,0,0
19.8,1,26826.0,0,4.14,70.7,4,23.9,0,0,7.3,0.77,0.63,0,1,0,0,0,0,0,0,0,0,0
23.7,0,25000.0,1,3.92,79.9,0,34.0,1,1,6.7,0.14,0.05,0,0,0,1,1,0,0,0,0,1,0
19.1,1,25000.0,1,4.26,85.2,4,23.9,0,0,5.1,2.14,2.33,0,0,0,0,1,0,0,0,1,0,0
24.8,0,25000.0,1,4.04,82.4,1,23.0,0,0,4.7,2.9,3.31,0,0,1,0,0,0,0,1,0,0,0
17.2,0,25000.0,1,4.59,81.8,1,28.6,0,0,6.7,3.35,3.16,0,0,0,1,0,1,0,0,1,0,0
22.0,1,87769.0,1,2.86,81.9,2,33.2,0,0,3.9,2.36,2.28,0,0,1,0,0,0,1,0,0,1,0
22.0,1,25000.0,1,3.91,78.3,2,44.7,0,1,5.9,3.16,3.04,0,0,0,0,0,0,0,0,1,0,0
19.2,1,47362.0,1,4.04,98.0,2,38.5,0,0,7.7,0.97,1.41,1,0,0,0,0,1,0,0,0,1,0
21.9,0,25000.0,1,2.88,84.6,2,43.3,1,0,8.2,0.89,0.82,0,1,0,0,0,0,1,0,0,1,0
23.8,1,25000.0,1,2.72,84.5,4,51.3,1,0,4.6,1.82,2.05,1,0,1,0,0,1,0,0,1,0,0
17.0,0,25000.0,1,3.26,71.4,1,23.0,1,0,2.6,4.0,3.82,0,0,1,0,1,0,0,0,0,0,0
22.1,0,26334.0,1,4.23,79.5,2,38.5,0,1,4.2,3.21,3.14,0,0,1,0,0,0,0,0,1,0,0
17.0,0,127156.0,0,2.59,77.8,3,39.0,0,0,7.0,2.56,2.8,0,1,0,0,0,0,0,1,0,1,0
18.9,0,39189.0,0,5.22,81.8,4,33.1,0,0,4.2,2.22,2.45,0,0,1,0,1,0,0,0,0,0,0
24.6,1,82238.0,1,3.2,79.4,1,40.7,1,0,7.4,2.26,1.91,0,0,0,0,0,0,0,0,0,0,0
19.7,0,25523.0,1,3.99,77.1,1,31.1,0,1,4.2,2.46,2.51,0,0,0,0,0,0,0,0,0,0,0
18.4,0,67435.0,1,4.87,80.2,1,38.0,0,0,4.5,1.95,1.86,0,0,0,1,0,1,0,0,0,0,0
20.6,0,29740.5,0,4.0,73.3,2,13.0,0,0,5.5,2.47,1.9,0,0,0,1,0,0,0,1,0,0,0
25.5,0,27844.0,1,5.77,86.8,3,30.0,0,0,7.2,1.24,1.7,1,0,0,1,0,0,0,0,0,0,0
17.0,0,25000.0,1,2.85,88.4,1,38.5,1,1,2.6,3.47,3.18,0,0,0,0,0,0,0,0,0,0,0
18.7,1,25000.0,1,5.73,86.0,1,42.3,0,1,6.0,2.41,2.35,0,0,1,0,1,0,0,0,1,0,0
24.3,0,25000.0,1,4.68,88.8,1,19.7,0,0,6.0,2.3,1.75,0,0,0,1,0,0,0,0,1,0,0
25.1,0,31230.0,1,1.65,88.3,3,29.0,1,0,3.7,3.16,2.76,0,0,1,0,0,0,1,0,0,0,0
20.8,0,100566.0,1,3.8,71.7,2,17.2,0,0,6.1,0.0,0.21,0,0,0,1,0,1,0,0,0,0,0
18.3,0,25000.0,1,2.98,93.9,2,25.3,1,0,5.2,1.86,2.12,0,0,0,1,0,1,0,0,0,0,0
25.6,1,30816.0,1,6.13,89.0,4,33.8,1,0,3.5,2.99,3.35,0,0,1,0,1,0,0,0,0,1,0
24.5,0,25000.0,1,4.27,66.7,1,42.4,0,1,5.4,1.06,0.93,0,0,1,0,0,1,0,0,0,1,0
22.5,0,25000.0,1,1.48,75.9,0,40.8,0,0,3.6,1.53,1.86,0,0,0,0,0,1,0,0,0,0,0
19.2,1,35841.0,1,5.64,72.1,0,32.7,1,1,4.3,4.0,4.0,0,0,0,0,0,1,0,0,0,0,0
20.9,0,40439.0,1,4.71,85.5,0,22.2,0,0,7.1,2.0,2.67,0,0,0,0,0,0,1,0,0,1,0
20.6,1,42337.0,0,4.54,77.7,1,28.3,0,1,4.9,2.51,2.37,0,1,0,0,0,1,0,0,0,0,0
21.7,0,37739.0,1,4.03,82.2,2,60.4,0,1,7.0,1.92,1.73,0,0,0,1,0,1,0,0,0,0,0
24.2,1,29740.5,1,4.0,95.9,0,13.2,1,1,5.5,1.36,1.66,0,0,1,0,0,0,1,0,0,0,0
22.9,0,30560.0,1,6.06,93.6,1,15.5,0,0,3.8,3.29,3.29,0,0,1,0,1,0,0,0,0,1,0
18.6,1,25000.0,1,3.69,74.3,1,32.1,0,0,6.4,2.33,2.66,0,0,0,0,1,0,0,0,1,0,0
24.0,1,25000.0,1,5.87,85.7,4,38.5,0,1,6.5,2.22,2.37,0,1,0,0,0,0,1,0,1,0,0
21.7,1,25000.0,1,4.02,96.6,1,40.4,0,0,3.3,1.97,2.04,0,0,0,1,0,0,1,0,1,0,0
22.5,1,27426.0,0,3.75,74.7,3,33.5,1,1,7.5,0.0,0.0,0,0,0,0,0,0,0,1,0,0,0
24.2,0,63093.0,1,1.75,89.7,3,11.8,1,0,8.2,0.0,0.0,0,1,0,0,0,0,0,1,1,0,0
18.6,1,27991.0,1,3.08,80.7,0,27.4,0,1,6.6,2.22,1.98,1,1,0,0,0,0,1,0,0,0,0
20.9,0,26425.0,1,5.72,74.5,1,8.8,0,0,5.6,2.67,2.87,0,0,0,1,0,0,0,1,0,0,0
19.8,0,37471.0,1,4.94,94.1,4,34.7,0,0,9.1,1.27,1.83,1,0,1,0,1,0,0,0,0,1,0
17.6,0,25286.0,1,4.68,78.6,5,35.5,0,1,6.5,1.55,1.76,0,0,1,0,0,1,0,0,1,0,0
21.8,0,48355.0,1,4.77,80.8,2,28.5,0,0,5.9,2.81,1.97,0,0,0,1,0,0,0,1,0,1,0
26.5,1,97499.0,1,4.0,79.2,2,15.8,0,0,8.6,0.68,0.69,0,0,0,0,0,1,0,0,0,0,0
17.0,1,110688.0,0,3.39,90.4,2,20.2,0,0,8.4,1.61,1.24,0,0,0,1,1,0,0,0,1,0,0
20.9,0,31515.0,1,2.96,89.9,2,10.5,1,0,2.9,3.9,3.21,0,0,0,0,1,0,0,0,1,0,0
22.4,1,36393.0,1,3.4,76.1,1,29.4,1,0,4.6,0.82,0.64,0,0,0,1,0,1,0,0,1,0,0
21.3,0,76674.0,0,4.18,82.9,4,68.0,1,0,6.6,0.85,0.6,1,0,1,0,0,1,0,0,0,1,0
20.8,1,27174.0,1,3.0,85.0,2,28.8,1,0,7.7,0.95,1.44,0,0,0,0,0,0,0,0,1,0,0
18.1,0,44690.0,1,4.02,89.8,2,25.0,1,0,3.4,2.11,2.19,0,0,0,1,0,0,0,0,0,0,0
21.5,1,25000.0,1,4.1,77.1,2,32.6,0,0,7.1,2.26,2.14,0,0,0,1,0,0,1,0,1,0,0
19.3,0,25000.0,0,3.76,93.1,0,16.2,1,0,4.8,1.74,1.79,1,0,0,0,0,0,0,1,1,0,0
17.0,1,59496.0,1,1.86,88.5,2,16.6,1,0,6.8,2.87,3.01,0,0,1,0,0,0,0,1,0,0,1
23.6,1,25000.0,1,2.63,74.4,3,22.6,0,1,4.5,2.24,2.01,0,0,0,0,0,1,0,0,0,1,0
23.1,0,27534.0,1,3.79,85.9,2,40.6,0,0,1.3,4.0,3.22,0,0,1,0,0,0,1,0,0,0,0
21.1,1,25000.0,0,1.22,85.9,0,34.0,0,1,2.3,4.0,3.61,0,0,0,1,0,0,0,1,0,0,0
21.5,0,99058.0,1,5.33,76.3,1,28.1,1,1,3.5,3.9,3.96,0,1,0,0,0,1,0,0,1,0,0
23.4,0,63438.0,1,5.69,85.4,1,39.0,0,0,4.4,3.43,3.38,0,0,1,0,1,0,0,0,0,1,0
21.5,1,33285.0,1,5.11,82.0,1,50.5,0,1,5.5,2.92,3.04,0,0,1,0,1,0,0,0,0,0,0
23.0,0,40316.0,1,4.37,69.7,3,38.8,0,0,4.6,1.35,1.12,1,0,1,0,0,0,1,0,1,0,0
20.3,1,29740.5,1,4.0,41.4,3,17.8,0,0,5.5,1.52,1.78,0,1,0,0,0,1,0,0,0,1,0
23.9,0,68226.0,1,4.4,98.4,3,7.4,0,1,4.6,4.0,3.76,0,0,0,0,1,0,0,0,0,0,0
21.7,1,25000.0,1,5.83,81.0,3,9.1,0,1,5.5,3.69,3.39,0,0,0,1,0,1,0,0,0,0,0
21.4,0,46137.0,1,2.53,82.9,0,40.4,1,0,7.2,2.14,2.25,0,0,1,0,0,0,1,0,1,0,0
18.2,1,56752.0,1,7.32,73.8,4,20.9,1,0,5.5,2.27,2.03,1,1,0,0,1,0,0,0,0,0,0
21.6,1,61648.0,1,5.06,77.2,0,39.8,0,0,6.5,1.61,1.88,1,1,0,0,0,0,0,0,1,0,0
19.2,0,25000.0,1,2.62,99.3,2,24.5,0,0,6.8,2.16,2.11,0,0,1,0,0,0,0,0,0,0,0
19.6,1,25000.0,1,2.69,100.0,0,34.7,1,1,5.2,4.0,4.0,0,1,0,0,0,0,0,0,1,0,0
19.2,1,25000.0,1,3.34,67.2,0,38.4,0,0,2.3,2.2,2.5,0,0,0,1,1,0,0,0,0,0,0
18.7,0,32525.0,1,3.93,82.5,3,20.6,0,0,6.0,0.32,0.53,1,0,0,0,0,0,0,1,0,1,0
25.7,0,25000.0,1,3.51,96.9,2,39.9,0,0,4.3,2.81,2.63,0,0,0,0,1,0,0,0,0,0,0
23.9,1,25000.0,1,0.5,83.6,5,22.1,0,1,7.1,0.74,1.22,1,1,0,0,0,0,1,0,0,1,0
25.2,1,109322.0,1,2.31,87.5,1,21.6,0,1,8.0,3.51,3.6,0,0,1,0,0,0,0,0,1,0,0
18.3,1,43071.0,0,3.99,80.6,1,39.9,0,1,5.0,3.02,2.94,0,0,0,1,0,0,1,0,1,0,0
21.2,1,31972.0,1,4.25,86.1,1,37.6,1,0,5.8,3.62,4.0,0,0,0,0,0,0,0,1,0,0,0
18.2,1,36983.0,1,5.17,93.6,1,35.5,1,0,6.7,3.9,4.0,0,0,0,1,0,1,0,0,0,0,0
19.5,1,32461.0,1,3.13,86.2,0,16.8,1,1,4.0,2.7,2.18,0,0,0,0,0,0,1,0,0,0,0
19.0,0,54090.0,1,4.19,72.3,2,25.4,0,1,5.5,2.33,2.44,0,0,1,0,0,1,0,0,0,1,0
23.7,0,25000.0,1,4.01,77.0,1,38.3,0,0,2.7,3.77,4.0,0,0,0,1,1,0,0,0,0,1,0
20.1,1,33255.0,1,2.91,88.2,0,57.4,0,0,7.4,1.97,1.82,0,1,0,0,0,0,0,1,0,0,0
23.4,1,34080.0,1,4.81,81.5,0,51.7,0,0,8.5,2.83,2.96,0,1,0,0,0,0,0,0,0,0,0
22.3,0,25000.0,1,4.63,77.6,3,24.4,0,0,5.7,1.19,1.21,1,0,0,0,0,0,0,0,1,0,0
26.1,1,63971.0,1,7.01,73.3,1,22.1,1,1,4.1,2.73,3.28,1,0,1,0,0,0,0,0,1,0,0
17.7,0,25000.0,1,5.39,74.0,5,50.8,1,1,6.0,2.28,2.62,0,0,1,0,0,0,1,0,1,0,0
23.8,0,54746.0,1,1.99,76.3,3,37.2,1,0,3.2,2.09,1.82,0,0,0,1,0,0,1,0,0,0,0
23.5,0,29740.5,0,4.0,85.7,1,24.4,0,0,5.5,3.57,3.96,0,0,1,0,1,0,0,0,1,0,0
18.9,1,79233.0,1,2.14,77.9,1,31.5,1,1,4.7,3.12,3.38,0,1,0,0,0,0,0,0,0,1,0
23.2,0,25000.0,1,5.92,83.4,1,15.0,0,0,4.6,2.28,2.37,0,0,1,0,1,0,0,0,0,0,0
21.7,0,25000.0,1,3.62,83.3,2,42.1,1,1,5.9,1.32,1.44,1,0,0,1,0,0,0,1,0,0,0
20.5,0,25000.0,1,4.41,88.2,2,46.8,1,0,6.3,2.83,2.84,0,0,1,0,0,1,0,0,0,1,0
19.2,0,32208.0,0,5.71,75.4,2,48.5,1,0,5.5,3.93,3.42,0,1,0,0,1,0,0,0,0,0,0
19.4,1,74973.0,0,4.61,94.9,3,43.5,0,0,7.1,1.51,1.1,0,0,0,0,0,0,0,0,0,0,0
25.5,1,77331.0,1,5.06,67.9,3,26.2,1,0,6.2,1.77,1.69,0,0,0,1,0,0,1,0,0,0,0
21.0,0,25000.0,1,3.16,79.4,1,40.7,0,0,4.6,0.0,0.65,0,0,1,0,1,0,0,0,0,0,0
22.7,0,34538.0,1,2.79,78.6,4,47.5,0,1,5.3,2.23,2.23,0,0,1,0,0,1,0,0,1,0,0
19.3,0,25000.0,1,4.04,75.7,0,41.3,0,0,5.4,3.58,3.76,0,0,0,1,0,0,0,1,0,0,0
19.3,0,47907.0,1,4.86,64.4,1,40.2,0,0,4.8,2.42,2.51,1,0,0,1,1,0,0,0,0,0,0
23.4,1,58157.0,1,3.87,91.7,0,32.3,0,1,6.4,0.53,0.68,0,1,0,0,1,0,0,0,0,0,1
18.0,1,29023.0,1,6.13,88.6,4,19.1,0,0,1.7,2.94,2.58,0,0,0,1,1,0,0,0,0,1,0
20.1,0,31269.0,1,4.74,86.0,1,52.3,1,0,5.6,2.7,2.95,0,1,0,0,0,1,0,0,1,0,0
21.1,1,31076.0,1,3.6,76.2,1,29.6,0,0,6.1,2.35,2.87,0,0,0,0,0,0,0,1,0,0,0
21.2,0,25000.0,1,3.8,78.0,1,44.6,0,0,6.6,1.56,1.5,1,0,0,0,0,0,0,1,0,0,0
20.6,1,38523.0,1,3.28,79.3,1,59.7,1,1,7.5,2.37,2.36,0,0,1,0,0,0,0,0,0,0,0
21.9,0,25878.0,1,4.62,80.1,2,40.9,0,0,5.2,3.58,3.69,1,1,0,0,1,0,0,0,0,0,0
22.5,0,51957.0,0,3.49,88.4,2,44.1,1,0,7.0,1.68,1.49,1,0,0,1,0,0,0,0,0,0,0
22.6,1,27773.0,1,4.26,78.0,2,18.8,1,0,6.6,1.46,1.8,1,0,1,0,0,1,0,0,0,0,0
18.8,1,25000.0,1,5.99,75.1,3,21.3,1,1,6.0,2.14,2.25,0,0,1,0,0,0,0,1,0,0,0
20.4,0,25000.0,0,4.59,83.2,1,45.2,0,0,3.0,1.71,1.69,0,0,1,0,0,1,0,0,1,0,0
23.6,0,25000.0,1,3.93,82.3,1,23.4,1,0,7.5,2.46,2.41,0,0,1,0,0,1,0,0,0,0,0
23.0,0,65350.0,1,3.71,86.0,3,13.9,1,0,5.7,3.33,3.53,0,0,0,0,1,0,0,0,0,0,0
18.0,1,25000.0,1,5.72,93.1,0,10.1,0,1,5.0,2.85,2.82,0,1,0,0,0,0,1,0,0,0,0
21.8,1,36430.0,0,4.51,78.7,5,27.4,1,1,3.4,2.4,2.89,0,1,0,0,0,1,0,0,1,0,0
17.0,1,86676.0,1,4.99,89.5,0,27.2,0,0,1.1,3.92,3.97,0,0,0,1,0,0,0,1,0,0,0
21.1,1,25000.0,1,3.25,83.1,2,42.0,0,0,8.9,1.49,1.48,0,0,0,0,1,0,0,0,0,0,0
25.2,0,25000.0,1,2.27,90.2,2,18.1,0,0,6.1,0.1,0.75,1,0,1,0,1,0,0,0,1,0,0
18.9,0,27466.0,1,5.67,91.9,1,46.5,0,0,3.5,3.03,2.65,0,0,0,1,1,0,0,0,0,0,0
19.2,1,30262.0,1,5.39,75.9,3,15.4,0,0,3.2,3.07,2.86,0,0,0,1,0,0,0,0,1,0,0
22.7,1,92275.0,1,2.63,97.8,0,15.8,0,1,5.0,3.07,3.29,0,1,0,0,0,1,0,0,0,0,0
17.6,1,76076.0,1,5.09,83.4,4,31.7,1,1,7.0,1.96,1.5,1,0,0,1,0,0,0,1,0,1,0
19.6,0,43154.0,1,5.78,72.8,0,30.6,0,0,6.6,2.99,2.91,0,1,0,0,1,0,0,0,1,0,0
22.3,1,70944.0,1,3.49,72.9,2,37.0,1,1,6.7,2.24,2.78,0,0,1,0,0,1,0,0,0,0,0
19.6,0,26717.0,1,3.94,93.8,2,15.9,1,0,3.9,3.25,3.29,0,0,0,1,0,1,0,0,0,0,0
20.5,1,35579.0,1,6.49,92.5,3,34.2,0,0,5.2,1.01,1.24,1,0,0,1,1,0,0,0,0,0,0
22.6,0,25000.0,1,5.64,90.8,2,9.9,1,0,5.7,3.57,3.69,0,1,0,0,0,0,1,0,1,0,0
21.9,1,25000.0,1,3.05,77.7,0,5.0,0,0,5.4,0.86,0.66,1,1,0,0,0,0,0,0,0,0,1
21.6,1,61226.0,1,3.17,79.0,2,51.9,0,1,6.5,2.42,2.27,0,0,1,0,1,0,0,0,0,0,0
20.3,0,40905.0,1,3.7,69.4,1,42.6,0,1,8.3,1.73,1.91,1,0,0,0,0,0,1,0,1,0,0
21.8,0,30057.0,1,4.34,79.7,1,30.0,1,1,5.9,2.3,2.43,0,0,1,0,0,0,0,1,0,0,0
20.7,1,29689.0,1,4.69,83.4,2,5.7,0,0,4.4,3.52,3.61,0,0,0,1,0,0,1,0,1,0,0
22.0,1,25000.0,1,2.37,94.0,1,24.5,1,0,2.9,2.31,2.39,0,0,0,1,0,0,0,0,0,1,0
19.9,1,25000.0,1,3.21,79.8,1,35.4,1,1,5.8,2.62,2.52,0,0,1,0,0,1,0,0,1,0,0
20.6,1,36377.0,1,1.57,79.3,3,24.5,1,1,4.3,0.7,0.83,0,0,1,0,1,0,0,0,1,0,0
18.8,0,25000.0,1,4.99,84.3,2,48.7,1,0,6.3,3.44,3.98,0,1,0,0,0,0,0,0,1,0,0
20.9,0,26092.0,1,4.07,88.8,1,37.6,0,0,6.2,1.38,1.79,0,1,0,0,0,0,1,0,0,0,0
19.2,1,27923.0,1,3.71,94.4,1,18.9,0,0,8.3,2.96,2.63,0,0,1,0,0,0,0,0,0,1,0
18.5,1,25000.0,1,3.44,76.4,4,10.9,0,0,5.9,2.64,2.96,0,0,0,0,0,0,0,0,1,0,0
21.6,1,25000.0,1,3.79,80.6,3,40.5,0,0,6.3,3.08,2.97,0,0,0,0,0,1,0,0,0,0,0
21.5,1,25000.0,1,4.53,83.1,1,40.1,0,1,4.3,2.86,2.93,1,0,0,0,0,1,0,0,1,0,0
22.7,1,27230.0,1,2.45,79.9,2,39.1,0,0,2.9,2.07,2.38,0,0,0,0,0,0,1,0,1,0,0
20.1,0,43095.0,1,3.04,77.0,2,50.2,0,0,7.4,2.13,2.08,0,1,0,0,0,1,0,0,0,0,0
21.9,1,25000.0,1,2.68,79.9,1,35.5,1,0,7.7,1.12,0.7,1,1,0,0,0,0,1,0,0,0,0
22.2,0,29307.0,1,0.66,72.3,2,31.1,0,1,4.9,1.78,1.85,0,0,1,0,0,1,0,0,0,0,1
22.0,0,35196.0,1,6.31,77.2,0,39.2,1,0,2.0,4.0,4.0,0,0,0,1,0,0,0,0,0,1,0
19.2,0,25000.0,1,4.88,72.1,1,44.8,0,0,7.9,1.56,1.11,1,0,1,0,0,0,1,0,0,0,0
21.3,0,69793.0,1,2.94,82.1,3,38.2,1,0,7.6,1.51,1.06,0,0,1,0,0,0,1,0,1,0,0
21.8,0,25000.0,1,4.31,78.9,3,30.4,0,0,5.3,3.84,4.0,0,0,0,0,0,0,1,0,0,1,0
21.0,0,27980.0,1,2.49,77.6,0,41.6,1,0,7.4,2.76,2.38,0,0,1,0,0,0,1,0,0,0,0
17.0,1,26990.0,1,4.65,82.1,0,31.2,0,0,5.4,2.74,3.15,0,1,0,0,1,0,0,0,0,0,0
21.4,1,25000.0,1,7.12,62.2,1,24.1,0,0,5.9,1.28,1.2,0,0,1,0,0,0,1,0,0,1,0
25.9,1,54462.0,1,5.24,79.5,2,31.5,1,0,2.6,3.86,3.8,0,0,0,0,0,0,0,1,1,0,0
20.2,0,25000.0,1,1.43,83.6,1,26.2,1,0,7.7,0.0,0.28,1,0,0,1,0,0,1,0,0,1,0
19.4,0,25799.0,1,2.0,89.8,2,29.0,1,0,2.3,4.0,4.0,0,0,0,0,0,1,0,0,0,0,0
21.8,1,29740.5,1,4.0,86.9,0,19.8,0,0,5.5,0.83,1.63,1,0,1,0,0,0,0,0,0,0,0
21.7,0,71435.0,1,3.46,92.2,0,42.0,0,1,8.8,1.21,0.95,0,0,1,0,0,1,0,0,1,0,0
23.6,0,25000.0,1,3.91,70.5,2,32.6,0,1,1.0,1.64,1.66,0,0,1,0,0,0,0,1,0,0,1
18.2,0,25000.0,1,5.83,90.4,4,38.5,0,0,8.3,1.42,1.17,0,1,0,0,1,0,0,0,0,0,0
22.6,0,68149.0,1,2.24,84.4,3,35.8,0,0,5.1,2.95,3.15,0,1,0,0,0,1,0,0,0,0,0
22.3,0,39270.0,1,4.03,77.7,1,19.2,0,1,6.3,1.63,1.68,0,0,0,0,0,0,0,0,0,0,1
20.7,1,44476.0,1,0.57,82.9,2,45.9,1,1,3.0,3.26,3.09,0,0,0,0,0,0,0,0,0,0,0
21.7,1,25000.0,1,2.66,100.0,0,27.3,0,0,4.9,1.64,1.81,0,0,1,0,0,0,0,0,0,1,0
23.3,0,25000.0,1,2.26,83.2,2,25.7,1,0,3.4,0.69,0.59,1,0,0,0,0,0,0,1,0,0,0
22.9,1,26884.0,1,1.22,82.6,0,32.6,0,0,4.1,1.44,1.24,0,0,0,1,0,0,1,0,1,0,0
18.5,1,25000.0,1,4.99,88.9,2,32.8,0,1,7.7,2.51,2.05,0,0,0,0,1,0,0,0,0,0,0
22.8,0,25000.0,1,3.15,80.2,2,61.2,0,1,7.3,3.82,3.49,0,0,0,1,0,0,0,1,1,0,0
20.9,0,25000.0,1,4.23,75.7,2,37.2,1,1,7.0,3.0,3.74,0,1,0,0,0,0,0,1,0,0,0
21.2,0,67008.0,1,2.2,93.2,2,24.2,1,0,4.5,4.0,4.0,0,0,0,0,0,0,0,1,1,0,0
21.2,1,30807.0,1,5.53,70.5,2,52.8,1,0,4.3,2.64,2.95,1,0,1,0,0,0,0,0,0,0,0
20.7,0,67817.0,1,2.76,82.3,1,10.4,0,0,2.5,4.0,3.94,0,1,0,0,0,1,0,0,1,0,0
23.6,1,33104.0,0,5.45,81.5,3,24.2,0,0,6.7,1.5,1.45,1,0,0,1,1,0,0,0,0,0,0
20.8,1,25000.0,1,5.39,75.3,1,23.3,1,0,9.0,2.31,2.44,0,0,1,0,1,0,0,0,1,0,0
18.5,0,63996.0,0,4.33,71.5,1,29.9,0,1,8.1,1.59,1.31,0,0,0,1,0,0,0,0,0,0,0
20.1,1,33772.0,1,4.46,81.0,0,34.2,1,0,5.6,0.86,1.12,1,0,0,0,1,0,0,0,0,0,0
21.4,1,52950.0,1,2.68,84.9,5,35.2,0,0,6.4,2.42,2.3,0,0,0,1,0,1,0,0,0,0,0
23.7,0,25000.0,1,1.89,90.4,5,35.0,0,0,5.9,0.79,0.83,1,0,0,0,0,0,1,0,1,0,0
22.3,1,55451.0,0,4.25,75.8,1,37.6,0,0,7.1,0.0,0.0,1,1,0,0,1,0,0,0,0,0,0
19.1,0,56463.0,1,4.28,75.7,4,29.3,0,0,8.6,2.72,2.37,0,0,0,0,0,0,0,0,0,0,0
26.5,0,35379.0,1,3.51,94.2,4,45.5,1,0,4.5,3.48,3.88,0,1,0,0,0,0,0,0,1,0,0
21.6,0,25000.0,1,2.93,78.3,2,10.7,1,0,4.5,4.0,4.0,0,0,1,0,0,0,0,1,0,0,0
23.8,1,28923.0,1,2.88,79.3,3,5.0,0,0,5.0,1.94,1.5,0,0,0,0,1,0,0,0,0,0,0
20.7,0,42906.0,1,2.08,91.8,2,38.9,1,0,5.4,2.73,2.82,0,0,0,1,0,0,1,0,1,0,0
22.2,1,34226.0,0,5.24,68.8,0,26.0,0,1,6.8,2.66,2.52,0,0,1,0,0,1,0,0,0,0,0
22.8,0,42644.0,1,3.09,72.4,3,50.6,1,1,5.4,0.73,0.96,1,1,0,0,0,0,0,0,0,0,0
23.7,1,54576.0,1,2.77,93.1,6,42.5,1,0,4.0,1.9,2.12,0,0,0,1,1,0,0,0,1,0,0
23.3,1,25000.0,0,4.82,77.2,4,37.1,0,1,4.0,0.88,1.15,0,0,0,1,0,0,0,0,1,0,0
22.9,0,25000.0,1,3.32,77.7,0,24.2,1,0,3.4,2.41,2.69,0,0,0,0,0,0,0,0,0,1,0
20.3,1,29070.0,1,3.22,78.4,1,38.1,1,0,5.3,2.76,2.43,1,0,0,1,0,1,0,0,1,0,0
19.7,1,25000.0,1,5.47,79.4,2,25.2,0,0,7.4,3.14,2.74,0,1,0,0,0,0,0,0,0,0,0
21.7,1,47644.0,1,2.5,78.3,0,30.7,1,0,6.3,0.11,0.0,1,0,0,0,1,0,0,0,1,0,0
23.1,0,25000.0,1,2.58,83.1,1,26.1,0,1,6.5,2.73,2.54,0,0,0,0,0,0,0,0,1,0,0
20.5,1,54843.0,1,1.54,92.0,1,33.1,1,1,3.5,1.85,2.34,1,0,0,0,1,0,0,0,0,0,0
23.3,1,66981.0,0,3.97,75.6,2,27.0,1,1,3.4,3.22,3.28,0,1,0,0,1,0,0,0,0,0,0
24.2,1,29738.0,1,3.23,77.3,4,42.0,1,1,5.8,0.14,0.12,1,0,1,0,0,0,0,0,0,0,0
19.0,0,30836.0,1,6.42,82.3,1,35.4,1,1,7.7,3.25,3.8,0,0,0,1,0,0,0,0,0,0,0
19.2,0,25000.0,1,3.23,94.6,2,23.9,1,0,7.0,1.23,1.73,0,0,0,0,0,0,0,0,0,0,0
20.7,1,25000.0,1,4.84,79.6,1,24.6,0,1,4.3,2.21,2.13,1,0,1,0,0,0,0,0,0,0,0
21.7,1,25000.0,1,2.87,74.8,4,14.8,0,1,9.6,0.99,0.74,0,0,1,0,1,0,0,0,1,0,0
19.8,1,70669.0,1,5.06,65.8,1,6.6,0,0,1.8,1.84,2.0,0,0,1,0,1,0,0,0,0,0,0
24.0,1,28478.0,1,5.89,75.9,4,41.2,1,1,5.6,3.39,3.36,0,1,0,0,0,0,1,0,0,0,0
21.9,1,25000.0,1,3.32,75.1,3,25.7,1,0,5.7,2.16,2.08,0,1,0,0,0,1,0,0,1,0,0
21.1,1,34656.0,1,3.78,72.5,1,15.4,0,0,5.1,2.34,2.62,0,0,0,1,1,0,0,0,0,1,0
17.8,0,48814.0,1,3.72,82.6,3,35.3,0,0,6.4,1.29,1.3,1,0,1,0,1,0,0,0,0,0,0
18.1,0,29283.0,1,4.35,79.9,0,21.3,1,1,5.1,3.41,3.41,0,1,0,0,0,0,0,0,1,0,0
21.6,1,71792.0,1,5.29,93.4,3,29.2,1,1,2.8,3.28,3.23,0,1,0,0,1,0,0,0,0,0,0
17.0,0,47406.0,1,3.19,83.7,2,14.5,1,0,5.3,1.13,1.29,0,1,0,0,0,0,0,0,0,0,0
23.2,0,25000.0,1,5.36,90.1,1,37.8,1,1,5.8,3.39,3.35,0,0,1,0,0,0,1,0,1,0,0
20.7,0,25000.0,1,4.26,80.6,2,31.1,0,0,7.1,2.83,2.49,0,1,0,0,0,0,0,0,0,0,0
28.1,0,34055.0,1,6.05,75.0,3,36.0,1,0,8.1,1.79,1.62,1,0,0,0,0,0,0,1,0,0,0
26.1,1,25000.0,1,4.44,87.0,4,24.9,1,0,4.0,3.2,3.56,0,0,0,0,1,0,0,0,0,1,0
20.6,1,36381.0,1,2.17,73.0,1,33.0,0,0,8.5,1.45,1.21,1,1,0,0,0,1,0,0,0,1,0
20.8,0,25000.0,1,4.93,91.3,2,12.5,1,1,4.7,2.91,3.12,0,0,0,0,0,0,0,1,0,0,0
23.2,1,54943.0,1,4.01,76.0,0,57.3,0,0,4.6,0.79,1.21,0,0,0,1,1,0,0,0,0,0,1
24.7,1,51245.0,1,3.63,87.9,0,35.0,0,0,4.8,1.98,2.03,0,1,0,0,0,0,0,0,1,0,0
17.4,1,40250.0,1,4.68,85.0,1,50.5,1,0,2.0,1.41,1.54,0,0,1,0,0,0,0,0,0,0,0
17.1,1,29740.5,1,4.0,59.2,2,26.8,0,1,5.5,3.22,3.78,0,0,0,0,0,0,0,0,0,0,0
19.6,0,32929.0,1,3.75,91.7,3,17.4,0,0,7.9,2.03,2.25,0,0,0,1,0,0,0,1,1,0,0
22.3,1,25000.0,1,3.32,97.4,2,24.1,1,0,6.4,2.11,2.45,0,1,0,0,0,0,1,0,0,1,0
22.1,1,25000.0,1,4.89,76.0,3,29.5,0,0,5.9,1.67,1.48,0,0,0,0,0,0,0,0,1,0,0
23.4,1,25000.0,1,3.58,76.8,1,28.6,0,0,6.1,2.83,2.63,0,0,0,1,0,0,0,0,0,0,0
18.4,1,45205.0,1,4.19,82.5,2,52.3,0,1,7.8,4.0,3.94,0,0,1,0,0,0,1,0,0,1,0
17.0,0,30525.0,1,4.21,88.9,2,19.7,0,0,3.9,3.12,2.96,0,0,0,0,1,0,0,0,0,0,0
22.9,1,70999.0,1,4.64,91.8,0,22.7,1,0,7.1,2.83,2.82,0,1,0,0,0,0,1,0,1,0,0
19.2,0,47074.0,1,3.38,79.1,3,38.6,0,0,5.6,1.75,1.84,0,1,0,0,0,0,0,1,0,0,0
17.0,0,44144.0,1,5.57,83.1,1,11.0,0,0,4.1,2.08,1.91,0,0,1,0,0,0,0,0,1,0,0
21.3,0,25000.0,1,5.35,79.2,0,29.5,1,0,6.3,2.1,2.34,0,1,0,0,0,0,1,0,0,0,0
22.7,1,25057.0,1,6.44,78.7,0,31.7,0,0,5.7,2.59,2.36,0,0,0,1,0,0,0,0,0,0,1
20.7,1,25000.0,1,2.83,77.7,1,35.2,1,1,4.0,4.0,3.69,0,1,0,0,0,0,0,0,0,0,0
20.0,0,26641.0,1,4.24,71.1,1,34.2,0,0,3.6,0.89,0.98,1,0,0,0,0,0,0,1,1,0,0
20.6,0,25000.0,1,1.94,88.9,4,53.9,0,0,4.7,1.47,1.48,0,0,0,1,1,0,0,0,1,0,0
20.2,1,25000.0,1,2.54,82.8,2,19.4,0,1,4.6,2.26,2.03,0,0,0,0,0,0,0,1,1,0,0
18.0,1,56201.0,1,4.97,94.2,2,22.3,1,0,7.7,3.41,3.26,0,0,1,0,0,0,0,0,0,1,0
19.4,1,39543.0,1,3.85,88.6,2,37.3,1,1,5.1,2.13,1.85,0,0,0,1,0,0,0,1,0,0,0
22.1,0,54408.0,1,2.74,78.8,0,32.7,1,1,4.8,3.18,3.22,0,1,0,0,0,0,0,0,0,0,0
21.7,1,25000.0,1,5.01,72.9,3,34.2,0,0,7.5,2.14,2.29,0,0,0,0,0,1,0,0,1,0,0
21.4,0,30785.0,1,4.44,96.9,1,13.1,1,0,7.9,2.34,2.51,0,0,1,0,0,0,1,0,0,0,0
18.8,0,53105.0,0,0.89,68.4,2,56.2,0,0,4.0,1.71,1.58,0,0,0,1,0,0,0,0,0,1,0
20.6,0,73407.0,0,5.44,79.3,1,35.4,1,0,3.3,3.33,3.39,0,0,0,1,0,0,0,1,1,0,0
17.0,0,25000.0,1,4.08,79.4,1,11.0,1,0,6.4,1.98,1.9,1,0,0,0,1,0,0,0,0,0,1
21.4,1,25000.0,1,3.29,76.8,2,37.3,1,1,5.1,3.47,3.2,0,1,0,0,1,0,0,0,0,0,1
24.1,0,55300.0,0,2.25,75.2,2,16.8,0,0,4.5,0.61,0.79,0,0,0,1,0,0,0,0,0,0,0
17.8,0,26493.0,1,4.6,72.2,5,41.1,0,1,7.4,0.0,0.59,1,0,0,1,1,0,0,0,0,0,0
19.7,0,25000.0,1,3.37,76.2,1,14.2,1,0,5.0,0.0,0.09,1,0,1,0,0,0,1,0,0,0,0
21.7,1,25000.0,1,3.81,81.6,0,42.1,1,0,9.0,2.94,3.42,1,0,1,0,0,0,0,0,0,1,0
23.8,0,25000.0,1,4.07,84.4,3,15.4,0,0,5.6,2.78,3.1,0,0,0,0,0,0,1,0,0,0,0
20.0,1,25000.0,1,4.68,77.8,1,18.3,1,0,5.8,2.95,2.93,0,0,1,0,0,0,0,0,1,0,0
19.5,1,30794.0,1,4.37,77.8,1,31.7,0,0,9.5,0.0,0.0,1,0,0,1,0,0,1,0,0,0,0
17.0,0,50909.0,1,5.97,73.7,5,22.7,0,0,6.1,3.26,3.43,0,0,0,1,0,0,0,0,0,0,0
21.2,0,25000.0,1,1.69,83.3,2,23.3,1,1,4.2,3.92,3.98,0,0,0,0,0,0,0,0,0,0,1
25.5,0,34705.0,0,3.25,82.4,0,11.6,0,1,3.7,2.63,3.06,1,0,1,0,1,0,0,0,1,0,0
21.6,1,49373.0,1,5.41,85.0,0,26.0,0,0,4.7,2.59,2.12,0,1,0,0,0,0,1,0,1,0,0
21.0,0,29684.0,1,6.68,77.7,1,40.6,0,0,5.9,3.78,3.8,0,1,0,0,0,0,0,0,0,0,0
21.7,1,25000.0,1,5.52,74.7,0,52.5,0,0,7.1,2.0,1.43,1,0,0,1,0,0,0,1,1,0,0
21.0,0,37486.0,1,4.66,81.8,1,39.9,0,1,2.8,3.68,3.19,0,0,1,0,1,0,0,0,1,0,0
19.2,1,28774.0,1,5.14,86.2,2,38.2,1,0,5.5,2.58,2.77,0,0,1,0,0,0,0,0,1,0,0
22.8,0,27068.0,1,5.1,74.9,0,9.7,1,1,7.8,0.94,0.92,0,0,1,0,0,0,0,0,0,0,0
21.5,0,25000.0,1,3.25,77.0,1,29.7,1,0,6.0,2.23,2.27,0,0,0,0,0,0,1,0,1,0,0
21.0,1,31322.0,0,4.79,72.2,1,22.2,0,1,7.9,0.65,1.48,1,1,0,0,1,0,0,0,0,0,0
18.9,1,40372.0,1,2.74,72.6,2,11.9,1,0,2.8,2.23,1.93,0,0,0,1,1,0,0,0,0,1,0
23.9,0,124790.0,1,4.18,77.6,1,14.7,1,1,5.1,2.33,2.37,0,1,0,0,0,0,0,1,0,1,0
22.5,0,31806.0,1,3.37,75.3,2,38.0,0,0,5.7,2.56,2.53,0,0,1,0,0,0,1,0,0,0,0
19.8,0,73621.0,1,4.62,88.4,0,23.3,0,0,6.5,2.21,2.2,0,0,0,1,0,1,0,0,1,0,0
23.2,0,36852.0,1,3.31,82.2,2,12.3,1,1,4.0,1.74,1.37,0,0,1,0,0,0,1,0,0,0,0
19.9,1,28009.0,1,4.1,92.1,1,22.4,1,1,6.2,3.27,3.52,0,1,0,0,0,0,1,0,1,0,0
19.3,1,32504.0,1,2.69,92.2,1,33.5,0,0,6.4,1.41,1.28,0,0,0,0,0,1,0,0,0,0,0
19.3,1,25000.0,1,3.52,82.1,2,21.9,0,0,5.4,2.18,2.62,0,1,0,0,0,0,0,1,1,0,0
17.1,1,35722.0,1,5.51,66.0,5,15.5,0,0,6.3,1.54,1.78,0,0,1,0,0,0,0,0,0,0,0
22.0,0,25000.0,1,1.59,85.2,2,19.0,1,1,6.1,2.14,1.75,0,1,0,0,1,0,0,0,0,0,1
17.0,1,25000.0,1,4.08,91.2,2,40.6,0,0,4.3,3.14,3.52,1,0,1,0,0,0,0,1,0,0,1
18.3,0,31758.0,1,5.83,87.1,3,5.1,0,0,5.2,2.42,2.66,0,1,0,0,0,0,1,0,0,0,0
17.0,0,60864.0,1,5.16,84.8,2,26.8,1,1,3.3,3.8,3.46,0,0,1,0,0,0,0,1,0,0,0
20.8,0,70149.0,0,4.11,80.0,0,28.6,1,1,2.8,2.1,2.0,0,1,0,0,0,0,0,1,0,0,1
20.7,0,25799.0,1,4.98,72.6,2,20.9,0,0,6.0,0.77,0.55,1,0,1,0,1,0,0,0,0,0,0
20.3,1,32644.0,1,3.04,87.0,0,18.5,0,0,2.1,4.0,3.87,0,0,0,0,0,0,0,1,0,0,0
18.7,0,53670.0,1,4.95,80.4,1,41.8,1,1,5.1,1.86,1.92,1,0,0,0,0,0,0,1,0,0,1
18.4,1,25000.0,1,5.6,84.5,1,41.8,1,0,6.2,4.0,3.98,1,0,1,0,1,0,0,0,0,1,0
22.0,1,37905.0,1,4.31,77.3,2,31.3,0,1,5.5,1.75,1.52,1,0,0,0,0,0,0,0,1,0,0
19.8,0,25000.0,1,5.31,98.0,0,23.5,0,1,9.4,0.0,0.17,1,1,0,0,0,0,1,0,1,0,0
21.7,1,26820.0,1,2.68,83.9,1,31.4,0,0,6.3,0.41,0.5,1,0,0,1,1,0,0,0,0,1,0
19.1,0,29740.5,0,4.0,64.0,1,34.9,0,0,5.5,2.78,3.01,1,0,1,0,1,0,0,0,0,1,0
21.4,0,38608.0,1,5.02,72.9,1,28.7,1,0,6.6,0.49,0.3,0,0,0,0,0,0,1,0,0,1,0
23.9,0,41365.0,1,7.21,70.8,2,35.2,0,0,3.1,4.0,3.71,0,0,0,1,0,0,0,1,0,1,0
22.3,1,29740.5,1,4.0,87.0,0,25.8,1,0,5.5,0.87,1.08,1,0,0,1,0,0,0,0,1,0,0
20.1,0,36641.0,1,5.15,77.3,2,5.0,1,1,4.6,3.52,3.82,0,0,0,1,0,1,0,0,0,0,0
21.6,1,32958.0,0,0.5,78.4,0,27.7,1,1,7.5,1.81,2.08,0,0,1,0,0,1,0,0,1,0,0
20.5,0,90437.0,0,4.8,77.7,1,38.2,1,1,6.2,1.9,2.03,0,0,1,0,0,0,0,1,0,0,0
21.0,1,25000.0,1,3.36,73.3,2,30.4,0,0,6.6,1.98,1.48,0,0,0,1,0,0,0,0,0,0,0
20.3,0,82237.0,1,6.6,79.7,2,34.1,0,0,4.5,1.22,0.85,1,0,0,1,0,0,1,0,1,0,0
20.6,1,25000.0,1,5.01,82.5,5,26.7,1,1,3.4,4.0,3.84,0,1,0,0,0,0,0,1,1,0,0
21.5,1,41879.0,1,4.11,73.9,0,27.7,0,0,3.4,3.54,3.69,0,0,0,0,0,1,0,0,1,0,0
18.8,1,25000.0,1,3.29,84.7,1,32.1,0,0,2.4,2.45,2.08,1,0,0,0,0,0,0,1,1,0,0
18.8,1,25000.0,0,5.67,72.2,1,53.3,0,0,4.8,1.29,1.05,1,0,1,0,0,0,1,0,1,0,0
17.9,0,39765.0,1,5.7,78.5,1,40.1,0,0,4.4,2.72,2.62,0,0,1,0,0,0,0,1,0,0,0
17.5,1,55563.0,1,2.95,84.9,1,38.5,1,1,7.3,2.27,2.1,0,0,1,0,0,0,0,1,0,0,0
18.3,1,39490.0,0,5.52,81.9,2,32.5,0,0,3.6,3.35,3.51,0,1,0,0,0,0,1,0,1,0,0
21.4,0,25000.0,1,5.32,68.9,0,14.0,1,1,9.4,1.78,1.65,1,0,0,0,1,0,0,0,1,0,0
19.0,1,259577.0,1,4.36,59.7,2,44.7,1,0,3.7,0.97,1.01,0,0,0,1,0,0,1,0,0,0,0
22.1,1,61031.0,1,5.08,86.5,1,40.9,1,0,3.9,3.26,3.19,0,0,0,1,0,0,0,0,1,0,0
21.1,0,52052.0,1,4.74,87.5,1,34.4,1,0,2.8,4.0,3.99,0,0,1,0,0,0,0,1,1,0,0
17.0,1,25000.0,1,2.65,85.5,6,29.5,0,1,5.5,2.12,1.79,1,1,0,0,1,0,0,0,0,0,0
22.4,1,25000.0,0,4.47,80.2,3,36.6,0,0,4.9,2.71,2.12,1,0,1,0,0,0,1,0,0,1,0
22.8,1,25137.0,1,3.83,80.0,5,27.2,0,0,5.3,1.02,1.2,0,0,0,0,0,1,0,0,0,0,0
18.8,1,56888.0,0,2.59,81.1,1,38.7,0,0,6.2,1.59,1.66,1,0,0,1,0,0,0,0,0,0,0
21.9,0,25000.0,1,2.98,86.7,2,19.9,1,0,7.3,0.12,0.0,0,0,0,0,0,0,0,1,1,0,0
19.1,1,25000.0,1,1.84,80.9,3,7.1,1,1,3.4,2.52,2.63,0,0,0,0,1,0,0,0,1,0,0
21.2,0,41099.0,1,1.74,85.0,1,15.6,0,1,5.5,0.78,1.01,1,0,0,0,0,0,0,0,0,1,0
18.2,1,36009.0,1,3.25,92.5,1,31.7,0,0,7.0,1.73,1.87,1,0,0,0,0,0,0,1,1,0,0
17.1,1,25000.0,1,5.44,74.3,0,26.4,0,0,3.5,4.0,3.96,0,0,1,0,0,0,0,0,1,0,0
20.2,1,25000.0,0,2.32,80.5,2,28.2,1,1,10.0,0.42,0.0,1,0,0,0,0,0,0,0,1,0,0
20.7,0,29740.5,1,4.0,75.1,1,14.4,0,0,5.5,0.32,0.0,1,0,0,0,0,0,1,0,1,0,0
20.1,0,36835.0,1,6.49,78.9,3,33.6,0,0,5.4,1.99,2.26,0,0,0,0,0,0,1,0,0,0,0
18.4,0,25000.0,1,2.76,81.2,1,17.6,1,0,3.5,2.08,2.07,0,0,1,0,0,0,1,0,1,0,0
20.1,0,25000.0,1,4.04,75.0,2,36.0,0,1,3.7,2.05,2.06,1,0,0,1,0,0,0,1,0,1,0
21.6,1,25000.0,1,4.65,69.0,1,13.0,1,0,5.9,3.4,3.52,0,0,0,1,0,0,1,0,0,0,0
20.9,1,46152.0,0,3.74,71.5,1,19.9,0,0,6.7,3.55,3.88,0,0,0,0,0,0,0,0,1,0,0
21.4,1,42489.0,1,3.94,85.5,1,18.3,0,0,2.2,3.02,2.65,0,0,0,1,0,0,0,0,0,0,0
19.5,1,58630.0,1,2.95,76.7,1,36.9,0,0,3.8,1.78,1.83,0,0,0,0,0,0,0,1,1,0,0
23.6,1,25000.0,1,3.16,80.3,1,24.5,0,1,5.8,1.65,2.13,1,1,0,0,0,0,0,1,0,0,0
18.4,1,34007.0,1,4.42,82.4,0,35.1,0,0,3.0,3.46,3.7,0,0,0,1,0,1,0,0,0,1,0
22.1,1,69951.0,1,2.44,89.3,2,43.7,1,0,5.0,3.03,3.29,1,0,1,0,0,0,1,0,1,0,0
23.6,1,66150.0,1,5.86,79.7,0,51.4,1,0,6.3,2.17,1.79,0,0,0,1,0,1,0,0,0,0,0
22.1,1,36877.0,1,1.67,84.0,0,32.8,1,0,5.2,1.4,1.51,0,0,1,0,0,0,0,1,0,1,0
20.6,1,121639.0,1,4.28,72.9,2,16.8,0,0,4.2,2.58,2.46,1,1,0,0,0,0,0,1,0,1,0
19.8,0,42855.0,0,2.62,80.7,4,45.0,0,1,5.7,3.39,2.75,0,0,0,1,0,0,1,0,0,0,0
23.3,1,55584.0,1,4.61,74.2,0,48.1,0,1,6.4,1.24,1.11,1,0,0,0,0,1,0,0,1,0,0
17.9,0,30536.0,1,2.74,80.9,0,29.3,0,0,3.8,2.5,2.72,0,0,0,0,1,0,0,0,0,1,0
18.9,0,29740.5,1,4.0,83.0,1,45.8,0,0,5.5,1.87,2.21,0,0,0,1,0,0,1,0,0,0,0
20.1,1,25000.0,0,5.06,80.1,2,34.0,0,1,6.1,2.41,2.4,0,0,1,0,1,0,0,0,0,0,0
23.7,1,33156.0,0,5.17,78.6,0,10.1,0,1,6.4,4.0,3.65,0,0,0,1,0,0,1,0,1,0,0
21.8,1,29740.5,0,4.0,84.2,3,22.4,0,0,5.5,1.42,1.51,1,1,0,0,0,0,0,0,0,0,0
18.9,0,25000.0,1,5.96,78.8,2,23.9,1,0,5.7,3.51,3.19,0,0,0,0,0,0,0,0,1,0,0
20.3,1,25000.0,1,4.07,78.7,1,25.6,1,1,5.2,1.4,1.7,0,1,0,0,1,0,0,0,1,0,0
19.6,1,25000.0,1,3.95,73.6,1,18.8,1,0,5.0,3.5,3.09,0,0,0,0,0,0,0,1,0,0,0
19.4,1,45999.0,1,4.72,86.0,1,18.4,0,0,6.8,2.88,2.76,0,0,0,0,0,1,0,0,1,0,0
23.2,0,29447.0,0,1.88,81.7,3,46.2,0,0,5.3,2.66,2.72,0,0,1,0,0,0,1,0,1,0,0
18.0,1,28474.0,1,3.7,78.2,0,9.2,1,0,6.5,2.04,2.49,0,0,0,0,0,0,0,0,0,0,0
24.5,0,25000.0,1,4.47,73.7,5,21.3,0,0,6.4,1.42,1.92,0,0,0,1,0,0,1,0,0,1,0
22.8,1,30149.0,1,3.24,100.0,1,37.5,0,0,3.8,4.0,4.0,0,0,0,0,0,0,0,0,0,0,0
23.4,0,65609.0,1,3.95,57.9,4,23.3,0,1,4.9,3.92,4.0,0,0,0,0,0,0,0,0,1,0,0
20.0,0,32642.0,0,6.17,75.9,1,34.8,0,1,5.4,3.44,3.65,0,0,0,1,0,0,0,1,0,0,0
20.7,1,25000.0,1,2.96,78.1,2,25.2,0,1,5.7,1.58,1.79,0,0,0,1,0,0,0,1,0,1,0
17.8,0,25000.0,1,5.04,89.4,1,35.2,0,1,6.3,3.96,3.83,0,0,1,0,0,1,0,0,0,1,0
19.8,0,42331.0,1,3.19,79.5,6,17.5,1,0,5.8,0.6,0.57,0,1,0,0,0,0,1,0,0,0,0
22.1,1,25989.0,1,4.11,83.5,2,7.7,1,0,5.6,3.42,3.45,0,0,0,0,0,0,0,0,0,0,0
23.9,1,28431.0,1,4.7,78.5,1,25.2,0,1,4.7,3.9,3.94,0,0,1,0,0,0,0,0,1,0,0
18.6,0,25000.0,1,5.07,96.7,2,8.5,1,0,7.4,0.93,0.66,1,1,0,0,1,0,0,0,1,0,0
20.2,0,40217.0,1,4.49,85.2,5,29.2,0,0,6.1,1.41,1.83,1,0,0,0,0,1,0,0,1,0,0
20.7,0,25000.0,0,4.97,76.8,0,16.4,0,0,5.3,2.0,2.0,0,0,1,0,1,0,0,0,0,0,0
17.9,0,26583.0,1,3.77,87.6,3,16.5,0,0,4.8,2.64,2.85,0,1,0,0,0,0,1,0,1,0,0
22.3,0,29740.5,1,4.0,65.0,2,47.7,0,0,5.5,2.34,2.53,0,0,0,0,0,0,0,1,0,0,0
19.4,1,51690.0,0,5.34,96.6,1,33.3,0,1,5.6,3.87,3.89,0,0,1,0,0,1,0,0,0,1,0
20.6,0,26038.0,1,1.61,92.8,4,11.6,1,0,2.8,1.76,1.45,0,1,0,0,0,0,0,0,1,0,0
20.0,1,42819.0,1,3.48,84.4,3,29.4,0,0,3.7,1.17,1.55,0,0,0,1,1,0,0,0,1,0,0
19.3,0,25000.0,1,3.68,80.1,2,28.3,0,1,7.8,0.0,0.0,0,0,1,0,0,0,0,0,0,1,0
21.0,0,84148.0,1,4.23,76.9,3,5.2,1,1,6.2,0.5,0.09,0,0,0,1,0,0,1,0,0,0,0
20.5,0,63986.0,0,5.17,89.1,3,34.2,1,1,4.3,3.01,2.7,0,0,1,0,0,0,0,1,0,0,1
20.2,1,25000.0,1,4.27,93.6,2,41.4,0,1,4.8,4.0,3.89,0,1,0,0,0,0,1,0,0,1,0
19.4,1,25000.0,1,3.72,79.7,1,24.9,0,0,3.9,4.0,3.81,0,1,0,0,0,0,1,0,0,0,0
21.7,1,39600.0,1,5.09,85.6,0,26.5,1,0,4.6,2.41,2.19,0,1,0,0,1,0,0,0,0,0,0
24.6,0,25000.0,1,4.37,86.0,1,23.3,0,1,7.3,2.95,2.63,1,0,0,1,1,0,0,0,0,0,1
21.3,0,27475.0,1,4.17,89.1,2,34.6,0,0,5.2,2.69,2.62,0,1,0,0,0,1,0,0,1,0,0
23.2,1,38406.0,0,6.08,75.8,2,27.0,0,1,7.0,1.98,2.29,0,0,0,1,0,0,0,1,0,1,0
17.9,0,26613.0,0,5.26,85.6,2,27.5,0,0,8.4,3.19,2.97,0,0,0,0,0,0,0,1,0,1,0
21.3,0,41081.0,1,7.45,100.0,2,20.3,0,1,4.8,3.45,3.87,0,0,0,1,0,0,0,1,0,0,0
18.6,1,29740.5,1,4.0,82.8,2,54.5,0,1,5.5,2.3,2.15,0,1,0,0,0,0,0,1,0,1,0
17.8,1,25000.0,1,5.68,85.6,1,26.9,0,1,6.3,4.0,3.92,0,0,0,1,0,0,0,1,0,0,0
19.4,0,53598.0,1,5.93,85.0,2,38.4,0,0,4.0,2.19,2.37,0,0,1,0,0,0,0,0,0,1,0
23.6,0,53396.0,1,3.11,86.4,3,33.2,0,1,5.5,2.52,2.77,0,0,0,1,0,0,1,0,0,0,0
23.1,0,133543.0,1,3.85,72.7,2,5.0,0,0,5.8,3.33,3.32,0,0,1,0,1,0,0,0,0,0,1
21.5,0,25000.0,1,4.11,98.4,1,25.6,0,1,8.8,2.69,2.94,1,0,0,1,0,0,0,1,1,0,0
17.6,0,46653.0,1,3.42,82.8,1,16.2,0,0,6.1,1.84,1.67,0,0,1,0,0,0,0,1,1,0,0
20.6,1,25000.0,1,3.56,86.4,4,41.7,1,0,4.7,2.25,2.16,0,0,0,0,1,0,0,0,0,0,1
21.7,1,85297.0,1,8.3,82.7,2,14.8,0,1,6.6,2.76,3.14,0,0,0,1,0,1,0,0,1,0,0
21.4,1,39844.0,0,4.0,89.5,2,35.9,0,0,7.0,1.32,1.33,0,0,1,0,0,0,0,0,1,0,0
17.0,1,25000.0,1,4.77,78.0,1,42.0,0,0,7.7,2.06,2.29,0,0,0,0,0,0,1,0,0,0,0
19.0,1,47483.0,1,4.49,71.5,3,33.4,0,1,3.8,4.0,4.0,0,0,0,0,0,1,0,0,0,0,0
20.9,1,25000.0,1,4.12,81.1,4,30.0,1,1,7.8,1.0,0.68,0,0,1,0,0,0,1,0,0,1,0
22.2,0,35605.0,1,2.54,85.8,1,25.2,0,0,9.6,0.77,0.97,0,0,1,0,0,0,0,0,1,0,0
17.0,0,33644.0,1,5.25,79.2,3,28.5,1,1,7.8,0.0,0.62,0,0,1,0,0,0,0,0,0,0,0
20.6,1,84669.0,1,3.94,76.6,0,13.9,1,1,8.1,0.63,0.68,1,0,1,0,0,1,0,0,0,0,0
21.3,0,88341.0,1,1.98,84.8,3,32.1,1,0,4.7,0.0,0.03,1,0,1,0,0,0,0,0,1,0,0
22.9,0,25000.0,1,4.21,74.6,0,42.6,1,0,8.5,1.43,1.1,1,0,0,0,1,0,0,0,0,0,0
22.5,0,56098.0,1,4.4,89.8,0,19.5,1,1,4.6,4.0,3.98,0,0,1,0,0,0,0,0,0,0,0
22.3,0,36787.0,1,5.51,79.5,2,30.2,0,0,5.4,3.49,3.11,0,0,0,1,0,0,0,1,0,0,0
19.2,1,25000.0,1,2.25,86.0,3,28.8,0,0,4.7,1.31,0.63,1,0,0,1,0,0,1,0,0,0,0
17.0,0,25000.0,1,3.85,72.7,1,33.8,1,1,4.5,2.65,2.76,0,0,0,1,0,0,0,0,0,0,0
20.1,0,120775.0,1,3.11,92.8,2,23.6,0,0,5.5,2.44,2.12,0,1,0,0,0,1,0,0,0,1,0
23.2,1,36854.0,1,2.92,85.8,0,11.9,0,1,3.4,2.05,2.08,0,0,0,1,1,0,0,0,0,1,0
24.1,0,54169.0,1,4.29,86.9,3,16.6,1,0,4.3,4.0,4.0,0,0,0,0,1,0,0,0,0,0,0
22.6,0,26181.0,1,3.42,71.7,1,5.0,1,1,3.7,1.74,2.09,0,0,1,0,0,0,0,0,0,1,0
21.9,0,29740.5,1,4.0,76.0,1,39.3,1,1,5.5,0.0,0.0,0,1,0,0,0,1,0,0,0,0,0
21.8,0,30223.0,1,2.84,83.6,1,34.8,0,0,8.4,2.02,1.7,1,1,0,0,0,0,0,0,0,1,0
19.8,0,25345.0,1,3.82,73.3,1,29.8,0,0,10.0,1.54,1.64,1,0,0,0,0,0,0,1,1,0,0
20.7,1,25000.0,1,4.37,77.0,2,21.6,0,0,5.4,0.82,0.48,0,1,0,0,0,1,0,0,0,0,0
24.7,1,25000.0,1,4.54,88.0,1,28.1,0,0,5.6,2.36,2.31,0,1,0,0,0,0,0,1,1,0,0
18.9,1,45466.0,0,4.24,77.2,1,29.7,0,0,6.9,2.45,2.76,0,0,0,0,0,0,0,0,1,0,0
24.6,0,25000.0,1,3.95,85.0,0,23.7,1,0,3.2,1.55,1.41,0,0,0,0,0,0,1,0,0,0,0
20.3,0,30195.0,1,3.25,75.4,3,24.2,0,0,3.7,3.5,3.57,0,0,1,0,1,0,0,0,1,0,0
23.9,1,34233.0,1,6.06,86.8,4,45.7,1,0,2.6,3.5,3.29,0,1,0,0,0,0,0,0,1,0,0
17.9,0,35876.0,1,4.28,73.0,0,15.0,0,0,7.0,3.26,3.28,0,0,1,0,0,0,0,0,0,0,0
22.3,0,59157.0,1,2.53,86.8,0,41.9,0,0,3.9,1.38,0.67,1,0,0,0,0,0,0,1,1,0,0
19.4,0,25000.0,1,1.45,99.3,2,10.6,0,0,7.3,1.24,1.23,1,0,0,1,0,0,0,0,1,0,0
17.9,1,41863.0,0,5.56,77.7,0,49.3,0,0,4.7,1.04,1.0,1,0,0,0,0,0,0,1,0,0,0
21.5,1,46771.0,1,2.32,76.7,3,5.0,0,0,5.5,2.81,3.17,0,0,1,0,0,0,0,0,0,1,0
23.2,0,29740.5,1,4.0,91.1,0,35.6,1,0,5.5,3.9,3.86,0,1,0,0,1,0,0,0,1,0,0
19.1,0,25000.0,1,2.45,82.5,1,22.1,1,1,5.8,2.84,2.87,0,0,0,0,1,0,0,0,0,1,0
17.7,0,34644.0,1,4.19,72.6,3,28.0,0,1,4.6,2.1,1.82,0,1,0,0,0,1,0,0,1,0,0
20.8,0,83254.0,1,4.41,84.7,2,28.4,0,0,7.4,1.24,1.39,0,1,0,0,0,1,0,0,0,0,0
20.8,1,28016.0,1,5.04,83.7,4,37.3,0,0,5.2,3.6,3.7,0,1,0,0,0,0,0,0,0,1,0
22.2,0,39739.0,1,3.88,76.9,2,6.5,0,0,6.2,3.56,3.36,0,0,0,1,1,0,0,0,0,0,0
23.1,1,47488.0,1,3.89,76.6,1,29.6,0,0,5.7,2.47,2.61,0,1,0,0,0,0,0,1,0,0,0
20.9,1,25000.0,1,2.61,88.9,1,32.2,0,0,3.7,2.49,2.48,0,1,0,0,0,0,0,0,1,0,0
25.1,1,89348.0,1,3.67,74.1,4,22.1,1,1,7.9,2.04,2.02,1,0,0,0,0,0,1,0,0,0,0
21.5,1,40123.0,1,4.05,71.0,1,28.7,0,0,4.3,2.96,3.3,0,0,1,0,0,1,0,0,1,0,0
20.2,1,40607.0,1,4.05,75.8,3,22.0,0,1,7.0,1.55,1.75,1,0,0,1,0,1,0,0,0,0,0
17.5,0,25000.0,0,3.78,88.9,0,36.7,0,0,6.8,0.83,0.95,1,1,0,0,0,1,0,0,1,0,0
20.4,0,47893.0,1,2.6,79.9,0,34.4,0,0,2.8,4.0,4.0,0,1,0,0,0,0,0,1,0,0,0
20.3,1,40290.0,1,2.32,77.5,1,32.6,0,0,5.2,0.51,0.44,1,0,0,1,0,1,0,0,0,1,0
23.1,0,78788.0,1,5.96,81.5,3,37.9,0,0,6.5,1.92,2.47,0,0,0,0,1,0,0,0,1,0,0
22.0,1,25000.0,1,4.77,85.9,3,45.0,0,1,5.0,2.83,3.02,0,0,0,0,0,1,0,0,0,0,0
18.4,1,25000.0,1,7.07,94.3,1,18.1,0,1,5.3,2.99,2.94,0,0,0,1,0,0,0,1,0,0,0
21.4,0,25000.0,1,4.52,84.8,0,56.7,0,0,5.9,1.42,1.08,0,0,1,0,0,0,0,0,0,0,0
22.5,0,25000.0,1,4.87,97.7,2,34.7,0,0,4.8,3.21,2.88,0,0,0,1,0,0,1,0,0,0,0
24.4,0,25000.0,1,2.82,87.9,2,24.0,1,0,6.1,4.0,4.0,0,0,0,1,0,0,0,0,1,0,0
23.0,1,64479.0,1,5.91,79.6,2,57.6,0,1,5.6,3.29,3.18,0,0,0,0,0,0,0,0,1,0,0
22.7,0,65948.0,1,1.6,89.1,1,25.0,1,0,5.1,3.59,3.79,0,1,0,0,0,1,0,0,0,0,0
21.1,0,26437.0,1,4.84,87.1,2,15.5,0,0,3.8,4.0,3.95,1,0,0,1,0,0,0,0,0,0,0
21.9,0,25000.0,1,4.14,91.3,2,23.9,0,1,6.2,1.68,1.71,0,1,0,0,0,0,1,0,1,0,0
23.7,1,25000.0,1,5.9,87.9,2,23.3,1,0,1.2,3.46,3.26,0,0,1,0,0,1,0,0,0,0,0
18.1,0,45142.0,1,3.83,82.9,2,43.0,0,1,6.0,2.99,2.71,0,0,0,1,1,0,0,0,0,1,0
20.2,0,80183.0,1,4.05,78.2,1,28.6,1,0,5.5,0.84,0.72,0,0,0,0,0,0,0,0,0,0,0
19.3,0,25000.0,1,1.49,83.1,0,31.2,1,0,4.0,2.11,1.79,0,0,0,0,0,1,0,0,1,0,0
21.8,1,27721.0,1,1.54,70.1,2,30.8,1,0,3.0,2.3,1.87,0,0,0,0,0,0,0,1,0,0,0
23.7,0,38583.0,1,4.48,80.7,2,44.0,0,1,6.3,0.58,0.35,0,0,1,0,0,0,0,1,1,0,0
19.7,1,83671.0,1,5.48,72.6,1,26.1,1,0,5.1,2.97,2.93,0,0,0,1,0,0,0,0,0,0,1
17.0,0,33519.0,1,4.38,85.7,5,27.5,1,1,5.7,2.55,2.98,0,0,0,1,0,0,1,0,0,1,0
20.1,1,33432.0,1,3.82,88.7,2,21.7,1,0,2.2,3.37,3.72,0,0,1,0,1,0,0,0,1,0,0
23.0,1,33110.0,1,4.4,84.5,2,25.0,1,1,6.4,3.85,3.39,0,1,0,0,1,0,0,0,0,0,0
22.2,0,25000.0,1,4.26,80.7,2,36.3,1,1,7.2,0.69,0.58,1,0,1,0,0,1,0,0,0,1,0
21.9,1,25000.0,1,4.86,79.7,2,38.7,0,0,5.2,3.06,3.14,0,0,0,1,1,0,0,0,0,0,0
20.4,1,25000.0,1,2.75,91.6,4,50.4,0,0,3.9,1.96,1.88,0,0,0,0,0,0,0,1,0,0,0
18.2,1,54597.0,1,4.33,89.9,3,28.8,0,0,6.3,3.45,3.25,0,1,0,0,1,0,0,0,0,1,0
22.1,1,25000.0,1,2.68,73.5,4,26.8,1,1,5.0,0.01,0.0,0,1,0,0,0,0,0,0,0,1,0
19.2,0,25000.0,1,5.43,84.0,1,34.8,0,0,7.1,1.39,1.72,1,0,0,1,0,0,1,0,1,0,0
25.8,0,25000.0,1,2.58,84.6,2,24.4,1,0,5.5,2.35,2.42,0,0,0,1,0,0,0,1,1,0,0
22.3,0,27376.0,1,3.71,80.4,1,22.3,1,1,1.6,3.15,3.16,0,1,0,0,1,0,0,0,0,0,0
19.7,1,82559.0,1,4.78,71.1,2,33.9,1,0,1.3,3.75,3.67,0,0,0,1,1,0,0,0,1,0,0
19.7,0,27154.0,1,2.28,65.6,6,25.3,1,0,4.2,0.68,0.7,0,1,0,0,0,1,0,0,0,0,0
20.8,1,25000.0,1,2.94,83.4,1,26.5,0,0,6.3,3.02,3.18,0,1,0,0,0,0,0,0,0,0,0
20.5,0,30186.0,1,6.91,68.5,3,37.3,0,0,4.6,3.31,3.1,0,0,0,1,0,0,0,1,0,0,1
23.5,1,85225.0,1,5.22,77.8,6,33.7,0,0,6.4,0.63,0.89,1,1,0,0,0,1,0,0,0,0,0
21.4,0,25000.0,0,4.44,87.5,0,54.0,0,0,4.3,3.67,3.72,0,0,0,0,1,0,0,0,0,0,0
19.4,0,25000.0,1,4.84,85.3,2,41.1,0,0,9.2,0.12,0.03,1,0,0,1,0,0,0,0,0,0,0
25.2,1,25000.0,1,1.78,77.2,1,20.8,0,1,5.2,3.16,3.04,0,0,0,1,0,1,0,0,1,0,0
21.1,1,32121.0,1,4.82,89.2,3,25.2,0,0,6.0,2.69,2.81,0,0,0,0,0,0,1,0,0,0,0
22.7,0,44934.0,1,6.54,86.2,2,13.5,0,0,3.8,3.77,3.65,0,1,0,0,1,0,0,0,1,0,0
19.7,1,54401.0,1,3.36,78.1,1,18.3,0,1,4.7,2.3,2.23,0,0,0,1,0,0,0,0,0,0,0
21.8,1,25000.0,1,6.37,94.2,1,45.1,1,0,6.4,2.45,2.14,0,0,0,1,0,0,1,0,0,0,0
21.7,1,25000.0,1,3.4,85.9,5,26.7,0,0,5.4,2.99,3.44,0,0,0,1,0,0,0,0,1,0,0
17.0,0,25000.0,1,4.16,75.8,5,13.4,0,0,1.0,2.77,3.17,0,0,0,1,0,0,0,0,0,0,0
25.4,0,44833.0,1,2.26,65.6,2,6.6,0,0,6.4,0.0,0.58,1,0,0,1,0,0,0,1,1,0,0
23.8,1,25000.0,1,4.57,83.8,4,12.3,0,0,6.6,2.51,2.26,0,0,0,1,0,0,0,0,0,0,0
20.1,1,25000.0,1,4.19,78.0,2,20.4,0,0,6.8,1.31,0.81,0,0,0,0,0,1,0,0,1,0,0
18.6,0,25000.0,1,3.71,82.2,1,30.0,0,1,7.5,2.58,2.37,1,1,0,0,1,0,0,0,0,0,0
21.8,0,52316.0,1,2.88,80.1,2,25.2,0,0,5.8,0.0,0.02,0,1,0,0,0,0,0,0,0,0,0
21.2,1,29740.5,1,4.0,49.400000000000006,4,38.4,1,1,5.5,0.42,0.29,1,0,0,1,0,0,1,0,0,0,0
21.8,0,51135.0,1,3.18,79.7,0,18.8,1,0,5.9,2.06,2.57,1,0,0,0,0,0,0,0,0,0,0
21.4,1,66384.0,1,5.44,73.2,2,44.7,1,1,1.4,1.97,1.8,0,0,0,0,0,0,0,1,0,1,0
22.1,1,25000.0,0,4.34,77.9,1,28.4,0,1,5.9,1.46,1.75,1,0,0,1,0,0,0,1,0,0,0
24.2,0,25000.0,1,3.37,77.4,4,35.5,1,0,7.5,2.88,2.66,0,0,1,0,0,0,0,1,0,0,0
22.2,0,25000.0,1,5.3,82.5,5,23.8,0,0,3.0,2.62,3.23,0,0,0,1,0,0,1,0,0,0,0
18.7,1,25000.0,1,3.44,84.4,1,42.2,0,0,5.0,0.0,0.41,1,1,0,0,0,0,0,1,0,1,0
24.0,1,25000.0,1,5.26,85.7,1,14.1,0,0,7.7,2.83,3.04,0,0,0,1,0,0,0,0,1,0,0
24.6,1,25000.0,1,4.15,62.8,2,15.2,1,0,4.5,1.01,1.34,0,0,0,1,0,0,0,1,0,0,0
27.9,1,47693.0,1,1.52,93.4,1,18.4,1,0,5.1,2.99,3.27,0,0,1,0,1,0,0,0,0,0,0
18.5,1,30036.0,1,4.76,68.9,2,44.1,1,0,6.9,2.6,2.76,1,0,0,0,1,0,0,0,0,1,0
21.5,1,25000.0,1,3.93,81.9,1,27.2,0,1,3.2,1.57,1.54,0,0,1,0,1,0,0,0,1,0,0
17.0,0,27734.0,1,4.72,75.4,4,18.6,1,0,5.5,2.58,2.67,0,0,1,0,0,0,0,0,1,0,0
22.2,0,25000.0,0,4.28,84.4,1,27.6,0,0,3.8,1.73,1.46,0,0,0,1,0,0,0,1,1,0,0
19.8,0,55009.0,0,4.29,67.4,1,32.1,1,0,5.0,1.49,1.66,0,0,0,0,0,0,0,0,1,0,0
25.2,0,25000.0,1,4.06,94.4,1,17.1,0,1,5.9,1.45,1.92,0,0,0,0,0,0,1,0,1,0,0
19.3,1,25000.0,1,7.75,79.1,1,31.9,0,0,7.4,3.36,3.23,0,0,1,0,1,0,0,0,0,0,0
17.3,1,48568.0,1,4.68,86.0,4,28.4,0,0,6.1,2.55,2.49,0,1,0,0,0,1,0,0,1,0,0
20.0,1,41961.0,1,1.7,75.6,2,23.9,1,1,4.5,1.83,2.06,0,1,0,0,0,1,0,0,0,0,0
17.0,0,29740.5,1,4.0,95.3,2,14.8,0,1,5.5,0.87,1.17,1,0,0,0,1,0,0,0,0,0,0
22.7,1,49662.0,0,4.56,71.0,1,40.7,1,1,6.6,1.47,1.63,1,0,1,0,0,0,0,0,0,0,0
17.0,0,25000.0,1,3.26,61.0,4,24.4,1,0,2.0,2.43,2.91,0,0,1,0,0,1,0,0,0,1,0
21.1,0,25000.0,1,5.4,92.9,4,5.0,1,0,7.0,1.85,2.42,0,0,1,0,0,0,0,0,0,1,0
17.0,1,33263.0,1,4.42,72.6,0,34.3,1,1,5.6,1.84,1.66,0,0,0,1,0,0,0,1,0,0,0
20.3,1,42276.0,1,4.49,81.4,1,34.6,0,0,5.4,2.77,2.83,0,0,0,0,0,0,1,0,1,0,0
24.6,0,38843.0,1,2.8,94.5,2,41.2,0,0,7.6,1.19,1.83,1,0,1,0,0,0,0,0,1,0,0
21.8,0,29740.5,1,4.0,63.8,3,35.0,0,0,5.5,3.49,3.24,0,0,0,1,0,1,0,0,0,0,0
19.1,0,25000.0,1,4.22,84.1,2,31.7,1,0,7.1,1.08,0.34,1,0,0,1,0,0,0,0,0,0,0
20.9,1,38076.0,0,2.78,88.5,4,24.2,0,0,7.8,1.57,1.47,1,1,0,0,0,0,0,0,0,0,0
21.0,0,27694.0,0,2.79,82.2,1,24.2,1,0,5.6,2.15,2.18,0,0,0,1,0,0,0,1,0,0,0
22.0,1,29740.5,1,4.0,77.4,1,38.1,1,0,5.5,2.96,3.2,1,1,0,0,0,0,0,1,1,0,0
18.0,0,42271.0,1,4.74,87.6,1,28.1,1,1,6.7,1.26,0.89,0,1,0,0,0,1,0,0,0,0,1
22.3,0,25000.0,1,3.5,74.8,3,12.8,0,1,6.3,2.34,1.86,0,1,0,0,0,1,0,0,0,0,0
17.0,0,25000.0,1,3.29,87.9,3,25.9,0,0,7.1,3.23,3.28,0,1,0,0,0,0,1,0,0,0,0
19.6,1,30605.0,1,4.01,81.7,0,29.3,1,1,3.6,2.57,2.82,0,0,0,0,0,0,0,0,0,0,0
19.9,0,64839.0,1,4.38,81.8,2,6.1,0,0,4.3,0.0,0.02,1,0,1,0,1,0,0,0,0,0,0
22.4,1,69332.0,1,2.25,84.7,2,39.0,1,0,3.2,1.26,1.03,0,1,0,0,0,1,0,0,0,1,0
21.0,1,25000.0,1,3.84,89.4,1,30.0,0,1,8.5,2.37,1.94,0,1,0,0,0,1,0,0,0,0,0
17.9,1,25000.0,1,1.34,74.3,0,13.6,1,0,2.5,1.49,1.93,1,0,0,0,0,0,0,1,0,0,0
18.8,0,25000.0,1,3.97,92.4,3,26.4,0,0,7.9,1.44,1.52,0,1,0,0,0,0,0,0,0,0,0
21.4,0,34595.0,0,5.89,92.0,1,28.8,0,1,6.4,3.3,3.26,0,1,0,0,0,0,1,0,0,0,0
20.8,1,118453.0,0,2.31,76.9,2,41.4,0,1,3.9,1.09,0.31,0,0,0,0,1,0,0,0,0,0,0
19.7,0,41087.0,1,3.82,96.1,1,41.0,1,0,3.2,2.56,2.21,1,0,1,0,0,1,0,0,0,0,0
19.9,1,25000.0,1,3.72,80.6,2,42.9,0,0,5.4,2.51,2.43,1,1,0,0,0,0,0,1,1,0,0
22.5,1,25000.0,1,2.54,86.5,3,34.5,0,0,5.1,1.85,1.84,0,0,1,0,0,0,1,0,0,0,0
19.9,1,25000.0,1,3.41,78.3,3,22.2,0,0,6.2,1.29,1.08,0,0,0,0,0,0,1,0,0,0,0
20.8,0,25000.0,1,2.28,88.6,1,19.1,1,0,1.5,4.0,3.93,0,0,0,1,0,0,0,0,1,0,0
25.8,0,25000.0,1,2.74,78.4,6,21.6,1,1,5.2,3.41,3.29,1,0,0,0,1,0,0,0,0,0,0
17.9,1,37110.0,1,4.21,83.3,1,29.2,1,0,3.9,1.99,1.86,0,0,0,0,0,0,1,0,0,0,0
17.0,0,44765.0,1,4.5,61.1,1,29.7,1,1,7.8,1.47,1.47,0,0,0,0,0,0,0,1,0,0,1
22.7,1,57243.0,1,3.57,78.2,3,42.3,1,0,6.2,3.24,3.23,1,0,0,0,0,0,0,0,0,0,0
19.5,0,40722.0,1,5.74,77.5,1,26.9,1,0,4.6,4.0,3.69,0,0,0,0,0,0,0,1,0,1,0
20.3,1,25000.0,1,4.95,66.9,1,5.7,0,0,8.1,1.76,1.58,0,0,1,0,0,0,0,1,0,0,0
19.3,0,25000.0,1,6.56,88.1,0,15.7,0,0,4.7,4.0,3.96,0,0,0,1,0,0,0,1,0,0,0
20.4,0,27042.0,1,3.85,78.9,1,18.3,0,0,5.3,3.32,3.7,1,0,0,1,1,0,0,0,0,0,0
24.5,0,32480.0,1,2.64,67.5,2,18.3,0,0,6.0,1.42,1.34,1,0,0,1,0,0,1,0,1,0,0
22.8,1,49854.0,1,3.75,86.8,0,5.0,0,1,7.1,1.44,1.69,0,0,1,0,0,0,0,1,0,0,0
22.9,0,30513.0,1,6.62,90.7,2,48.8,0,0,5.5,2.03,2.1,0,0,1,0,0,1,0,0,0,0,0
17.9,1,30651.0,1,2.7,80.9,3,5.0,0,0,8.1,1.91,1.98,0,0,0,1,0,1,0,0,1,0,0
18.5,0,34292.0,1,5.1,69.9,0,23.1,0,0,4.8,3.24,3.19,0,0,0,0,0,1,0,0,0,1,0
17.0,1,25514.0,1,2.66,66.9,2,37.9,0,1,3.7,2.19,1.85,0,0,0,0,0,0,0,1,0,0,0
19.2,1,31324.0,1,3.52,72.2,3,37.1,0,0,8.4,1.59,1.56,1,0,0,0,0,0,0,1,1,0,0
23.1,0,58425.0,1,3.35,75.4,3,12.4,1,1,4.9,3.89,4.0,0,0,0,0,0,0,0,0,0,0,0
22.1,0,28273.0,1,2.81,95.7,1,44.5,0,0,6.6,2.14,1.68,0,0,0,0,0,1,0,0,0,0,0
20.5,1,29198.0,1,5.01,80.4,2,42.7,1,0,6.9,0.57,0.51,1,0,0,1,1,0,0,0,0,0,0
21.0,0,29139.0,1,5.87,71.8,2,27.8,0,0,9.2,3.2,3.06,0,0,1,0,1,0,0,0,0,0,0
19.5,0,64774.0,1,5.17,77.1,0,30.3,0,0,5.0,4.0,4.0,0,0,1,0,0,1,0,0,1,0,0
21.5,0,25000.0,1,4.03,90.6,2,19.0,0,1,6.4,2.06,1.66,0,1,0,0,0,0,1,0,0,0,0
22.7,1,86293.0,1,2.07,86.4,1,33.0,0,0,4.1,3.28,2.8,0,0,1,0,1,0,0,0,0,1,0
17.4,0,25000.0,1,4.17,82.4,2,32.7,0,0,4.6,3.99,3.61,0,0,1,0,1,0,0,0,0,0,0
21.7,1,25000.0,1,4.81,80.7,1,24.2,0,0,4.1,3.19,2.9,0,0,0,1,0,0,1,0,0,0,0
23.1,1,46483.0,1,3.88,82.0,2,37.7,0,1,7.0,2.51,2.84,0,0,0,0,0,0,1,0,1,0,0
20.1,0,55171.0,1,5.73,83.2,3,34.0,0,1,7.2,1.69,2.23,0,1,0,0,1,0,0,0,0,0,0
22.5,0,25000.0,1,3.74,80.4,3,68.6,0,1,6.2,0.64,0.58,1,0,1,0,0,0,1,0,0,0,0
27.2,0,25000.0,1,3.22,82.8,1,19.2,0,0,4.1,3.27,3.39,0,0,0,1,0,0,1,0,0,0,0
20.8,1,35126.0,1,5.28,79.6,0,46.0,0,0,4.3,2.89,3.24,0,0,1,0,0,0,0,0,0,0,0
21.9,1,29740.5,1,4.0,60.2,2,19.8,1,0,5.5,4.0,3.91,0,0,0,1,0,0,1,0,0,1,0
19.4,1,62803.0,1,5.95,79.9,4,36.3,1,0,6.1,2.06,1.97,0,1,0,0,1,0,0,0,0,0,0
21.4,1,25620.0,1,4.68,84.6,5,5.0,0,0,2.7,3.8,4.0,0,1,0,0,0,0,0,0,1,0,0
22.0,1,25000.0,1,2.95,76.2,2,23.9,0,1,4.8,1.99,1.85,0,1,0,0,1,0,0,0,0,0,0
21.4,1,31225.0,1,0.63,85.4,0,35.7,0,0,3.1,4.0,4.0,0,0,0,0,0,0,0,1,0,1,0
18.8,0,36952.0,1,1.76,88.6,1,32.9,0,0,6.4,2.59,2.4,0,0,0,1,0,0,1,0,1,0,0
21.5,0,25000.0,1,3.25,84.7,0,5.9,1,0,3.7,3.76,3.98,0,0,0,1,0,0,1,0,1,0,0
24.2,0,25000.0,1,5.72,77.5,4,25.1,0,0,9.0,0.05,0.5,1,0,0,1,1,0,0,0,0,0,0
22.0,0,32712.0,1,5.59,82.8,2,47.7,1,0,7.4,0.55,0.94,1,0,1,0,0,0,0,1,0,1,0
23.1,1,29740.5,1,4.0,83.2,3,42.3,0,0,5.5,3.24,2.95,0,0,0,1,1,0,0,0,0,0,0
20.5,1,91443.0,1,5.06,83.6,1,41.5,0,0,6.2,0.97,0.7,1,0,0,1,0,0,0,0,0,0,0
22.6,0,73869.0,1,2.21,93.9,1,58.2,0,0,6.3,0.09,0.02,1,1,0,0,1,0,0,0,1,0,0
21.6,0,44123.0,1,5.61,72.7,2,9.1,0,1,3.8,1.78,1.73,0,0,0,1,0,1,0,0,0,0,0
18.9,0,31377.0,1,3.64,83.7,1,25.3,1,0,7.7,2.1,2.08,0,1,0,0,1,0,0,0,0,1,0
21.7,1,25000.0,1,4.84,78.8,0,30.4,0,0,5.3,2.57,2.17,0,0,1,0,0,0,0,0,0,0,0
18.8,1,29364.0,1,4.7,72.0,4,21.2,1,0,4.1,1.9,1.86,0,0,0,1,1,0,0,0,0,0,0
19.6,0,79505.0,1,4.6,71.9,3,31.5,0,0,6.5,1.68,1.6,0,1,0,0,0,0,1,0,0,0,0
21.4,0,50071.0,1,2.44,89.0,2,45.6,1,1,3.5,4.0,3.93,0,1,0,0,0,0,1,0,0,1,0
21.7,0,33598.0,1,3.24,70.8,4,31.3,0,0,6.7,2.18,2.91,0,0,0,1,0,0,0,0,1,0,0
18.4,1,51761.0,1,5.37,84.4,0,5.0,1,0,6.1,4.0,3.6,0,0,0,0,1,0,0,0,0,1,0
23.3,0,41248.0,1,4.66,83.1,2,38.1,0,0,4.3,2.98,3.0,0,1,0,0,0,0,1,0,1,0,0
22.3,0,37713.0,1,2.59,75.1,1,29.8,0,0,7.2,1.55,1.64,1,0,1,0,0,0,0,1,0,0,0
19.4,0,29740.5,1,4.0,73.7,2,5.0,0,1,5.5,3.22,2.8,0,0,0,1,1,0,0,0,1,0,0
17.6,0,40547.0,1,2.64,72.5,4,22.6,1,0,4.9,1.96,1.79,1,1,0,0,0,0,1,0,0,1,0
20.7,0,49768.0,1,2.36,77.6,3,9.2,0,0,6.5,2.16,2.41,1,0,1,0,0,0,0,0,0,0,0
20.0,0,32756.0,0,3.19,73.3,2,26.5,0,0,3.1,2.61,2.36,0,0,0,0,0,0,0,1,0,1,0
21.2,0,25528.0,1,3.87,88.1,5,24.0,1,0,6.4,1.75,1.99,1,0,1,0,0,0,0,0,1,0,0
20.2,1,25000.0,1,2.44,91.5,2,11.7,1,1,2.9,3.73,3.59,0,1,0,0,0,0,0,0,0,0,0
17.0,0,25000.0,1,5.16,84.0,2,33.0,1,0,5.7,1.63,1.81,0,1,0,0,0,1,0,0,1,0,0
20.1,0,25000.0,1,3.08,100.0,1,17.0,0,0,6.7,0.81,0.52,0,1,0,0,0,1,0,0,0,0,1
20.3,1,25000.0,1,3.96,85.6,2,45.9,0,0,6.1,2.36,2.11,1,0,1,0,0,0,1,0,0,0,0
22.4,0,25000.0,1,4.58,87.1,0,32.0,0,0,8.3,3.16,3.16,0,1,0,0,1,0,0,0,0,1,0
19.5,1,29740.5,1,4.0,75.1,2,26.9,0,0,5.5,4.0,3.72,0,0,0,1,0,0,1,0,1,0,0
24.7,0,75913.0,1,4.77,76.6,3,45.0,0,1,6.2,1.31,1.42,0,0,0,1,0,0,0,0,1,0,0
17.0,0,27051.0,1,3.6,85.3,3,33.1,0,0,1.7,2.63,2.84,0,0,0,1,0,0,0,1,0,1,0
23.9,1,34374.0,1,2.72,74.3,1,34.2,0,1,4.6,3.83,4.0,0,0,1,0,0,1,0,0,0,0,0
20.5,1,35031.0,1,2.37,71.5,0,29.2,1,0,5.0,0.86,1.13,1,0,1,0,0,1,0,0,0,1,0
22.9,0,77076.0,1,2.72,90.7,2,26.2,1,0,8.3,0.24,0.18,0,0,0,1,0,1,0,0,0,1,0
21.2,0,25000.0,0,3.81,75.2,2,34.9,1,0,5.5,0.33,0.37,0,1,0,0,1,0,0,0,1,0,0
23.5,1,26017.0,1,5.57,83.5,1,48.3,0,1,7.1,2.24,2.06,0,1,0,0,0,0,1,0,0,0,0
20.1,0,27897.0,1,3.83,95.1,1,5.0,0,0,3.9,3.09,3.08,0,1,0,0,0,0,0,0,0,0,1
18.6,0,58801.0,1,3.27,67.5,5,52.4,1,0,4.9,2.03,1.7,0,0,0,1,0,0,0,1,0,0,0
24.1,1,66600.0,1,4.15,87.2,1,17.9,1,1,4.0,2.76,3.08,0,0,0,1,1,0,0,0,0,0,0
20.8,1,39527.0,0,6.14,81.8,2,32.3,0,0,3.7,4.0,3.58,0,0,0,0,1,0,0,0,0,0,0
21.5,0,62302.0,0,3.02,81.4,2,9.4,0,0,3.8,2.39,2.13,0,0,1,0,1,0,0,0,0,1,0
23.7,1,33077.0,1,4.6,82.5,4,47.9,1,0,4.4,2.01,1.96,0,0,0,1,0,1,0,0,1,0,0
18.7,0,26808.0,1,3.53,82.1,4,13.4,1,1,9.2,0.45,0.32,1,0,0,1,1,0,0,0,0,0,0
22.3,0,60309.0,0,4.26,86.2,2,43.5,1,0,5.4,2.82,3.28,0,0,0,1,0,0,1,0,0,1,0
19.7,1,39838.0,0,4.83,73.6,1,27.1,0,1,3.1,3.15,2.79,0,0,1,0,0,1,0,0,1,0,0
20.7,0,25000.0,1,5.79,86.0,1,28.0,1,0,4.6,3.15,3.07,0,1,0,0,0,0,0,1,0,0,0
21.2,1,54093.0,1,3.93,73.0,1,14.9,0,0,7.3,0.17,0.08,1,0,1,0,0,1,0,0,1,0,0
17.7,0,26236.0,1,5.47,98.8,4,44.6,0,0,4.2,3.82,3.67,0,0,0,0,0,0,1,0,0,0,0
19.3,0,25000.0,1,4.53,81.2,2,28.2,1,0,8.2,2.2,1.96,0,0,0,1,0,1,0,0,1,0,0
24.0,0,50808.0,0,2.31,83.4,2,38.6,1,1,7.4,1.6,1.52,0,0,0,0,1,0,0,0,1,0,0
22.9,0,28189.0,1,3.75,96.2,1,5.2,1,0,5.2,3.67,3.81,0,0,0,1,0,0,0,0,1,0,0
20.9,0,37548.0,1,7.02,75.8,2,19.3,0,1,4.3,3.89,4.0,0,0,0,0,0,0,0,1,0,1,0
21.5,0,44230.0,1,3.85,81.9,1,33.0,0,1,3.8,2.69,2.36,0,0,1,0,0,1,0,0,1,0,0
20.4,0,25000.0,1,3.59,70.7,3,11.1,1,0,5.8,0.71,0.78,1,0,1,0,0,1,0,0,0,0,0
24.0,1,37456.0,1,3.59,74.2,0,34.3,1,0,6.2,2.07,1.57,1,1,0,0,0,0,0,0,0,0,0
20.6,0,66815.0,1,3.39,70.6,0,22.1,0,1,7.9,0.07,0.0,1,1,0,0,0,0,1,0,0,1,0
21.5,0,25000.0,1,2.21,88.4,1,20.7,0,0,6.1,1.83,1.22,0,0,0,0,0,0,0,0,0,0,0
23.5,1,38947.0,1,1.01,86.6,5,36.2,1,0,4.9,0.0,0.02,1,0,1,0,0,1,0,0,0,1,0
19.3,1,25000.0,1,2.99,78.5,4,32.0,1,1,8.0,2.65,2.55,1,0,0,0,0,0,1,0,0,0,0
24.4,1,29740.5,1,4.0,77.9,0,16.5,0,0,5.5,0.7,0.63,1,0,0,0,0,1,0,0,1,0,0
17.6,1,54565.0,1,4.72,89.8,1,43.5,1,0,4.3,2.08,2.2,0,0,1,0,0,1,0,0,1,0,0
24.6,1,25000.0,1,3.52,82.0,2,36.1,1,0,5.4,0.41,0.0,1,0,0,0,1,0,0,0,1,0,0
20.2,1,111947.0,1,4.16,75.1,4,5.8,0,1,6.7,1.49,1.74,1,0,0,1,1,0,0,0,0,0,0
20.5,1,57756.0,1,2.46,90.6,1,26.4,1,0,6.0,2.65,2.12,0,1,0,0,0,0,1,0,1,0,0
17.0,0,45440.0,1,1.77,80.9,1,34.5,0,1,3.7,4.0,4.0,0,0,1,0,0,0,0,1,0,1,0
20.0,1,43931.0,1,4.45,87.4,1,28.7,0,0,5.8,3.14,3.06,0,0,1,0,1,0,0,0,1,0,0
18.7,0,53656.0,0,4.85,82.6,3,5.0,1,0,4.3,2.54,2.37,1,0,0,1,1,0,0,0,0,1,0
19.7,0,25000.0,1,5.28,98.6,1,30.8,0,1,5.6,4.0,3.79,0,0,0,1,0,0,0,0,1,0,0
20.7,0,33415.0,1,5.57,80.3,0,39.1,0,1,3.2,3.5,3.79,0,0,0,1,0,1,0,0,0,0,0
23.1,0,37418.0,1,5.71,65.9,0,29.0,1,1,3.9,3.71,3.9,0,1,0,0,0,0,0,1,1,0,0
21.5,1,25000.0,1,4.89,80.2,2,30.7,1,0,9.3,2.79,2.68,1,0,0,1,0,0,0,1,0,1,0
21.7,0,39296.0,1,3.26,84.1,1,42.2,0,0,4.7,2.82,2.56,0,0,1,0,0,0,0,1,0,0,0
18.6,0,62256.0,1,4.37,85.7,2,11.0,0,0,7.5,1.63,1.66,0,0,1,0,0,0,0,0,0,1,0
19.1,1,25000.0,1,3.58,88.5,0,38.8,0,0,5.3,0.0,0.03,0,0,0,1,0,0,1,0,0,1,0
25.0,1,28777.0,0,3.7,77.4,2,34.1,1,0,3.3,4.0,3.63,0,0,1,0,1,0,0,0,0,1,0
19.4,1,25000.0,1,4.51,94.5,1,10.5,0,0,3.6,2.24,2.21,0,0,0,0,1,0,0,0,0,1,0
24.6,1,25000.0,1,5.65,89.7,0,38.4,0,0,4.1,4.0,3.99,0,0,0,1,0,0,0,0,0,1,0
20.5,1,29740.5,1,4.0,83.0,1,51.7,0,0,5.5,3.48,3.73,0,0,1,0,0,0,0,0,1,0,0
21.0,0,29277.0,1,3.99,76.4,2,34.0,0,1,5.1,1.35,1.59,1,0,0,1,0,1,0,0,0,0,0
23.4,0,30594.0,1,4.13,97.4,1,36.7,1,1,5.8,4.0,3.99,0,0,0,1,0,1,0,0,1,0,0
23.8,0,25000.0,1,4.47,87.8,1,17.2,0,1,6.7,1.73,1.65,0,0,0,1,1,0,0,0,1,0,0
20.8,0,26601.0,1,5.53,78.1,2,22.6,1,1,6.4,2.14,1.95,1,0,1,0,0,1,0,0,1,0,0
20.1,0,57409.0,1,6.41,93.2,0,17.8,0,0,7.1,1.68,1.78,0,0,0,0,1,0,0,0,0,0,0
20.9,0,29747.0,1,4.17,83.8,2,34.7,0,1,4.6,3.08,2.92,0,0,1,0,1,0,0,0,0,1,0
21.7,0,30258.0,1,3.74,94.1,0,23.8,0,0,3.4,1.23,1.33,0,0,0,1,0,0,0,0,0,0,1
23.0,1,33675.0,1,4.21,75.3,0,23.0,0,1,3.8,2.36,2.22,0,1,0,0,0,0,0,0,0,0,0
21.0,0,25000.0,0,5.34,80.4,4,38.4,0,0,2.7,3.12,2.99,0,1,0,0,1,0,0,0,0,0,0
22.4,0,29740.5,1,4.0,93.1,3,50.0,0,0,5.5,3.31,4.0,0,0,0,0,0,1,0,0,1,0,0
24.6,1,25000.0,1,3.34,76.6,3,28.9,0,0,1.0,0.74,0.79,1,0,0,1,0,0,0,1,0,0,0
21.8,0,25000.0,0,4.02,80.0,0,11.1,1,1,6.8,2.07,1.79,1,0,0,1,1,0,0,0,1,0,0
21.7,0,25000.0,0,4.02,60.1,1,30.5,1,1,6.5,0.81,1.24,1,0,0,0,0,0,0,1,0,1,0
17.7,0,26765.0,1,3.16,85.3,0,32.3,0,0,3.7,0.94,0.57,0,1,0,0,0,0,1,0,1,0,0
17.0,1,25000.0,1,3.14,91.2,1,40.0,0,1,3.0,4.0,4.0,0,0,0,1,0,1,0,0,0,0,0
21.9,0,29711.0,1,2.43,74.6,2,26.1,0,0,8.3,1.67,1.98,0,0,0,1,0,0,0,1,0,1,0
20.8,1,25000.0,1,3.81,85.6,0,40.6,1,0,7.2,2.15,2.62,0,0,0,0,0,0,0,0,0,0,0
19.9,1,54355.0,1,5.47,77.7,1,38.7,0,1,5.0,1.97,2.23,0,0,0,1,0,0,0,0,0,0,0
21.5,1,49041.0,1,5.32,69.9,2,26.4,1,0,4.3,1.13,1.08,1,0,1,0,1,0,0,0,0,1,0
20.9,0,26788.0,1,3.97,79.4,2,39.8,0,1,5.6,2.29,2.44,1,0,1,0,0,0,0,0,0,1,0
23.5,0,25000.0,1,6.32,77.4,3,41.2,1,1,2.9,4.0,3.9,0,0,1,0,1,0,0,0,0,1,0
21.2,1,25000.0,1,3.93,83.0,3,16.9,0,1,6.0,1.05,1.23,1,1,0,0,0,0,0,0,0,0,0
19.4,0,25000.0,1,3.56,79.6,2,41.5,0,0,3.3,2.75,2.46,0,1,0,0,0,1,0,0,0,0,0
23.2,1,25000.0,1,1.43,92.7,2,28.6,0,0,1.2,3.96,3.56,0,0,1,0,1,0,0,0,1,0,0
20.5,1,25000.0,1,4.26,77.5,1,27.0,1,0,4.0,3.76,3.43,0,1,0,0,1,0,0,0,0,0,0
22.2,0,49815.0,1,2.84,81.0,2,28.7,0,0,3.7,3.68,3.87,0,1,0,0,0,1,0,0,1,0,0
19.9,1,35635.0,1,5.89,83.9,2,44.9,1,1,8.8,2.0,2.14,1,0,0,0,0,1,0,0,1,0,0
19.6,0,79266.0,1,2.38,81.6,1,44.9,0,1,8.5,1.43,1.6,1,1,0,0,0,0,0,0,1,0,0
21.2,1,25000.0,1,5.67,77.7,0,35.7,0,0,3.5,4.0,3.97,0,0,0,1,1,0,0,0,0,0,0
21.0,1,25000.0,1,4.27,82.4,3,33.2,0,0,5.3,2.25,1.86,0,0,1,0,0,1,0,0,0,0,1
22.1,0,25000.0,1,2.51,86.2,1,28.7,0,1,4.3,2.6,3.08,0,1,0,0,0,1,0,0,0,0,0
20.4,0,25000.0,1,1.84,89.2,1,62.4,1,0,8.8,2.7,2.67,1,0,0,1,1,0,0,0,0,1,0
17.0,1,25000.0,1,4.48,65.1,1,21.8,0,0,2.2,1.06,1.09,1,0,0,1,0,0,0,1,1,0,0
20.0,0,34982.0,1,2.8,86.1,3,24.6,1,0,6.3,1.93,1.37,0,0,0,1,1,0,0,0,0,0,0
22.7,0,30256.0,1,1.44,76.6,2,33.6,0,0,7.8,0.89,1.03,1,0,0,1,0,0,1,0,0,1,0
20.3,0,25000.0,1,6.57,91.3,2,19.1,1,0,4.5,3.84,3.97,0,0,0,1,1,0,0,0,0,1,0
20.5,1,62987.0,1,5.13,89.5,4,42.6,1,1,5.5,3.19,2.92,0,0,1,0,0,1,0,0,1,0,0
23.2,0,92777.0,1,2.51,89.4,0,12.3,0,1,7.4,2.53,2.5,1,0,0,1,0,0,1,0,1,0,0
19.4,0,59871.0,1,1.64,77.3,4,21.4,1,1,3.5,1.97,1.79,0,1,0,0,1,0,0,0,0,0,0
17.6,1,41559.0,1,5.54,70.9,0,25.2,1,1,6.6,2.39,2.3,0,0,1,0,0,0,0,1,0,0,0
20.6,0,46960.0,1,2.24,92.2,0,17.9,1,0,2.7,1.8,1.54,0,1,0,0,1,0,0,0,0,0,0
19.9,0,90567.0,1,4.13,91.4,1,42.5,0,0,2.6,3.28,3.81,0,1,0,0,1,0,0,0,1,0,0
18.9,0,46920.0,1,4.57,66.0,0,14.2,1,0,7.0,1.11,1.05,1,1,0,0,1,0,0,0,1,0,0
20.6,0,25000.0,1,3.33,93.0,2,18.4,0,1,3.8,3.7,4.0,0,1,0,0,0,1,0,0,1,0,0
22.1,0,37623.0,0,2.73,84.8,2,21.9,0,0,5.8,1.19,1.23,1,0,1,0,0,0,1,0,1,0,0
21.0,0,43293.0,1,1.53,83.1,0,40.1,0,1,3.4,2.91,2.63,0,0,1,0,0,1,0,0,1,0,0
21.7,0,25000.0,1,4.6,75.4,0,47.4,1,1,6.0,2.87,2.19,0,0,1,0,1,0,0,0,0,1,0
25.0,0,25060.0,1,7.09,90.1,2,36.3,0,0,2.5,4.0,4.0,0,0,0,0,1,0,0,0,0,0,0
20.2,0,57540.0,1,2.51,78.3,3,14.2,0,0,7.8,2.87,3.53,0,0,0,0,0,1,0,0,0,1,0
21.6,1,25000.0,0,2.7,78.3,1,22.6,0,0,7.0,2.39,2.48,1,0,0,1,0,1,0,0,0,0,0
19.9,1,25000.0,1,5.01,64.9,2,48.9,0,0,4.4,1.66,1.38,1,1,0,0,0,0,1,0,0,0,0
19.1,0,26746.0,1,0.83,76.0,0,30.3,1,0,2.1,1.07,1.5,0,1,0,0,0,1,0,0,0,1,0
19.7,1,36762.0,1,2.97,74.1,0,12.7,0,0,5.1,1.23,1.22,0,0,0,1,0,1,0,0,0,0,0
19.9,0,25000.0,0,4.27,65.4,2,56.3,1,1,4.9,1.35,1.68,0,1,0,0,0,1,0,0,0,1,0
21.8,0,27555.0,1,2.92,94.5,1,23.2,1,0,4.5,2.35,2.55,0,0,0,0,0,0,0,0,1,0,0
26.2,0,59413.0,1,4.67,81.0,1,29.1,1,0,7.4,3.09,2.84,0,1,0,0,0,1,0,0,0,0,0
19.4,0,30983.0,1,4.54,70.6,0,21.8,0,0,7.7,1.87,2.18,0,0,0,1,0,0,0,0,1,0,0
20.1,0,52232.0,1,4.15,74.3,2,18.5,0,1,6.3,0.54,1.16,0,0,1,0,0,0,0,0,0,0,0
20.9,1,25000.0,1,3.01,77.4,0,45.6,0,0,8.2,2.33,1.88,1,0,1,0,0,1,0,0,0,1,0
21.9,0,29740.5,1,4.0,77.2,3,32.4,0,0,5.5,3.27,3.36,0,0,0,1,0,0,0,0,0,0,0
21.6,1,49480.0,1,4.1,88.4,1,33.8,0,0,5.0,3.05,2.95,0,0,0,1,0,1,0,0,1,0,0
23.8,1,37107.0,1,4.27,79.8,2,14.6,1,0,4.9,2.08,1.81,1,0,0,0,1,0,0,0,1,0,0
17.0,1,25000.0,1,5.86,82.8,5,26.4,0,0,7.0,1.1,0.92,0,0,1,0,1,0,0,0,1,0,0
17.0,1,29740.5,1,4.0,79.9,2,22.5,0,0,5.5,1.42,1.7,0,1,0,0,0,0,1,0,1,0,0
19.9,1,76020.0,1,3.51,91.3,0,20.1,0,1,6.5,2.76,2.79,0,0,0,1,0,1,0,0,1,0,0
23.4,1,25000.0,1,4.73,93.0,3,35.6,1,0,4.6,1.69,1.36,0,0,1,0,0,1,0,0,0,0,0
17.6,0,52083.0,0,4.82,80.9,0,25.9,1,0,4.3,3.05,3.49,0,0,0,0,0,0,0,1,0,0,0
17.0,0,25000.0,1,3.15,74.4,4,38.3,0,1,6.9,3.99,4.0,0,1,0,0,0,0,0,1,0,0,0
22.3,1,29676.0,1,4.76,81.1,1,38.6,0,0,5.5,1.02,1.36,0,0,0,0,0,1,0,0,0,1,0
21.5,1,35481.0,1,3.69,57.1,0,24.8,0,0,6.1,1.0,1.21,1,0,1,0,0,1,0,0,0,0,1
18.6,0,25000.0,1,4.38,84.5,3,35.4,1,0,3.3,3.47,2.98,1,0,0,1,1,0,0,0,1,0,0
18.8,0,29740.5,1,4.0,71.1,2,24.5,0,0,5.5,2.5,2.45,0,1,0,0,0,0,1,0,0,0,0
18.9,0,31313.0,1,5.33,80.2,0,20.5,1,0,3.6,3.63,3.41,0,1,0,0,0,0,0,1,0,0,0
21.2,1,25000.0,1,2.87,85.8,2,17.3,0,1,8.6,2.07,2.0,0,1,0,0,1,0,0,0,0,0,1
19.6,0,54065.0,1,2.55,77.4,3,31.0,0,0,5.0,3.14,3.29,0,1,0,0,0,0,0,0,0,1,0
22.1,0,25000.0,1,6.31,78.5,2,21.1,0,0,4.8,2.25,2.25,1,0,1,0,0,0,1,0,0,0,0
17.0,0,41737.0,0,6.32,84.1,2,46.5,0,0,7.1,2.62,2.91,1,1,0,0,1,0,0,0,0,0,0
19.1,1,25000.0,1,4.95,77.5,1,49.5,0,1,5.4,1.93,1.67,1,0,1,0,1,0,0,0,0,0,0
18.5,1,25000.0,1,3.61,89.4,2,35.7,0,0,6.8,3.56,3.74,0,0,0,0,0,0,0,0,1,0,0
20.4,1,25000.0,1,3.62,88.2,0,32.9,1,1,5.0,3.05,3.4,0,1,0,0,0,1,0,0,0,0,0
19.8,1,93103.0,1,2.73,86.5,3,30.2,0,0,6.8,2.69,3.09,0,0,0,0,0,0,0,0,0,1,0
22.8,1,25000.0,1,4.28,77.0,1,58.5,1,0,5.4,1.85,2.16,1,0,1,0,0,0,1,0,0,0,0
17.0,0,27633.0,1,3.84,86.6,1,53.5,0,0,7.1,2.16,2.46,0,0,0,0,0,0,0,1,1,0,0
21.1,0,25000.0,1,3.88,76.1,3,27.5,0,1,7.6,0.86,1.43,1,1,0,0,0,0,0,0,1,0,0
22.2,0,77633.0,1,2.5,81.3,1,27.6,1,1,2.6,2.6,2.21,0,1,0,0,0,0,0,1,0,0,0
25.1,0,29740.5,1,4.0,45.9,1,33.9,0,1,5.5,1.78,1.47,0,1,0,0,0,0,0,0,1,0,0
19.9,1,29740.5,0,4.0,91.3,1,15.8,0,0,5.5,2.42,2.38,0,0,0,0,1,0,0,0,0,0,0
21.7,0,72012.0,1,4.59,95.8,1,8.4,0,0,6.6,3.95,3.78,0,0,1,0,0,0,1,0,1,0,0
17.0,0,32482.0,1,1.68,83.8,0,13.9,1,0,9.9,0.0,0.18,1,0,0,1,0,0,1,0,0,0,0
17.0,1,33919.0,1,2.03,69.3,2,26.4,0,0,3.8,1.43,1.17,1,0,0,1,0,0,0,1,1,0,0
22.9,1,32178.0,1,2.57,80.3,5,18.7,1,1,6.0,2.6,2.79,1,0,1,0,1,0,0,0,0,1,0
21.0,0,41697.0,1,5.01,82.6,0,47.5,1,0,6.4,2.12,2.26,0,1,0,0,1,0,0,0,0,0,0
23.6,0,25000.0,1,3.36,82.1,2,12.4,1,1,4.6,2.95,2.91,0,0,0,1,0,1,0,0,0,0,0
18.0,1,26145.0,1,2.66,100.0,1,14.0,1,0,3.3,3.83,3.65,0,1,0,0,0,0,0,1,0,0,0
22.1,0,48349.0,1,4.85,80.0,3,8.0,0,0,9.4,1.78,1.78,1,0,0,1,0,1,0,0,0,0,0
25.1,0,35116.0,1,3.58,77.4,3,22.3,0,1,7.5,0.38,0.26,0,0,1,0,1,0,0,0,0,1,0
21.9,0,27763.0,1,4.48,83.3,1,25.2,0,1,6.5,2.67,2.85,0,0,0,1,0,0,1,0,0,1,0
21.6,1,25000.0,1,2.68,80.9,1,29.0,0,0,5.6,2.46,2.42,1,1,0,0,0,0,0,0,0,1,0
21.0,1,73045.0,1,3.96,76.0,0,29.6,0,1,5.8,1.97,2.04,0,1,0,0,1,0,0,0,0,0,0
17.5,0,25000.0,1,5.74,67.9,2,22.5,1,0,6.6,3.17,2.98,0,0,0,1,0,0,0,0,0,1,0
24.0,0,53763.0,1,5.61,87.9,4,17.4,0,0,8.1,1.8,1.84,0,0,1,0,0,0,0,0,0,0,0
19.7,1,33039.0,1,2.97,75.1,1,35.0,0,0,4.2,1.39,1.21,0,0,0,0,0,1,0,0,1,0,0
22.1,1,25000.0,1,3.64,73.9,2,19.2,1,1,5.7,0.12,0.27,1,1,0,0,1,0,0,0,1,0,0
17.6,1,63030.0,1,5.06,75.5,1,39.4,0,1,4.8,1.7,1.49,0,0,1,0,0,0,1,0,0,0,1
18.4,1,34639.0,1,4.12,70.3,2,12.2,0,0,3.6,1.14,1.53,0,1,0,0,0,0,0,0,0,0,0
24.2,0,66251.0,1,4.46,87.2,1,21.0,1,1,4.4,2.77,2.61,0,0,1,0,0,1,0,0,0,1,0
20.2,0,26650.0,1,5.8,86.2,5,54.5,1,0,5.9,3.7,3.45,0,0,1,0,0,0,0,0,0,1,0
24.2,1,45362.0,1,4.28,83.5,0,56.1,0,0,5.0,2.95,2.83,0,1,0,0,0,1,0,0,0,0,0
20.8,1,25000.0,1,3.23,87.7,2,13.7,0,0,5.5,2.76,2.8,0,0,0,1,0,1,0,0,0,0,0
17.0,0,25000.0,1,5.63,85.5,3,44.5,1,0,6.8,2.32,2.31,0,0,0,0,1,0,0,0,1,0,0
23.0,1,25000.0,1,2.93,86.7,1,49.4,0,0,7.6,2.13,2.54,0,0,0,1,0,0,0,1,1,0,0
19.7,0,25000.0,1,3.97,96.6,3,42.8,0,1,10.0,2.36,2.67,0,0,1,0,0,0,1,0,1,0,0
22.5,0,39462.0,1,3.25,89.9,2,29.2,1,0,6.9,2.57,2.56,0,0,1,0,1,0,0,0,1,0,0
21.1,0,25000.0,1,2.45,83.4,1,6.8,0,1,4.4,3.37,3.45,0,0,1,0,0,0,0,1,1,0,0
17.6,1,49926.0,1,3.87,74.5,0,31.0,0,1,7.5,0.34,0.0,0,1,0,0,0,0,0,1,1,0,0
21.4,1,25000.0,1,4.08,69.2,1,34.9,1,1,4.9,2.18,2.49,0,1,0,0,0,0,1,0,1,0,0
25.8,1,50571.0,1,3.67,67.9,0,32.9,0,0,4.2,2.97,2.99,0,0,1,0,1,0,0,0,0,0,0
22.1,1,65242.0,1,5.3,89.6,3,35.7,1,0,6.6,1.93,1.78,0,0,0,0,0,0,0,1,1,0,0
20.9,1,54618.0,1,3.01,77.5,2,20.3,1,0,8.0,0.42,0.81,1,0,0,0,0,0,0,1,0,0,0
23.4,0,25000.0,0,4.47,82.6,1,24.2,1,1,4.4,3.53,2.84,0,1,0,0,1,0,0,0,0,0,0
21.5,0,25000.0,1,2.42,74.4,2,5.0,0,0,6.1,2.1,1.84,1,1,0,0,0,0,1,0,0,0,0
21.5,0,42163.0,1,7.12,99.6,4,40.7,0,1,6.3,2.54,2.83,0,0,0,0,0,0,1,0,0,0,0
18.6,1,27580.0,1,3.15,67.6,2,19.2,0,0,3.8,0.26,0.32,1,0,0,0,0,0,0,1,1,0,0
21.5,0,25000.0,1,1.89,83.1,5,27.0,0,0,2.9,2.36,2.5,0,0,1,0,0,0,0,1,0,0,1
23.3,0,25000.0,1,3.7,79.1,1,33.0,1,1,3.0,2.88,3.17,0,0,0,1,0,0,1,0,0,0,0
19.2,1,70309.0,1,4.29,82.1,1,23.3,0,1,7.8,2.85,3.29,0,0,0,1,0,1,0,0,0,0,0
24.1,0,25000.0,1,5.15,79.4,2,17.1,1,1,4.7,3.38,3.6,1,0,1,0,0,0,0,1,0,0,0
20.8,1,39379.0,1,5.4,74.9,2,33.1,0,1,4.4,2.13,1.61,0,0,0,0,0,0,0,1,0,0,0
19.0,1,33887.0,1,4.81,73.1,1,8.6,0,0,6.1,1.37,1.2,0,0,1,0,0,0,1,0,0,0,0
23.2,1,25000.0,1,5.09,98.4,0,39.2,1,1,7.8,2.22,1.85,0,0,1,0,0,0,0,1,0,0,0
20.4,0,43771.0,1,5.43,79.6,2,37.9,0,1,3.4,1.49,1.41,0,0,0,1,0,0,0,1,1,0,0
22.7,0,79170.0,1,4.32,84.7,1,23.4,0,0,2.1,3.32,3.9,0,0,0,0,0,0,0,0,0,0,0
20.4,1,25000.0,1,3.01,69.2,0,24.1,1,0,8.2,0.39,0.06,0,0,1,0,0,0,0,0,1,0,0
20.9,1,25696.0,1,4.12,65.1,2,18.1,0,0,6.4,4.0,3.93,1,0,0,0,0,1,0,0,0,0,0
22.1,1,43185.0,0,3.07,76.6,0,25.4,0,0,3.6,3.43,3.41,0,1,0,0,1,0,0,0,1,0,0
21.6,1,51583.0,1,5.36,89.0,3,27.6,0,1,4.7,4.0,4.0,0,0,1,0,1,0,0,0,1,0,0
17.0,1,27539.0,1,5.56,82.2,3,26.2,1,0,3.7,1.48,0.94,0,0,0,0,0,0,1,0,1,0,0
18.5,1,25000.0,1,5.64,77.7,2,47.4,0,1,6.7,3.67,3.87,0,0,0,1,0,1,0,0,0,0,0
23.0,1,29740.5,1,4.0,85.4,3,9.0,0,0,5.5,0.58,0.58,1,0,0,0,0,0,1,0,1,0,0
20.7,0,25000.0,1,5.38,77.6,0,19.1,0,1,6.7,3.39,3.06,0,0,0,0,0,0,1,0,0,1,0
19.8,0,25000.0,1,3.25,93.0,0,38.8,0,1,5.8,2.73,2.8,0,1,0,0,0,0,1,0,0,0,0
18.0,0,44836.0,1,4.48,93.3,2,54.7,1,1,6.2,2.26,2.64,0,0,0,1,0,0,0,0,1,0,0
18.6,1,25685.0,1,5.08,77.4,1,19.6,1,0,4.2,3.14,3.09,0,0,0,1,0,0,0,1,0,0,0
17.0,1,25089.0,1,2.13,75.8,0,42.1,0,0,4.7,1.39,1.55,1,0,1,0,0,0,0,1,0,1,0
20.8,1,29571.0,1,5.12,81.4,3,16.2,1,0,5.5,1.47,1.43,1,0,0,1,0,0,1,0,1,0,0
19.7,1,25000.0,1,1.99,85.4,1,25.3,0,0,5.0,2.72,3.57,0,0,1,0,0,1,0,0,0,0,0
18.9,1,75505.0,1,3.74,79.8,1,30.1,1,0,5.5,2.05,2.14,0,0,0,0,0,0,1,0,1,0,0
20.9,0,64791.0,1,5.27,90.4,2,21.7,1,1,2.6,1.65,1.82,0,1,0,0,1,0,0,0,1,0,0
21.8,0,78501.0,0,5.73,84.1,3,25.0,1,1,7.1,2.8,3.2,0,1,0,0,0,0,1,0,1,0,0
25.6,1,44804.0,1,5.05,90.7,2,13.6,0,0,3.6,3.9,3.76,0,0,1,0,0,1,0,0,1,0,0
17.7,1,29211.0,1,3.27,73.0,4,38.1,0,0,1.7,1.36,1.29,0,0,0,1,0,0,0,1,1,0,0
23.6,0,78342.0,1,3.22,77.3,0,19.2,0,0,4.2,2.46,2.13,0,0,0,0,0,0,1,0,0,1,0
23.1,1,25000.0,1,3.81,86.3,2,22.0,1,0,5.1,0.87,0.74,1,0,1,0,0,0,0,0,0,0,1
19.3,0,25000.0,1,4.07,82.4,4,20.6,1,0,9.1,0.36,0.06,1,0,0,1,0,0,1,0,0,0,0
21.4,0,25000.0,1,5.14,80.5,3,21.3,0,0,4.6,1.08,1.1,0,0,0,0,1,0,0,0,0,0,0
20.0,0,40689.0,1,3.92,77.8,2,31.7,0,0,5.9,2.69,2.28,0,0,1,0,0,0,1,0,0,1,0
21.4,1,25000.0,1,3.4,82.7,2,30.8,1,1,6.1,2.44,2.85,0,0,0,1,1,0,0,0,0,0,0
24.3,1,27086.0,1,3.53,93.4,0,60.2,1,0,2.8,4.0,3.94,0,0,1,0,0,1,0,0,0,0,0
22.3,1,25000.0,1,5.48,65.9,1,27.1,1,0,5.3,2.33,2.06,1,0,1,0,1,0,0,0,1,0,0
22.1,0,39682.0,1,4.07,80.8,1,28.8,0,0,5.0,3.38,3.55,0,0,0,0,0,0,0,1,0,0,0
20.1,0,25000.0,1,5.98,81.1,2,46.0,0,1,5.7,2.47,2.78,0,0,1,0,0,0,0,0,0,0,0
17.7,0,25000.0,1,5.24,73.3,3,32.7,0,0,6.3,2.36,2.62,1,0,0,0,0,0,0,1,0,1,0
20.5,0,61716.0,0,3.32,80.8,1,28.8,1,0,7.0,1.46,1.52,1,0,1,0,0,0,0,0,0,1,0
23.7,0,60367.0,1,3.42,68.9,3,28.4,0,1,4.0,2.36,2.46,0,0,0,0,1,0,0,0,1,0,0
17.6,0,37219.0,1,3.86,77.3,0,32.3,1,0,6.4,1.73,2.46,1,0,1,0,0,0,0,1,1,0,0
18.7,0,35080.0,1,3.82,79.9,5,41.7,1,1,4.2,0.7,0.19,1,0,1,0,0,0,0,1,0,0,1
21.3,0,25000.0,1,5.5,82.0,2,46.1,0,0,3.9,2.91,2.88,0,0,1,0,0,0,0,1,0,1,0
18.8,0,25000.0,1,3.3,97.0,0,42.4,0,0,8.7,1.46,1.78,0,1,0,0,0,0,1,0,0,0,0
19.3,1,25000.0,0,4.15,75.5,3,35.6,1,1,2.2,2.55,2.53,0,0,0,0,1,0,0,0,0,0,0
20.1,0,25000.0,1,4.44,71.4,2,32.5,0,0,4.6,2.15,2.01,0,0,0,1,0,0,1,0,1,0,0
18.0,1,34595.0,1,4.92,89.9,1,54.5,0,0,5.9,4.0,3.88,0,1,0,0,0,0,0,1,0,1,0
18.9,1,30617.0,1,4.61,50.0,1,24.3,1,0,4.4,2.0,2.37,0,1,0,0,0,0,0,1,1,0,0
22.5,0,25000.0,1,4.51,77.0,2,38.4,0,0,5.8,1.47,1.77,0,0,0,0,0,0,0,1,0,0,0
18.1,0,76207.0,0,3.38,79.4,1,44.1,0,0,3.1,3.74,3.61,0,0,0,1,0,0,1,0,0,1,0
17.5,0,42794.0,1,3.51,74.5,2,42.5,0,1,2.2,0.1,0.33,1,1,0,0,0,0,0,0,0,0,0
19.6,1,45031.0,1,4.32,81.2,2,20.9,0,1,3.9,3.2,2.6,0,0,0,0,0,0,0,0,0,1,0
22.6,0,25000.0,1,3.75,76.8,0,63.8,0,0,5.8,1.86,2.35,1,0,1,0,0,1,0,0,1,0,0
20.6,1,29709.0,1,2.79,68.1,4,50.0,1,0,5.2,1.73,1.81,1,0,0,1,0,0,0,1,1,0,0
20.0,0,43322.0,1,3.43,86.9,0,42.7,0,1,6.6,2.59,2.96,0,1,0,0,0,1,0,0,1,0,0
21.1,1,32587.0,1,4.22,87.3,3,17.9,0,0,2.9,2.89,2.99,0,0,1,0,0,1,0,0,1,0,0
17.2,0,77741.0,1,5.54,74.1,4,41.8,0,1,4.5,3.15,2.97,1,0,0,1,0,1,0,0,0,0,1
22.1,0,26311.0,1,2.78,77.7,1,5.0,1,1,5.4,1.47,1.55,0,1,0,0,0,1,0,0,0,0,0
21.8,1,25000.0,0,2.57,96.8,2,27.2,0,0,3.8,2.84,2.83,0,0,1,0,0,1,0,0,1,0,0
20.1,0,43502.0,1,4.99,85.6,0,31.3,0,0,5.7,2.48,2.25,0,0,1,0,0,1,0,0,0,0,1
23.2,0,25000.0,1,3.47,82.0,3,24.6,0,0,5.0,1.7,1.59,0,0,1,0,0,0,0,1,0,0,0
18.5,1,51771.0,1,2.9,94.9,2,49.0,0,1,6.4,2.58,2.0,0,0,0,1,1,0,0,0,1,0,0
23.5,1,25000.0,1,3.98,69.0,4,31.2,0,0,6.0,1.24,1.11,1,0,1,0,1,0,0,0,0,0,0
21.3,1,43615.0,1,2.83,65.7,0,18.5,1,1,2.2,2.53,2.94,0,1,0,0,0,0,1,0,0,0,1
20.3,1,25000.0,1,6.87,83.3,1,39.0,0,1,8.2,2.07,1.89,0,0,0,0,0,1,0,0,0,0,0
21.0,0,39575.0,1,2.99,88.7,1,34.8,1,1,1.6,4.0,3.8,0,1,0,0,0,0,0,0,0,0,0
20.8,0,29740.5,1,4.0,68.3,0,9.0,0,0,5.5,3.12,3.21,0,0,0,1,0,0,0,1,0,1,0
23.7,1,32600.0,1,4.67,71.6,1,46.1,0,0,5.4,2.81,2.35,0,0,0,1,0,1,0,0,0,0,0
18.6,1,25000.0,1,5.23,88.3,2,31.2,0,1,6.0,3.8,3.89,0,0,0,0,0,0,0,1,0,1,0
19.3,0,25000.0,1,2.6,72.8,1,41.8,0,1,5.0,2.28,2.06,0,0,1,0,1,0,0,0,1,0,0
23.3,1,25000.0,1,4.59,80.0,1,34.9,1,0,4.5,2.4,2.66,0,0,0,1,1,0,0,0,0,0,0
19.7,1,25000.0,1,1.87,83.7,1,26.0,0,0,5.4,0.84,1.01,1,0,0,0,1,0,0,0,1,0,0
23.0,1,58483.0,1,4.4,89.6,2,35.1,0,1,6.4,4.0,3.75,0,0,1,0,0,0,0,1,0,0,0
24.7,0,31763.0,1,3.92,79.5,2,28.8,0,0,3.4,2.57,2.08,0,0,0,0,0,0,1,0,0,0,0
20.1,0,25000.0,1,4.98,85.9,0,33.5,1,0,3.5,3.47,3.91,0,0,1,0,0,0,0,0,0,0,0
22.5,0,71211.0,1,4.34,72.1,0,37.2,0,0,3.9,2.58,3.14,0,1,0,0,0,0,1,0,0,0,0
18.5,1,25000.0,0,3.86,86.7,1,31.8,0,0,7.9,1.27,1.29,0,0,0,1,0,0,0,0,1,0,0
22.7,0,34556.0,0,3.95,74.7,1,35.6,1,1,6.2,3.78,3.99,0,1,0,0,1,0,0,0,0,1,0
21.4,0,25000.0,0,2.11,71.0,0,25.5,0,0,6.5,2.46,2.81,1,1,0,0,0,0,0,1,0,1,0
22.0,0,25000.0,1,2.94,98.5,1,23.1,0,1,8.4,2.15,1.79,0,0,0,1,0,0,0,1,0,0,0
19.6,1,25000.0,1,5.98,96.6,1,39.3,1,0,6.9,2.83,2.92,0,0,1,0,0,0,1,0,1,0,0
17.3,0,25000.0,0,4.27,83.2,0,47.4,0,1,5.8,3.1,2.68,1,0,0,1,0,0,0,0,1,0,0
22.1,0,29740.5,1,4.0,94.4,1,23.8,1,1,5.5,4.0,4.0,1,1,0,0,1,0,0,0,0,0,0
17.0,1,36604.0,0,3.2,79.4,4,33.8,0,1,3.8,1.37,1.12,1,0,1,0,0,0,0,1,0,0,0
20.3,1,32342.0,1,5.13,80.9,0,13.1,0,0,5.0,2.89,2.91,0,0,0,1,1,0,0,0,0,0,0
23.1,0,25000.0,0,3.64,80.6,3,51.7,0,0,7.6,2.56,1.97,0,1,0,0,0,0,1,0,0,0,0
21.4,0,63707.0,1,2.13,74.7,1,43.8,1,1,1.6,1.98,1.71,0,0,1,0,1,0,0,0,0,1,0
25.3,0,34003.0,1,3.89,63.2,1,23.0,1,1,4.1,3.18,3.21,0,0,0,0,1,0,0,0,0,0,0
23.3,0,27677.0,1,5.68,79.5,3,25.8,0,1,6.9,2.15,2.22,0,0,0,0,1,0,0,0,1,0,0
19.6,0,58657.0,1,1.31,92.4,1,44.5,0,1,5.7,2.84,3.15,0,0,0,0,0,0,0,0,1,0,0
21.1,1,62849.0,1,4.96,84.2,2,32.1,0,0,6.4,3.93,3.88,0,1,0,0,1,0,0,0,0,0,0
20.9,1,59442.0,0,4.2,88.5,3,37.6,1,0,2.1,2.84,3.3,0,0,0,1,0,0,0,1,1,0,0
17.5,0,25636.0,1,7.37,85.1,2,18.2,0,0,4.0,3.68,3.55,0,0,0,1,0,0,0,1,1,0,0
18.9,1,25000.0,1,6.98,75.2,2,36.9,1,0,6.7,1.52,1.96,1,0,0,0,0,1,0,0,0,0,0
19.8,1,53817.0,1,1.71,84.0,4,28.2,0,0,3.9,1.79,1.49,0,0,0,0,0,0,0,0,0,0,0
17.0,0,25000.0,1,5.8,79.3,5,33.6,1,0,7.0,2.51,2.36,0,1,0,0,0,0,1,0,0,1,0
21.1,0,95641.0,1,3.49,73.5,0,25.2,0,0,6.0,2.44,2.1,0,0,0,1,0,0,0,1,0,0,0
20.5,1,30236.0,1,3.75,89.4,6,27.5,1,0,3.4,2.77,2.29,0,1,0,0,0,0,0,0,0,1,0
17.3,1,25000.0,1,3.25,71.6,2,31.2,0,0,6.1,1.93,2.34,1,0,1,0,0,1,0,0,0,0,0
21.9,1,25000.0,1,3.09,76.7,0,23.0,1,0,6.8,2.83,3.04,0,0,1,0,0,0,0,0,0,1,0
22.6,1,25000.0,1,5.71,99.7,2,57.2,0,0,6.2,4.0,4.0,0,0,0,1,0,1,0,0,0,0,0
21.5,0,32345.0,1,0.94,87.6,4,17.3,0,1,6.5,1.19,1.46,0,0,0,1,0,0,1,0,0,0,1
20.3,1,29619.0,1,3.14,84.0,1,36.0,1,1,2.4,3.19,3.1,0,0,1,0,0,0,1,0,1,0,0
22.3,0,25000.0,1,4.88,64.6,3,33.6,1,0,9.6,1.48,1.1,1,0,0,0,0,0,0,1,0,0,0
22.5,0,25000.0,1,1.35,81.1,0,39.1,1,0,10.0,0.5,0.27,1,0,0,1,0,0,1,0,0,0,0
21.7,0,25000.0,1,3.7,72.7,2,5.0,1,0,8.1,1.13,1.79,1,0,1,0,0,0,1,0,0,0,0
19.2,1,42344.0,1,2.43,81.4,1,9.8,1,0,5.7,2.11,2.66,0,0,1,0,0,0,0,1,0,0,0
21.6,0,28774.0,1,4.3,80.5,1,23.4,0,0,4.8,3.73,3.59,0,0,0,1,0,0,1,0,1,0,0
23.6,1,25000.0,1,4.06,75.1,0,41.0,0,1,4.8,1.46,1.11,1,0,0,0,0,0,0,0,1,0,0
19.7,1,25000.0,0,5.21,91.4,1,26.8,0,0,6.9,3.54,3.68,0,1,0,0,0,0,0,1,0,0,0
25.6,0,25000.0,1,0.99,89.6,2,26.3,1,0,7.4,1.95,1.87,0,0,1,0,0,0,1,0,1,0,0
19.8,1,25000.0,1,4.56,73.0,1,30.2,1,0,4.3,4.0,3.62,0,0,0,0,0,0,1,0,1,0,0
21.1,0,29740.5,1,4.0,94.6,2,19.9,0,0,5.5,1.16,0.95,0,0,0,0,0,0,0,1,0,1,0
19.5,1,32867.0,0,5.89,72.8,1,35.6,0,0,7.8,1.61,1.63,0,0,0,1,0,0,1,0,0,0,0
21.5,1,47822.0,1,3.42,95.3,2,32.3,1,1,5.3,0.88,0.55,1,0,1,0,1,0,0,0,1,0,0
17.2,0,25000.0,1,2.94,80.3,2,36.0,1,1,5.7,1.99,2.68,1,0,0,1,0,0,0,0,1,0,0
19.8,0,25000.0,1,3.29,78.8,2,48.2,1,0,8.0,3.43,3.64,0,0,0,1,0,1,0,0,0,0,0
18.6,1,53888.0,0,4.74,93.9,0,27.2,1,1,7.7,3.18,2.8,0,0,1,0,0,1,0,0,1,0,0
21.3,0,25000.0,1,4.91,80.7,5,31.3,0,1,6.9,2.59,2.04,0,0,1,0,0,0,0,1,0,1,0
23.2,1,25000.0,1,3.97,90.8,0,18.2,1,0,3.6,2.85,3.03,0,0,1,0,0,0,1,0,0,0,0
22.4,0,28973.0,1,2.73,71.6,1,15.0,0,0,3.6,2.27,2.48,0,0,0,0,0,0,0,1,0,0,0
17.0,1,35645.0,1,2.46,82.2,1,29.9,0,0,4.2,2.84,3.59,0,0,0,1,0,1,0,0,1,0,0
25.5,0,25000.0,1,4.88,85.8,4,31.2,0,1,4.6,3.14,2.93,0,0,1,0,0,0,1,0,0,0,0
21.6,0,25000.0,1,4.68,91.6,1,38.3,1,0,5.9,2.07,1.75,0,0,0,1,1,0,0,0,0,0,0
19.3,0,25000.0,0,4.53,87.7,2,36.9,1,1,5.3,2.62,2.51,0,0,0,1,1,0,0,0,1,0,0
21.3,0,69559.0,1,6.06,82.4,1,33.1,0,1,5.2,0.99,0.95,1,1,0,0,0,0,0,1,1,0,0
21.4,1,29740.5,1,4.0,85.8,2,50.2,1,0,5.5,0.01,0.08,0,1,0,0,0,0,0,1,1,0,0
19.5,0,25000.0,0,6.57,76.2,2,26.3,0,1,3.9,3.55,3.37,0,0,0,0,0,0,0,0,0,1,0
21.4,1,25000.0,1,4.44,86.8,1,27.7,1,1,4.7,3.51,3.62,0,1,0,0,0,0,0,0,0,0,0
19.7,1,25578.0,1,3.34,85.8,1,33.4,0,0,9.9,1.09,0.47,0,0,1,0,0,1,0,0,0,0,0
20.1,1,34294.0,1,3.93,75.8,3,15.8,0,0,6.8,1.19,1.14,0,0,0,0,0,1,0,0,0,0,0
19.5,0,29740.5,0,4.0,83.0,0,38.3,0,0,5.5,1.09,0.7,1,1,0,0,0,0,0,0,0,0,0
17.8,1,32032.0,1,2.67,88.2,0,30.9,0,1,2.8,3.1,3.54,0,0,0,1,0,0,1,0,0,1,0
21.3,1,25000.0,1,3.85,100.0,2,31.1,0,1,3.7,4.0,3.61,0,1,0,0,0,0,0,1,0,1,0
22.3,0,25000.0,1,5.01,91.5,0,36.5,0,0,5.4,1.78,1.42,0,0,0,1,0,0,1,0,1,0,0
22.1,0,46182.0,1,3.08,83.8,1,34.5,1,0,7.9,1.85,1.84,0,0,1,0,0,0,0,0,0,0,0
22.8,1,25000.0,0,6.79,84.3,3,34.9,1,1,5.9,2.32,2.14,0,0,1,0,0,0,1,0,0,1,0
21.7,1,25000.0,1,3.94,80.8,1,25.3,1,1,5.9,1.12,0.95,1,0,0,0,1,0,0,0,0,0,0
19.8,0,42552.0,1,3.22,82.9,0,48.8,0,0,7.5,3.94,3.7,0,0,0,1,0,1,0,0,0,0,0
22.8,0,50270.0,1,2.33,88.2,1,12.5,1,0,3.8,2.26,2.93,1,0,1,0,1,0,0,0,0,1,0
18.0,1,26483.0,1,3.32,88.0,0,21.8,1,1,8.0,1.03,0.81,0,1,0,0,0,0,0,0,0,0,0
19.0,0,25000.0,1,5.88,81.3,2,23.4,1,0,4.8,2.9,2.28,0,0,1,0,0,0,0,0,1,0,0
18.9,0,25000.0,1,6.24,73.2,5,21.4,0,1,7.6,1.73,1.64,1,0,0,1,0,0,0,1,1,0,0
23.4,0,29740.5,0,4.0,80.3,1,9.0,0,0,5.5,1.31,1.9,0,1,0,0,0,1,0,0,0,1,0
23.1,0,65596.0,1,4.07,75.3,2,49.7,0,0,3.9,3.72,3.56,0,0,1,0,1,0,0,0,0,0,1
22.1,0,138565.0,1,2.13,72.3,1,37.7,1,0,5.5,1.7,1.88,0,0,1,0,0,0,0,0,0,0,0
23.4,0,37491.0,1,0.66,86.9,4,22.4,0,0,6.9,0.89,0.71,1,0,0,1,1,0,0,0,1,0,0
19.1,1,28839.0,1,4.25,84.8,6,38.4,0,1,5.0,1.38,1.31,0,0,1,0,0,1,0,0,1,0,0
21.8,0,25000.0,1,3.48,74.6,0,28.1,0,0,5.0,2.6,2.88,0,1,0,0,0,0,0,1,0,0,0
20.7,0,25000.0,1,3.29,79.4,0,26.5,1,1,4.8,1.76,1.75,0,0,1,0,0,0,0,1,1,0,0
22.9,1,33063.0,1,4.52,84.5,2,18.5,1,0,2.2,3.09,2.95,1,0,1,0,0,0,0,1,0,0,1
20.7,0,121808.0,1,2.26,84.1,1,30.2,0,0,7.4,2.17,2.49,0,0,0,1,1,0,0,0,0,0,0
20.2,1,63735.0,1,5.9,85.5,1,22.4,0,1,3.7,3.31,3.02,0,0,1,0,1,0,0,0,0,1,0
22.2,1,58101.0,0,6.42,75.9,1,18.3,1,0,1.4,3.48,3.68,0,0,0,1,1,0,0,0,0,0,0
22.9,1,34453.0,1,4.9,84.9,1,41.5,0,0,7.4,2.64,2.91,0,1,0,0,0,1,0,0,0,1,0
19.5,0,36891.0,0,3.61,81.6,1,20.1,1,1,6.4,3.12,2.88,0,0,0,1,1,0,0,0,0,0,0
20.9,0,25000.0,1,3.21,88.2,1,46.9,0,0,3.1,2.65,3.18,0,1,0,0,0,0,1,0,0,0,0
18.7,1,46981.0,1,3.6,90.6,1,21.4,0,0,7.5,2.92,2.84,0,0,0,1,0,1,0,0,0,0,0
17.0,0,25000.0,0,4.42,100.0,2,12.0,1,0,6.7,1.45,1.38,0,0,0,1,0,1,0,0,0,1,0
21.4,1,25000.0,1,5.31,92.5,1,36.3,1,1,5.5,4.0,3.96,1,0,0,1,0,0,0,0,0,1,0
22.3,0,25000.0,1,4.59,83.0,1,24.6,0,0,4.9,2.96,2.66,0,1,0,0,0,1,0,0,1,0,0
21.6,0,25000.0,1,5.64,81.7,1,11.0,0,1,5.3,2.82,2.82,1,1,0,0,0,0,0,0,0,1,0
17.0,0,25000.0,1,4.72,74.5,3,33.1,1,1,5.9,2.87,3.24,0,0,0,1,1,0,0,0,0,1,0
20.2,0,29981.0,1,5.34,74.7,3,14.3,1,0,4.1,2.9,2.81,0,0,0,1,0,0,1,0,1,0,0
17.0,1,25000.0,1,3.96,84.2,2,6.1,0,1,7.5,2.09,2.0,0,0,0,1,0,1,0,0,1,0,0
24.0,0,31577.0,1,2.51,84.4,2,38.1,1,0,6.5,0.46,0.05,0,0,0,0,0,1,0,0,1,0,0
18.6,0,25000.0,0,5.67,100.0,1,47.9,1,1,5.3,2.36,2.23,0,1,0,0,0,0,0,0,0,0,0
23.8,1,26149.0,0,6.84,76.2,1,25.3,0,0,8.6,2.4,2.48,0,0,0,1,0,0,1,0,1,0,0
23.1,0,29740.5,1,4.0,75.3,0,44.5,1,0,5.5,1.99,1.72,0,1,0,0,1,0,0,0,0,0,1
19.0,0,25000.0,1,3.29,84.0,0,39.6,1,0,8.3,2.1,1.88,1,1,0,0,0,0,1,0,0,1,0
18.5,1,32404.0,1,4.62,78.0,0,38.0,0,0,6.0,1.62,2.04,1,1,0,0,0,0,0,0,0,0,1
21.8,0,25000.0,1,3.54,85.1,3,28.0,0,0,6.9,1.41,1.75,1,0,0,1,1,0,0,0,0,0,0
19.1,0,25000.0,1,4.04,78.2,2,22.8,1,0,4.8,0.77,1.2,0,0,1,0,0,1,0,0,1,0,0
21.2,0,41830.0,1,4.11,79.7,1,34.1,0,0,2.1,4.0,3.25,0,0,0,0,0,0,0,1,0,1,0
19.9,1,25000.0,1,3.02,85.4,4,37.8,0,1,6.4,0.99,0.78,1,0,1,0,0,0,1,0,0,1,0
17.1,1,86398.0,1,3.07,77.5,5,14.9,0,0,3.4,2.19,1.9,1,1,0,0,0,0,0,1,0,0,0
17.0,1,61245.0,1,3.91,79.1,1,26.1,0,0,4.4,1.93,1.98,1,0,1,0,0,0,0,0,0,0,0
21.5,0,25000.0,1,3.74,86.2,3,27.7,1,0,5.6,2.25,2.01,0,0,0,0,1,0,0,0,0,1,0
19.8,0,25000.0,1,4.74,82.4,3,26.6,1,0,4.3,2.0,2.13,0,0,0,0,0,0,0,0,0,0,0
19.8,0,33562.0,1,4.35,76.9,2,21.9,0,0,5.4,2.67,3.66,0,0,0,0,0,1,0,0,0,1,0
22.5,1,25000.0,1,4.79,78.1,2,14.0,0,0,5.9,1.43,1.35,0,0,0,0,0,0,0,1,1,0,0
23.6,1,25000.0,1,3.82,90.3,1,26.3,0,1,2.8,3.68,3.64,0,1,0,0,0,0,0,0,0,0,0
20.4,0,25000.0,1,2.95,84.5,0,26.7,1,0,6.0,1.61,1.49,0,0,0,0,0,1,0,0,0,1,0
20.3,0,27435.0,0,2.64,79.1,1,24.3,1,1,4.4,2.54,2.86,0,1,0,0,0,0,0,0,0,0,0
22.1,0,31466.0,1,5.29,88.9,2,37.8,0,0,3.6,4.0,3.8,0,0,0,1,0,0,0,0,0,1,0
18.0,0,25000.0,0,3.37,85.5,3,13.6,0,1,1.9,2.99,2.96,0,0,0,0,0,0,0,1,0,1,0
21.5,0,63855.0,1,3.18,92.8,3,33.4,1,1,2.7,4.0,3.91,0,0,0,0,0,0,0,1,0,0,0
22.2,0,29740.5,1,4.0,89.1,0,8.5,0,0,5.5,2.49,2.6,0,0,0,0,0,0,1,0,0,1,0
22.5,0,25000.0,1,3.49,91.3,2,29.2,0,0,5.6,2.45,3.11,0,0,0,1,0,0,0,1,1,0,0
17.0,1,39814.0,1,1.17,79.3,1,5.0,1,0,6.4,0.0,0.0,0,0,0,1,0,0,1,0,1,0,0
19.3,0,25000.0,1,4.29,74.9,0,19.3,1,0,8.6,3.48,3.41,0,0,0,0,0,1,0,0,0,0,1
19.1,0,25000.0,0,3.29,88.2,0,29.7,1,0,7.9,2.31,2.38,0,0,0,1,0,0,0,0,0,0,0
21.2,1,32017.0,1,3.06,88.3,2,12.9,0,1,7.3,0.76,0.37,0,0,0,1,0,0,1,0,0,0,0
22.1,1,25000.0,1,3.82,81.2,3,13.0,0,1,7.6,0.55,0.3,0,0,0,0,0,0,0,0,0,1,0
24.3,1,27451.0,1,1.34,73.7,3,41.8,0,0,5.8,2.17,1.8,0,0,0,0,0,0,0,1,0,0,0
19.9,0,25000.0,1,1.58,84.5,2,10.9,0,1,5.8,0.37,0.48,0,1,0,0,0,1,0,0,0,0,0
19.9,1,25000.0,1,3.4,85.1,2,28.6,1,0,8.3,1.67,0.97,0,0,1,0,1,0,0,0,1,0,0
23.5,1,25000.0,1,4.73,71.1,4,47.7,1,0,5.9,1.09,0.9,1,0,1,0,1,0,0,0,0,1,0
21.7,0,32330.0,1,3.66,85.0,0,31.7,0,0,5.9,2.3,2.01,0,0,1,0,0,1,0,0,1,0,0
23.8,1,25000.0,1,3.6,91.2,3,30.3,0,0,7.6,2.2,2.21,1,0,1,0,1,0,0,0,0,0,1
21.6,0,26878.0,1,4.0,71.5,4,21.4,1,0,5.0,2.08,3.05,1,0,0,1,0,0,1,0,0,0,0
18.5,1,25000.0,1,5.16,86.2,0,21.5,1,1,5.3,2.68,3.05,0,0,0,1,0,1,0,0,0,0,1
18.1,0,26268.0,1,4.05,92.5,3,28.0,0,0,3.0,2.48,2.35,0,0,0,1,0,0,0,1,1,0,0
17.6,1,27179.0,1,3.93,93.0,2,6.0,0,0,4.7,2.67,2.87,0,0,0,1,1,0,0,0,0,1,0
22.5,1,33396.0,1,3.28,67.0,3,42.2,1,1,4.9,1.14,1.59,1,0,1,0,0,1,0,0,0,0,0
23.6,1,25000.0,1,3.49,90.7,3,32.5,0,1,5.0,1.64,1.94,1,0,0,1,0,0,0,0,0,0,0
25.1,0,62669.0,1,4.23,79.5,2,9.0,0,0,7.0,1.12,1.29,1,0,1,0,0,1,0,0,1,0,0
22.9,0,25000.0,1,5.71,78.6,4,42.3,1,0,3.7,2.74,3.09,0,0,1,0,0,0,0,1,0,1,0
23.6,1,25953.0,1,4.31,100.0,1,38.2,0,1,8.2,2.74,2.66,0,1,0,0,1,0,0,0,0,0,1
19.7,0,49106.0,0,2.94,83.8,2,35.3,0,0,1.8,4.0,4.0,0,0,0,0,0,0,0,0,0,0,1
18.5,1,39579.0,0,3.61,78.9,4,56.8,1,0,6.6,2.36,2.33,0,0,0,1,0,0,0,1,0,0,0
22.9,0,25000.0,1,5.44,88.4,4,31.2,0,1,7.0,3.51,3.61,0,0,0,1,0,0,1,0,1,0,0
21.9,0,25000.0,1,4.1,95.5,3,48.4,0,0,6.7,2.24,2.34,0,1,0,0,0,1,0,0,0,0,0
21.2,0,25000.0,1,2.2,83.4,4,30.3,0,1,7.5,2.3,2.34,0,0,1,0,0,0,0,0,0,0,0
21.9,0,42597.0,1,4.56,77.7,2,35.4,1,1,5.1,1.89,1.36,1,0,0,0,0,0,0,0,0,0,0
21.7,0,25000.0,1,3.16,82.7,0,23.4,0,0,7.8,2.43,1.88,0,1,0,0,0,0,0,0,0,0,0
23.8,0,34651.0,1,2.51,90.7,2,7.4,0,0,4.3,3.76,3.94,0,1,0,0,0,0,1,0,0,0,0
23.8,0,34842.0,1,4.11,79.5,0,8.1,1,1,4.4,0.65,1.39,1,0,0,0,0,0,1,0,0,0,0
22.2,0,123135.0,1,2.91,90.7,3,29.0,1,0,9.2,1.13,1.3,0,0,1,0,0,0,0,1,0,0,0
22.9,0,35881.0,0,5.06,80.9,0,27.2,0,0,5.8,3.27,3.14,0,0,0,1,0,0,0,0,1,0,0
22.1,0,25000.0,1,4.12,67.2,1,15.8,0,0,7.2,0.0,0.33,1,0,1,0,0,0,1,0,1,0,0
20.0,0,25000.0,1,5.75,94.2,2,26.7,0,0,6.4,1.17,0.99,0,0,0,0,0,1,0,0,0,0,0
22.7,0,25197.0,0,4.45,84.7,3,35.4,1,0,6.8,4.0,3.88,0,0,1,0,0,0,0,1,0,0,1
17.9,0,27682.0,1,3.35,90.4,3,45.5,0,0,1.9,3.19,3.71,0,0,0,0,1,0,0,0,0,0,0
23.3,1,25000.0,0,3.34,84.4,2,21.7,1,0,6.2,2.86,3.06,0,0,1,0,1,0,0,0,0,1,0
18.4,1,25000.0,1,3.53,82.3,1,34.7,1,1,5.5,1.35,1.79,0,1,0,0,0,0,1,0,0,1,0
21.6,1,35540.0,0,4.64,87.9,0,50.9,0,0,7.3,3.05,2.63,0,1,0,0,0,0,0,1,0,1,0
19.1,1,25000.0,0,2.13,80.8,4,39.0,1,0,4.1,3.05,2.65,0,0,0,0,0,0,0,0,0,0,0
22.2,1,53166.0,1,4.36,96.5,5,20.8,0,0,7.6,3.82,4.0,0,1,0,0,0,0,0,0,0,0,0
20.9,0,25000.0,1,2.8,81.8,1,31.2,0,1,3.3,3.62,3.63,0,1,0,0,0,0,0,0,0,0,0
17.5,0,44629.0,1,6.91,96.5,5,32.2,0,0,4.7,4.0,4.0,0,0,1,0,1,0,0,0,0,0,0
21.9,0,51448.0,1,4.72,86.8,2,37.6,0,1,2.7,4.0,3.96,0,1,0,0,0,1,0,0,0,1,0
19.7,1,52781.0,1,4.85,63.0,5,30.5,0,1,3.6,2.53,2.44,0,1,0,0,0,0,0,0,1,0,0
22.9,0,25000.0,1,4.09,74.1,1,35.8,0,0,5.5,1.5,1.45,0,1,0,0,0,0,0,0,0,0,0
21.0,0,35909.0,1,1.93,88.8,3,42.2,1,0,8.0,0.62,0.68,0,1,0,0,0,0,0,1,0,0,0
21.9,0,25000.0,1,4.02,74.7,3,17.4,1,1,5.6,0.12,0.32,1,1,0,0,1,0,0,0,0,0,0
18.9,1,25000.0,1,4.51,71.1,2,14.2,1,1,3.2,1.63,1.79,0,0,0,1,1,0,0,0,0,0,0
19.7,0,25000.0,1,3.26,92.3,3,37.3,1,1,1.7,4.0,4.0,0,0,0,1,1,0,0,0,1,0,0
20.0,0,25000.0,0,3.9,69.3,2,28.2,1,0,6.7,1.73,1.35,0,0,0,0,0,0,0,0,0,0,0
22.9,0,51661.0,1,4.82,88.2,0,40.4,1,0,4.3,3.53,3.57,0,1,0,0,0,0,0,1,0,1,0
24.7,0,40451.0,1,4.14,79.1,5,43.1,1,0,4.6,3.98,3.96,0,0,1,0,0,1,0,0,0,0,1
19.2,0,25000.0,1,4.35,87.6,2,7.8,1,0,7.4,0.0,0.0,1,0,0,0,0,0,1,0,1,0,0
23.4,0,25000.0,0,4.68,84.1,1,20.0,0,0,5.3,0.91,1.16,0,0,1,0,0,1,0,0,1,0,0
17.0,0,25000.0,1,5.61,65.4,1,28.5,1,1,5.0,2.39,2.23,1,0,1,0,0,0,1,0,1,0,0
18.4,0,28469.0,1,2.92,79.5,2,17.7,0,1,5.8,1.11,1.61,1,0,0,1,0,0,1,0,0,1,0
18.9,0,54384.0,1,6.52,80.0,2,24.3,0,0,8.2,2.41,2.71,0,1,0,0,0,1,0,0,0,1,0
18.0,1,45002.0,1,6.52,85.3,0,14.7,1,0,6.0,3.58,3.53,0,0,0,1,1,0,0,0,0,0,0
17.5,1,30664.0,1,3.28,84.5,1,24.7,1,1,1.6,3.68,3.26,0,0,0,1,0,0,0,0,1,0,0
21.9,1,25428.0,1,4.87,80.0,4,18.4,0,0,4.0,1.9,2.19,0,0,0,0,0,0,0,1,0,0,0
20.5,1,25000.0,1,6.37,72.9,3,34.1,0,1,5.0,4.0,3.99,0,1,0,0,0,0,0,0,0,1,0
21.8,1,64550.0,1,5.87,85.8,1,40.8,1,0,7.1,0.25,0.29,0,0,1,0,0,1,0,0,0,1,0
22.5,1,25000.0,1,1.77,89.0,1,34.9,1,1,3.3,2.63,3.05,0,0,0,1,1,0,0,0,0,0,0
21.6,0,75577.0,1,3.8,84.6,1,61.2,1,0,5.8,2.94,3.57,0,0,1,0,0,1,0,0,0,0,0
22.4,1,33445.0,1,3.35,80.2,1,41.3,0,1,5.4,4.0,3.91,0,1,0,0,0,1,0,0,1,0,0
20.8,1,100225.0,1,5.11,79.0,1,40.8,0,0,7.3,3.06,3.36,0,0,0,1,1,0,0,0,0,0,0
18.4,0,42779.0,1,5.23,74.7,1,29.0,0,0,3.7,3.29,3.2,0,0,1,0,1,0,0,0,0,1,0
23.3,0,25000.0,1,2.46,84.0,3,26.3,0,0,5.8,2.2,2.0,1,0,1,0,0,0,0,1,0,1,0
19.7,0,25000.0,1,3.08,83.5,2,45.3,0,0,8.3,0.87,0.97,1,1,0,0,0,0,0,0,0,0,0
18.9,0,29740.5,1,4.0,88.7,0,27.0,1,1,5.5,3.5,3.97,0,0,0,1,0,0,1,0,1,0,0
20.6,1,25000.0,1,3.89,77.0,4,30.4,0,0,6.6,2.01,1.85,0,0,0,1,0,0,0,1,1,0,0
19.0,1,25000.0,1,3.63,83.0,3,27.9,1,1,4.9,3.71,3.7,0,0,0,0,0,1,0,0,0,0,0
20.1,1,29740.5,0,4.0,71.5,1,36.5,1,0,5.5,4.0,3.9,0,0,1,0,0,0,0,1,0,1,0
21.8,1,29835.0,1,6.35,79.3,2,40.7,1,0,5.3,4.0,3.85,0,0,0,0,1,0,0,0,0,0,0
21.8,1,34284.0,1,4.35,77.5,0,42.8,0,1,7.0,0.61,0.17,1,1,0,0,0,1,0,0,0,0,0
19.0,0,25000.0,1,3.61,90.5,0,26.4,0,1,6.4,2.26,2.14,0,1,0,0,0,0,0,1,0,0,0
19.9,1,95240.0,1,5.05,95.7,1,32.2,0,1,4.4,4.0,3.62,0,0,0,1,0,0,0,1,0,0,0
23.4,1,29740.5,1,4.0,57.6,3,34.0,1,1,5.5,2.42,2.84,1,0,0,1,1,0,0,0,0,0,0
22.1,1,25000.0,1,3.77,89.3,2,47.6,1,0,7.7,2.3,2.51,0,1,0,0,0,1,0,0,0,0,0
25.6,0,25000.0,1,4.23,87.4,6,8.6,1,0,3.9,3.38,3.31,0,0,1,0,0,0,0,1,1,0,0
23.6,1,30821.0,0,2.45,77.6,3,30.1,1,0,4.9,2.27,2.46,1,1,0,0,0,1,0,0,0,0,0
23.5,1,25431.0,1,3.6,76.0,2,22.3,0,0,5.2,3.46,3.44,0,0,1,0,1,0,0,0,0,1,0
17.9,1,47564.0,1,2.96,75.9,1,23.6,1,0,7.0,1.8,2.22,1,0,0,1,1,0,0,0,0,0,0
22.7,1,27282.0,0,5.05,79.0,0,19.8,0,0,4.0,3.32,3.54,0,1,0,0,0,0,0,0,1,0,0
20.9,1,25000.0,1,2.66,79.1,2,36.5,0,1,4.3,2.17,2.56,0,0,0,1,0,1,0,0,0,0,0
19.8,0,81018.0,1,2.78,80.8,1,5.0,1,1,7.1,2.18,1.94,1,0,1,0,1,0,0,0,0,1,0
21.4,1,38614.0,0,3.08,77.9,2,28.3,0,1,6.5,1.46,1.27,0,0,0,0,0,1,0,0,0,0,0
23.1,0,25528.0,1,2.98,88.4,2,8.1,1,0,2.0,3.28,3.26,0,0,1,0,0,1,0,0,0,0,0
22.1,0,32820.0,1,6.18,86.1,4,21.7,0,0,6.7,4.0,3.74,0,0,0,1,0,1,0,0,1,0,0
19.1,0,39515.0,1,5.41,80.6,0,27.4,0,0,2.8,2.29,1.67,0,0,1,0,0,1,0,0,1,0,0
22.6,1,25000.0,1,4.64,77.7,1,25.1,0,1,4.4,0.48,0.29,1,0,1,0,0,0,1,0,0,0,0
19.6,1,32683.0,1,3.47,77.5,0,38.2,1,1,4.8,3.65,3.41,0,0,0,1,1,0,0,0,1,0,0
21.5,1,25000.0,1,3.92,85.5,1,45.0,0,1,4.7,1.81,2.29,0,0,0,1,0,0,0,1,0,1,0
20.3,0,40311.0,1,6.05,82.4,3,53.5,0,1,4.3,2.85,2.9,1,1,0,0,0,0,0,1,1,0,0
20.5,0,25000.0,1,3.6,83.6,2,29.9,0,1,3.6,0.99,1.0,0,0,1,0,0,0,0,0,1,0,0
22.7,1,25000.0,0,2.6,88.9,2,43.9,0,1,6.4,2.88,3.23,0,0,0,0,1,0,0,0,0,0,0
18.7,0,80638.0,0,5.06,81.6,3,47.6,1,1,2.6,3.64,3.61,0,0,1,0,0,0,0,0,0,0,0
25.3,0,62227.0,1,3.69,93.0,0,24.3,0,1,4.5,2.38,2.6,0,1,0,0,1,0,0,0,0,0,0
17.0,0,25000.0,1,3.77,66.0,1,44.8,0,1,6.9,1.07,1.46,1,0,0,0,0,0,1,0,0,0,0
19.7,1,59519.0,1,3.71,71.5,1,5.0,0,0,6.2,1.75,1.36,0,0,0,1,0,0,0,0,0,0,0
21.8,0,28447.0,1,3.8,96.5,3,33.6,1,0,3.0,4.0,4.0,0,0,0,0,1,0,0,0,0,0,0
22.3,1,25000.0,1,4.65,78.8,1,49.3,1,0,2.0,3.65,3.24,0,0,1,0,0,1,0,0,0,1,0
20.8,0,25000.0,0,3.6,84.4,1,31.2,0,0,3.5,2.89,3.2,0,0,1,0,1,0,0,0,0,0,0
20.9,1,25000.0,1,4.4,92.0,1,27.7,1,0,1.6,4.0,4.0,0,0,1,0,1,0,0,0,0,0,0
21.9,1,25000.0,1,5.36,84.7,2,27.7,0,1,5.7,3.93,3.6,0,0,0,1,0,0,1,0,1,0,0
20.5,0,25000.0,1,5.92,89.3,2,47.6,1,1,4.7,4.0,3.99,0,0,0,1,0,0,0,0,1,0,0
24.1,0,25000.0,1,2.83,86.9,1,10.9,1,0,4.8,0.78,0.38,0,0,1,0,0,1,0,0,1,0,0
22.8,1,25000.0,1,5.33,89.9,2,25.3,1,1,6.4,4.0,3.58,1,1,0,0,0,0,1,0,0,1,0
22.9,1,36100.0,1,5.47,85.9,1,40.1,0,0,7.1,3.2,3.19,0,0,0,0,1,0,0,0,1,0,0
18.9,0,30640.0,1,5.64,87.8,2,33.8,1,0,5.9,1.25,1.33,0,0,1,0,0,0,1,0,0,0,0
20.8,0,41503.0,1,4.06,77.4,1,44.2,1,0,5.1,1.46,1.72,0,0,0,1,0,0,0,1,1,0,0
20.3,0,28572.0,1,3.69,86.2,1,38.2,1,0,4.2,3.08,2.89,0,0,1,0,0,0,0,1,0,0,0
18.8,0,25000.0,1,1.99,81.7,3,24.3,1,0,4.9,2.74,2.4,0,0,1,0,0,0,0,1,0,1,0
21.8,1,40001.0,0,4.13,81.3,2,37.0,0,0,5.9,2.58,2.01,1,0,0,1,0,0,0,1,0,0,0
19.8,0,25000.0,1,6.32,68.6,3,14.2,1,0,7.2,4.0,3.37,0,0,1,0,0,1,0,0,1,0,0
22.4,0,43825.0,1,4.41,78.6,3,5.8,1,0,3.0,2.71,3.04,0,0,0,0,0,0,0,1,0,1,0
18.6,0,25000.0,1,3.72,80.9,1,22.7,1,1,3.5,2.9,2.91,0,0,0,1,1,0,0,0,0,0,0
24.8,1,25000.0,1,4.75,94.4,1,31.0,0,1,5.5,2.07,2.37,0,0,0,1,1,0,0,0,1,0,0
19.0,0,25000.0,1,2.46,79.8,1,20.3,1,0,1.7,1.83,1.69,1,1,0,0,1,0,0,0,0,1,0
21.5,0,44562.0,1,3.65,84.3,2,32.1,0,1,6.0,2.15,2.18,0,0,0,1,0,1,0,0,0,1,0
22.7,0,33044.0,1,5.06,93.0,0,30.7,1,0,7.4,1.6,2.08,1,0,0,0,0,0,1,0,1,0,0
19.7,0,30092.0,1,4.73,72.1,3,7.7,1,1,9.7,0.35,0.81,1,0,0,1,0,0,1,0,0,1,0
22.9,0,92171.0,1,3.35,78.9,1,23.5,0,1,5.6,0.0,0.01,1,0,0,1,0,1,0,0,1,0,0
18.3,0,25000.0,1,6.32,89.0,2,41.3,0,0,7.0,2.09,2.32,1,0,0,1,1,0,0,0,1,0,0
24.2,1,25000.0,1,2.1,100.0,2,35.8,1,0,5.5,1.93,2.44,0,0,0,0,1,0,0,0,1,0,0
21.0,1,25000.0,1,4.41,66.1,1,21.6,0,0,8.4,0.0,0.0,1,0,0,0,0,0,0,0,0,1,0
19.7,0,25000.0,1,5.1,81.1,2,37.4,0,1,4.7,2.22,2.76,0,1,0,0,0,0,0,1,0,0,0
20.3,0,25000.0,1,5.61,87.0,2,51.1,0,0,6.1,2.54,2.38,0,0,0,0,0,0,0,1,0,1,0
22.8,1,44921.0,1,4.16,88.7,1,24.9,0,0,6.6,1.93,1.16,0,0,0,0,0,1,0,0,0,0,0
19.7,0,25000.0,1,5.0,100.0,1,38.9,0,0,6.2,3.51,3.28,0,1,0,0,1,0,0,0,0,1,0
19.4,1,25000.0,1,4.01,76.8,1,37.0,0,0,4.1,1.66,1.5,1,0,1,0,0,1,0,0,1,0,0
20.5,1,29740.5,1,4.0,80.1,3,24.3,0,0,5.5,2.86,2.27,0,1,0,0,0,0,0,0,0,0,0
18.4,1,25000.0,1,4.42,69.0,2,16.4,0,1,7.3,0.06,0.0,1,0,1,0,0,0,0,0,0,0,0
25.0,0,25000.0,1,5.51,83.0,5,49.8,0,1,6.0,1.98,2.01,1,1,0,0,0,0,0,0,0,0,0
19.8,1,43715.0,1,2.5,86.1,0,43.1,0,0,5.6,1.86,1.97,1,0,1,0,1,0,0,0,0,0,0
22.8,0,25000.0,1,3.85,98.7,3,26.7,1,1,7.1,3.86,3.75,0,0,0,0,0,0,1,0,0,0,0
21.5,0,25000.0,1,4.7,95.6,1,44.6,0,1,7.0,3.0,3.23,0,1,0,0,0,1,0,0,0,0,0
18.8,0,57073.0,1,4.69,94.1,4,36.7,0,0,6.1,4.0,3.83,0,0,0,0,0,0,1,0,0,0,0
21.0,1,25000.0,1,3.26,76.4,2,44.5,1,0,6.6,0.0,0.0,0,0,0,0,0,0,1,0,0,1,0
22.7,0,25000.0,1,1.58,85.4,3,8.5,0,0,4.6,2.84,3.07,1,0,0,1,0,0,0,0,0,0,0
20.6,1,64056.0,1,1.71,85.1,2,25.1,0,1,6.5,1.84,1.85,0,0,0,0,0,1,0,0,1,0,0
23.6,1,46209.0,1,2.77,85.7,2,48.9,1,1,2.7,3.77,3.24,0,1,0,0,0,0,0,1,1,0,0
23.2,0,50093.0,1,7.62,81.7,0,61.8,0,0,5.5,3.78,3.6,0,0,1,0,0,1,0,0,0,0,0
23.0,0,25000.0,1,0.5,91.0,3,25.3,1,1,6.8,1.23,1.04,0,1,0,0,0,0,1,0,1,0,0
20.0,1,73679.0,1,3.78,79.2,7,25.1,0,0,4.2,2.06,1.9,1,0,0,0,0,0,1,0,0,0,0
18.6,0,25000.0,1,3.62,84.6,2,38.2,0,0,5.8,2.17,2.59,0,0,1,0,1,0,0,0,0,1,0
19.7,0,25000.0,1,4.05,93.6,3,34.1,0,0,6.0,3.14,3.21,0,0,1,0,0,0,0,0,0,1,0
21.4,0,25000.0,1,3.89,99.2,3,36.4,0,0,3.9,3.09,3.08,0,0,0,0,1,0,0,0,0,0,0
22.2,0,52479.0,1,2.73,75.4,1,5.0,0,0,7.5,1.39,1.32,1,0,0,0,0,0,1,0,0,0,0
17.0,1,26692.0,1,5.32,86.4,0,27.1,0,0,6.1,3.02,2.9,0,1,0,0,0,0,0,1,0,1,0
21.0,0,39698.0,1,1.88,85.6,3,39.7,0,0,2.5,3.64,3.7,0,0,0,0,1,0,0,0,0,0,1
21.3,1,31118.0,1,6.43,91.8,1,5.0,0,0,5.7,2.55,3.17,0,1,0,0,0,0,0,1,0,0,0
20.4,0,28085.0,1,4.59,95.1,6,10.6,0,0,8.1,3.3,3.52,0,1,0,0,0,0,0,1,0,0,1
23.8,1,25000.0,1,2.82,79.3,0,8.7,1,1,5.5,2.08,1.5,1,1,0,0,0,1,0,0,0,0,0
21.9,1,88193.0,1,3.1,81.4,2,37.8,1,1,4.3,2.96,2.85,0,1,0,0,0,0,0,0,1,0,0
23.9,0,25000.0,1,5.49,82.6,4,18.8,0,0,4.5,3.09,3.7,0,0,0,0,1,0,0,0,1,0,0
20.5,1,38076.0,1,2.25,85.8,1,15.6,0,0,5.2,1.51,1.51,0,0,0,1,0,1,0,0,0,0,0
23.1,1,37272.0,1,4.06,88.6,1,30.7,0,0,3.3,1.5,1.12,1,0,0,0,0,0,0,0,1,0,0
24.6,1,59434.0,1,3.96,79.0,5,15.1,1,0,8.0,2.72,2.82,0,0,1,0,0,1,0,0,0,1,0
23.9,0,68381.0,1,3.92,96.9,1,35.4,0,1,7.2,0.4,0.59,1,0,1,0,0,0,0,0,0,0,0
18.6,0,27380.0,1,4.71,67.4,0,59.0,0,1,7.4,1.01,0.94,1,0,0,1,0,0,0,1,0,1,0
20.4,1,40873.0,1,4.84,72.4,3,25.6,0,0,2.8,2.02,2.24,0,0,0,1,1,0,0,0,1,0,0
20.2,1,85727.0,1,4.54,86.9,2,6.7,0,0,5.7,4.0,4.0,0,0,0,1,0,0,1,0,0,0,0
22.1,1,28592.0,1,5.46,80.7,1,24.6,1,0,7.4,2.7,2.98,0,0,0,0,0,0,0,1,1,0,0
22.5,0,25000.0,1,4.33,77.5,1,35.9,0,0,3.8,3.47,3.66,0,0,0,1,0,0,1,0,0,1,0
19.2,0,25000.0,1,3.35,89.7,2,34.7,0,0,5.4,1.91,1.69,1,1,0,0,0,0,1,0,0,1,0
21.1,1,25000.0,1,2.53,88.5,4,40.1,0,1,3.5,1.81,1.88,1,1,0,0,0,0,1,0,1,0,0
17.0,1,37164.0,1,4.08,92.0,4,22.9,0,0,7.0,2.85,2.84,0,0,0,0,0,0,1,0,1,0,0
24.2,1,56313.0,1,4.51,73.7,1,26.6,0,1,5.1,1.91,1.31,1,0,1,0,0,0,0,1,1,0,0
19.9,1,29740.5,1,4.0,88.5,3,5.0,1,0,5.5,2.08,1.39,0,0,1,0,0,0,0,1,1,0,0
21.1,1,25000.0,1,4.58,88.4,3,37.4,0,1,3.5,2.98,2.93,0,0,1,0,0,0,0,0,0,0,0
20.3,0,54885.0,1,2.87,73.9,3,14.3,1,1,8.3,1.51,1.5,1,0,0,0,0,1,0,0,0,0,0
23.5,1,25000.0,0,2.83,82.3,2,32.4,1,0,5.6,1.82,0.93,1,0,0,1,1,0,0,0,0,0,0
17.0,1,25000.0,1,4.2,89.8,2,19.5,0,1,6.9,2.61,2.47,1,0,1,0,0,0,0,0,1,0,0
21.0,0,26715.0,1,1.27,92.7,2,29.0,0,1,6.2,1.96,1.66,1,0,0,1,0,0,0,1,0,0,0
20.8,1,34581.0,1,5.88,80.8,3,41.5,0,0,3.9,3.25,2.44,0,0,1,0,0,0,0,0,0,1,0
20.0,0,38305.0,1,5.19,73.2,1,24.8,0,0,2.5,4.0,3.97,0,0,0,1,0,1,0,0,0,1,0
24.8,0,28576.0,1,2.45,94.3,1,21.1,0,1,5.2,1.94,2.05,0,1,0,0,0,0,1,0,1,0,0
19.0,1,85479.0,1,3.75,82.3,4,30.0,1,1,7.5,2.03,1.72,1,0,0,1,0,0,1,0,0,0,0
22.7,0,30918.0,1,4.2,66.9,4,22.3,0,1,2.0,4.0,3.92,0,0,0,0,0,0,0,1,1,0,0
21.8,1,55315.0,0,3.03,80.1,1,18.7,0,1,9.0,0.61,0.86,1,1,0,0,0,0,0,1,0,0,1
23.8,0,29740.5,0,4.0,76.1,3,52.4,0,0,5.5,1.72,1.95,1,0,0,0,0,0,0,0,0,1,0
19.5,0,25000.0,1,3.84,72.2,4,7.7,1,1,5.8,0.25,0.08,1,0,0,1,0,1,0,0,0,1,0
19.4,0,26854.0,1,3.99,82.9,2,37.8,0,0,5.3,0.94,0.82,0,0,0,1,0,0,1,0,0,1,0
23.4,0,106297.0,1,3.83,79.4,1,28.4,1,1,7.0,3.45,2.89,0,0,1,0,0,0,0,0,1,0,0
21.9,0,25000.0,1,4.07,81.7,0,20.1,0,1,3.3,2.67,2.54,0,0,0,1,0,0,1,0,0,0,0
17.6,0,29740.5,0,4.0,78.5,4,34.2,1,0,5.5,1.72,1.54,0,1,0,0,0,1,0,0,0,0,0
19.8,0,29740.5,1,4.0,86.0,1,30.4,0,1,5.5,2.25,2.25,1,0,0,0,0,0,0,0,0,0,0
21.9,1,25000.0,1,4.56,80.2,1,45.8,1,1,8.7,2.87,3.17,0,1,0,0,0,0,0,1,0,0,0
22.8,0,25000.0,1,5.52,87.3,0,16.4,1,0,4.8,1.92,1.62,0,0,1,0,1,0,0,0,0,0,0
19.5,1,25000.0,0,4.59,79.1,2,23.8,1,0,5.6,2.25,2.4,0,0,0,1,0,1,0,0,1,0,0
17.0,1,70207.0,1,6.26,90.9,1,42.1,1,1,5.4,3.62,3.37,0,0,0,0,0,0,1,0,0,0,0
22.2,0,27393.0,1,2.18,82.1,1,27.5,0,0,4.6,1.4,0.83,1,0,0,0,1,0,0,0,0,0,0
18.3,1,25000.0,1,3.24,72.3,3,36.6,1,1,8.2,1.5,2.22,0,0,0,1,0,1,0,0,1,0,0
17.0,1,25000.0,1,4.47,75.2,4,44.6,0,0,3.7,3.63,3.5,0,0,0,0,0,0,1,0,0,1,0
17.0,0,111757.0,0,4.32,72.7,0,36.7,0,0,2.8,3.67,3.96,1,0,0,1,1,0,0,0,1,0,0
22.8,1,29740.5,1,4.0,58.2,1,22.7,1,0,5.5,2.85,3.0,0,0,0,1,0,0,1,0,0,0,0
21.3,1,38590.0,1,4.8,71.5,2,25.8,1,0,4.2,1.94,1.75,0,0,0,1,0,0,1,0,0,0,0
20.5,0,25000.0,0,4.27,73.3,0,44.7,0,0,6.0,2.12,2.28,0,0,1,0,1,0,0,0,1,0,0
24.1,0,36047.0,1,5.53,82.0,0,31.9,0,1,6.6,0.8,0.5,0,0,0,0,0,0,0,0,0,0,0
22.4,0,71367.0,1,2.62,87.9,0,27.6,0,0,5.8,0.0,0.0,1,0,0,0,0,1,0,0,0,0,0
24.6,1,25000.0,1,4.07,71.2,3,34.6,0,1,5.5,1.33,1.69,0,0,1,0,0,0,0,0,0,0,0
17.9,1,39150.0,1,3.42,75.6,1,14.6,0,0,1.8,4.0,3.29,0,1,0,0,0,0,1,0,0,0,0
20.9,0,25000.0,1,5.11,88.4,4,27.2,0,0,6.5,1.96,2.0,0,0,0,1,1,0,0,0,0,1,0
17.4,1,100079.0,1,4.71,80.7,2,29.1,0,1,5.9,2.84,3.29,0,0,0,1,0,1,0,0,0,0,0
20.5,0,34931.0,1,3.37,68.3,0,28.9,0,1,8.9,0.25,0.12,1,1,0,0,0,0,0,1,0,0,0
20.5,0,25000.0,0,5.3,82.3,1,25.3,1,1,7.5,3.11,3.3,1,1,0,0,0,1,0,0,0,0,0
22.4,1,25000.0,1,3.97,84.9,1,26.3,0,0,2.8,4.0,4.0,0,0,0,0,0,0,0,0,0,1,0
21.1,1,25000.0,1,2.38,84.5,1,28.6,1,1,7.4,1.83,1.55,0,0,0,0,1,0,0,0,0,0,0
22.4,1,25000.0,0,3.67,100.0,1,47.5,0,0,3.2,2.27,2.19,0,0,0,1,0,0,0,0,0,0,1
22.5,0,25000.0,1,7.01,76.0,1,5.0,0,0,7.0,2.17,1.83,0,0,1,0,0,0,1,0,0,0,0
25.7,1,28035.0,1,3.75,90.8,2,38.4,0,0,8.1,1.44,1.45,0,0,0,1,0,1,0,0,1,0,0
20.3,1,27339.0,1,4.31,81.8,1,29.0,0,0,8.9,2.54,2.31,0,0,1,0,0,0,0,0,0,0,0
18.9,0,39863.0,1,4.37,85.7,4,29.3,1,1,4.8,0.39,0.39,0,0,0,1,0,0,0,1,1,0,0
21.5,0,25000.0,1,3.94,76.8,3,25.1,0,0,6.8,0.45,0.56,1,1,0,0,0,0,0,0,0,0,0
19.2,1,25000.0,0,5.99,76.6,0,36.0,1,0,7.3,0.0,0.01,1,1,0,0,0,0,1,0,1,0,0
24.3,0,29594.0,1,4.95,72.0,1,41.4,1,1,6.3,1.89,2.09,0,0,1,0,0,0,0,0,1,0,0
20.4,1,25000.0,1,4.85,70.3,3,7.2,0,0,2.5,3.59,3.97,0,0,0,1,0,1,0,0,0,1,0
19.8,0,32405.0,1,3.65,87.4,1,55.1,0,0,5.8,3.56,3.32,0,0,0,0,0,1,0,0,1,0,0
20.0,0,25000.0,1,4.9,77.7,0,31.7,0,0,6.5,1.87,2.09,1,1,0,0,1,0,0,0,0,0,0
22.6,1,58250.0,1,3.6,100.0,0,31.3,0,0,5.5,3.33,3.35,0,0,0,0,0,0,1,0,0,0,0
20.7,0,44827.0,1,4.56,78.2,3,13.3,0,0,4.0,0.2,0.71,0,0,0,1,1,0,0,0,1,0,0
19.6,1,25000.0,1,6.68,87.4,4,23.1,1,1,5.1,3.25,3.29,0,0,0,1,0,1,0,0,1,0,0
24.7,0,44209.0,1,6.03,82.4,0,46.3,0,1,7.1,2.29,2.46,0,1,0,0,0,0,0,0,1,0,0
19.1,1,31790.0,1,3.85,67.4,3,30.8,1,0,6.2,0.95,1.07,0,0,1,0,0,0,0,0,0,0,0
21.1,1,25000.0,1,4.29,71.2,3,35.0,0,1,6.3,1.7,2.05,0,1,0,0,0,0,0,1,0,1,0
22.4,1,25000.0,1,2.57,69.9,2,24.5,1,0,5.1,2.22,1.84,0,1,0,0,0,0,1,0,1,0,0
17.4,1,35949.0,1,3.68,93.8,0,53.6,1,0,6.3,3.4,3.43,0,0,1,0,0,1,0,0,0,1,0
22.1,0,25000.0,1,1.11,92.4,2,28.2,0,0,1.7,2.98,2.93,0,0,0,0,1,0,0,0,0,0,0
18.7,0,57353.0,1,5.19,97.4,5,43.6,0,1,5.4,2.83,2.67,1,0,0,0,0,1,0,0,1,0,0
22.8,0,29984.0,1,3.03,64.2,2,28.2,0,0,4.8,2.71,2.61,0,0,0,0,0,0,0,1,1,0,0
18.9,1,25000.0,1,3.87,71.0,1,34.2,1,1,5.5,1.92,1.93,0,0,1,0,0,1,0,0,0,1,0
22.5,1,87440.0,1,3.41,86.8,2,34.2,1,1,3.4,3.57,3.86,0,0,0,1,1,0,0,0,0,0,1
23.4,0,42019.0,1,5.34,75.9,2,41.1,0,1,6.2,1.09,0.57,0,0,0,0,0,0,0,0,0,1,0
22.9,1,25000.0,0,5.78,87.6,1,38.9,0,1,9.0,2.6,2.36,0,0,1,0,1,0,0,0,0,0,0
21.6,0,25000.0,1,5.83,78.4,0,24.3,0,0,5.6,2.52,2.69,0,0,1,0,0,0,1,0,1,0,0
20.5,0,25000.0,1,2.34,77.6,1,43.9,0,0,5.6,3.08,2.77,0,1,0,0,0,0,0,1,0,0,0
19.7,1,25000.0,1,4.85,67.5,1,18.1,0,0,10.0,0.45,0.69,1,0,1,0,1,0,0,0,0,0,0
24.2,0,27260.0,1,2.87,77.4,2,15.8,0,1,3.8,1.04,0.79,0,0,0,0,0,0,0,0,0,0,0
19.5,0,36770.0,1,4.19,85.0,1,26.5,0,0,6.4,1.37,1.46,0,0,0,0,0,0,1,0,0,1,0
18.7,0,29740.5,1,4.0,59.1,1,34.7,1,1,5.5,2.87,3.02,0,0,0,1,1,0,0,0,1,0,0
22.5,1,56768.0,1,3.66,82.5,1,17.7,0,1,4.8,1.77,1.85,0,1,0,0,0,0,0,1,0,0,0
19.2,1,43563.0,1,4.29,73.6,1,29.1,1,0,7.0,2.27,2.02,0,0,0,1,0,0,0,0,1,0,0
18.9,1,41976.0,1,3.2,75.8,2,13.4,0,0,5.8,3.68,3.81,0,0,0,0,0,0,0,1,0,0,0
17.8,1,33553.0,1,5.42,76.4,3,26.8,0,0,3.6,0.98,0.95,0,0,0,1,0,1,0,0,0,0,0
19.9,1,64349.0,0,3.72,85.7,4,41.7,1,0,5.2,2.2,1.77,0,0,1,0,1,0,0,0,0,0,0
20.8,0,25000.0,1,3.31,88.9,1,19.9,0,0,5.4,3.31,2.93,0,1,0,0,0,0,1,0,1,0,0
21.5,0,25000.0,1,4.44,96.7,1,15.3,1,1,4.4,2.21,1.98,0,0,1,0,0,0,0,1,0,0,1
23.1,0,25000.0,1,5.2,88.2,1,34.5,0,0,2.6,2.93,3.42,0,0,0,0,0,0,0,1,0,1,0
22.2,1,56033.0,0,2.19,84.9,2,20.5,1,0,4.8,1.11,1.43,0,0,1,0,1,0,0,0,0,1,0
20.6,0,28391.0,1,4.6,96.2,1,59.1,0,0,2.8,3.38,3.55,0,0,1,0,1,0,0,0,1,0,0
20.6,1,29740.5,1,4.0,69.2,1,32.3,0,1,5.5,1.08,1.18,0,0,1,0,0,0,0,0,0,0,0
22.1,0,25000.0,1,4.87,86.9,4,42.3,1,0,6.5,1.31,1.91,1,1,0,0,1,0,0,0,0,0,0
23.8,0,31356.0,1,3.33,89.7,1,14.2,1,1,3.2,0.0,0.07,1,1,0,0,1,0,0,0,0,1,0
21.3,0,41270.0,1,2.88,83.4,2,35.5,1,0,5.6,2.01,1.75,0,0,0,1,0,0,1,0,1,0,0
20.0,0,25000.0,1,3.08,81.5,4,17.9,1,1,3.1,2.86,2.88,1,0,0,0,0,1,0,0,0,0,0
18.8,0,36869.0,1,4.22,80.7,1,27.9,1,1,4.8,1.57,1.53,0,0,0,0,0,0,0,1,1,0,0
17.8,1,30357.0,1,4.7,77.4,1,21.0,1,0,4.3,3.66,3.69,0,0,0,0,1,0,0,0,0,0,0
22.5,1,25000.0,1,3.19,78.0,2,42.5,1,0,6.4,1.38,1.39,0,1,0,0,1,0,0,0,1,0,0
22.3,1,60088.0,1,4.07,90.5,3,33.9,0,0,2.6,2.64,2.75,0,0,0,1,1,0,0,0,0,1,0
22.3,1,25000.0,1,3.16,73.2,1,31.4,1,0,7.3,2.34,2.34,1,1,0,0,1,0,0,0,1,0,0
20.7,0,35064.0,1,3.51,83.1,0,46.3,0,1,7.7,0.71,0.94,1,1,0,0,0,0,1,0,0,1,0
24.1,1,71168.0,1,3.36,81.8,1,30.2,1,1,5.2,2.77,2.75,0,1,0,0,0,1,0,0,1,0,0
19.9,0,25000.0,1,3.08,70.6,0,42.4,0,0,3.1,1.66,1.62,0,1,0,0,0,1,0,0,1,0,0
23.1,1,25000.0,1,2.41,88.7,4,51.6,0,0,1.7,1.84,1.44,0,0,0,0,1,0,0,0,0,0,0
20.9,1,121441.0,1,3.9,71.3,1,31.7,0,1,7.5,2.2,1.96,0,0,0,0,0,1,0,0,0,0,0
19.7,0,39523.0,1,5.47,76.0,0,33.1,1,1,9.1,0.89,0.99,0,0,0,1,0,0,0,0,0,0,1
22.3,1,25000.0,1,4.11,81.3,2,41.5,0,0,5.6,3.13,2.83,0,1,0,0,1,0,0,0,0,1,0
21.9,0,48126.0,1,3.61,93.9,2,47.2,1,0,3.4,3.03,3.32,0,1,0,0,0,0,0,0,0,0,0
21.8,0,25000.0,0,5.05,86.2,0,31.5,0,0,3.5,4.0,3.7,0,0,0,1,1,0,0,0,0,0,1
21.2,1,25000.0,0,3.36,84.5,1,22.4,0,0,7.6,1.6,1.9,1,1,0,0,0,0,0,0,0,0,0
20.9,1,67739.0,1,4.25,92.8,1,40.4,0,0,5.8,1.83,1.84,0,1,0,0,0,1,0,0,0,0,1
26.3,1,25000.0,1,1.98,79.9,1,36.9,0,1,3.8,0.55,0.49,0,0,0,1,1,0,0,0,0,0,0
23.6,0,129447.0,1,3.99,98.0,1,40.3,0,1,9.6,1.55,1.47,1,0,0,1,0,0,0,1,0,0,0
22.6,0,25000.0,1,3.57,86.0,2,38.4,1,1,7.4,1.36,1.57,1,0,1,0,1,0,0,0,0,1,0
21.2,1,106933.0,1,1.58,83.1,0,32.5,0,0,6.5,1.2,1.48,0,0,0,1,0,0,0,0,1,0,0
23.2,0,25000.0,1,3.42,67.6,1,33.2,1,0,4.5,2.08,2.12,0,0,0,1,0,1,0,0,0,0,0
22.1,1,29740.5,1,4.0,89.8,2,38.4,0,1,5.5,1.65,1.6,0,0,0,1,0,0,0,1,1,0,0
21.1,0,40128.0,1,3.23,86.3,0,12.6,1,0,7.1,3.37,3.87,0,0,1,0,1,0,0,0,0,0,0
20.3,0,49151.0,1,4.64,80.2,4,46.0,1,1,5.3,4.0,3.71,0,0,1,0,0,0,0,0,0,0,0
20.8,0,53147.0,1,2.82,78.0,1,35.4,0,0,7.5,1.87,1.34,0,1,0,0,0,0,0,0,0,0,0
17.0,0,25000.0,1,3.08,98.1,3,19.8,1,0,7.4,3.7,3.85,0,0,0,0,0,0,1,0,0,1,0
21.5,1,25000.0,1,2.02,75.6,0,32.2,0,0,6.0,2.33,2.46,0,0,1,0,0,0,0,0,1,0,0
19.9,0,28838.0,1,4.38,84.8,1,45.8,0,1,3.4,3.43,2.95,0,1,0,0,0,1,0,0,0,0,1
24.5,1,33990.0,1,3.42,82.3,2,33.5,0,0,3.7,2.58,2.35,1,0,1,0,0,0,0,0,1,0,0
21.0,0,25000.0,1,3.95,87.5,1,21.2,1,0,2.6,4.0,3.94,0,1,0,0,0,0,0,0,0,0,0
18.4,1,35120.0,0,5.49,66.6,2,14.7,0,1,7.9,2.59,2.24,1,1,0,0,0,1,0,0,1,0,0
20.9,0,29740.5,1,4.0,87.4,2,59.6,0,0,5.5,3.95,3.98,0,0,0,1,0,0,1,0,0,0,0
18.7,0,25000.0,1,5.64,94.8,0,9.1,1,0,5.6,3.34,3.41,0,0,0,0,0,0,0,0,0,0,0
22.0,0,37684.0,1,3.67,66.8,0,34.0,0,1,2.6,2.74,2.86,0,0,0,0,0,1,0,0,0,0,0
21.6,1,25328.0,1,5.37,74.4,2,23.0,1,0,8.5,0.98,0.78,1,1,0,0,0,0,1,0,1,0,0
23.1,0,25000.0,1,3.85,86.5,3,42.5,1,0,3.4,3.17,3.07,0,0,1,0,0,1,0,0,1,0,0
19.3,0,47688.0,1,1.88,80.9,2,15.4,1,1,6.1,2.42,2.85,0,1,0,0,0,0,0,0,0,0,0
21.1,0,25000.0,1,2.39,87.4,2,49.3,0,0,2.7,2.48,2.6,0,0,0,0,0,0,1,0,0,0,0
18.0,1,25000.0,1,3.66,88.0,1,28.5,1,0,7.1,1.74,1.56,1,0,1,0,0,0,0,1,0,0,1
22.5,1,31046.0,1,1.84,83.8,2,27.4,1,1,7.5,2.31,2.2,1,0,1,0,0,1,0,0,0,0,0
22.1,1,67818.0,1,4.69,96.1,2,26.2,0,0,5.5,1.8,2.07,0,1,0,0,0,1,0,0,0,0,0
22.1,1,33379.0,1,5.07,88.0,1,22.9,1,0,5.4,2.46,1.78,0,1,0,0,0,0,1,0,1,0,0
21.0,1,29740.5,1,4.0,56.400000000000006,3,25.6,0,0,5.5,0.59,0.99,1,1,0,0,0,1,0,0,0,0,0
21.9,1,25000.0,1,3.63,87.6,2,38.6,1,1,4.4,3.33,2.81,1,0,0,0,0,0,1,0,0,0,0
24.5,1,28365.0,1,3.88,81.7,3,9.3,1,0,7.5,2.06,2.36,0,0,0,0,1,0,0,0,0,0,0
20.4,1,28873.0,0,4.9,86.4,3,21.0,0,0,6.0,2.21,2.36,0,0,1,0,0,1,0,0,0,1,0
21.3,1,35454.0,0,4.53,91.3,3,47.9,0,0,2.7,3.35,2.59,0,1,0,0,0,1,0,0,1,0,0
18.6,0,29740.5,1,4.0,79.9,2,28.9,0,0,5.5,2.27,2.55,0,1,0,0,0,0,0,0,0,0,1
19.1,0,66436.0,1,2.16,82.7,3,23.1,0,1,5.8,2.03,1.86,0,0,0,1,0,0,0,0,1,0,0
21.2,1,25000.0,1,4.0,88.7,2,14.7,0,1,4.9,2.99,2.86,0,1,0,0,0,1,0,0,1,0,0
23.4,0,25000.0,1,3.83,73.4,1,16.0,1,0,5.8,1.19,1.61,1,1,0,0,0,1,0,0,0,0,0
20.4,0,29740.5,1,4.0,78.3,2,41.8,0,1,5.5,1.04,0.47,1,0,0,0,0,1,0,0,0,0,0
20.5,0,25000.0,1,6.75,77.5,2,20.1,0,0,5.2,3.48,3.35,0,0,0,0,0,1,0,0,0,0,0
20.1,1,65375.0,0,4.22,90.3,4,39.7,0,1,6.9,2.41,2.26,0,1,0,0,0,1,0,0,0,0,0
19.8,1,69070.0,0,3.16,95.8,3,18.2,0,1,6.7,2.36,2.63,0,0,0,1,0,0,0,0,1,0,0
21.6,0,52424.0,1,3.27,100.0,3,28.5,0,0,6.6,1.35,1.37,0,1,0,0,0,0,0,0,0,0,0
17.7,1,26402.0,1,5.08,88.9,1,29.2,1,0,4.4,1.02,0.69,0,0,0,1,1,0,0,0,0,0,0
23.8,1,35313.0,1,5.55,91.0,1,21.0,0,1,4.0,3.2,3.66,0,0,0,1,0,1,0,0,0,1,0
19.5,1,25000.0,1,4.8,68.2,1,30.9,1,0,6.2,4.0,3.71,0,0,1,0,0,1,0,0,1,0,0
22.6,1,98134.0,1,5.32,67.7,2,5.0,1,1,6.9,2.62,2.56,1,0,0,1,0,0,0,1,0,0,0
18.2,0,25000.0,1,2.39,75.0,2,28.9,0,1,4.2,2.22,1.76,0,1,0,0,0,0,0,1,0,0,0
22.5,1,25531.0,1,3.94,72.0,2,35.3,1,0,5.1,2.02,1.45,0,0,1,0,0,1,0,0,0,0,0
22.5,0,31552.0,0,2.5,86.1,6,20.0,1,0,6.2,2.61,3.12,0,0,0,1,0,0,0,1,0,0,0
21.8,0,27876.0,1,5.04,95.9,2,32.6,0,1,5.3,2.15,2.07,0,1,0,0,1,0,0,0,1,0,0
18.8,0,25000.0,1,5.17,82.1,1,31.8,1,0,7.6,3.06,3.1,0,1,0,0,0,1,0,0,0,0,0
21.5,1,68638.0,1,2.71,76.8,1,32.3,0,1,3.1,4.0,3.95,0,0,0,0,0,0,0,0,0,0,0
18.4,1,52584.0,1,3.22,84.4,2,13.9,1,0,2.9,3.15,3.35,0,0,0,1,0,0,0,1,0,0,0
20.4,1,36070.0,1,2.75,76.2,3,31.1,1,1,7.5,1.95,1.81,0,0,0,0,1,0,0,0,1,0,0
23.3,1,25000.0,1,4.29,77.7,0,9.3,1,0,6.6,1.01,0.59,0,0,0,1,0,1,0,0,1,0,0
22.8,0,56307.0,1,3.87,80.4,0,22.4,0,1,5.7,3.17,2.78,0,0,1,0,0,0,0,0,0,1,0
21.0,1,25000.0,1,4.05,85.1,1,30.0,1,0,4.9,1.73,2.04,0,0,0,1,0,0,0,1,0,1,0
18.9,0,76285.0,1,3.58,68.7,3,32.5,0,0,6.3,2.99,3.35,1,0,1,0,0,1,0,0,0,0,0
22.4,0,31784.0,1,6.38,65.8,0,15.5,0,1,5.8,2.13,1.79,0,0,1,0,0,0,0,0,0,0,0
21.0,0,29740.5,1,4.0,75.1,2,26.6,0,1,5.5,1.18,1.09,1,1,0,0,0,0,0,0,0,0,0
17.0,0,27770.0,1,3.81,86.2,0,39.5,1,0,5.4,2.91,3.41,0,0,0,0,0,0,1,0,0,1,0
22.7,1,31037.0,1,2.01,71.9,2,18.2,1,1,6.5,1.68,1.66,1,0,0,1,0,0,1,0,0,1,0
20.9,1,62023.0,1,1.8,96.7,2,5.0,0,0,7.2,0.45,0.24,0,0,0,0,0,0,1,0,0,1,0
23.6,1,110897.0,1,1.9,88.8,1,36.4,0,0,7.1,2.01,1.61,0,0,1,0,0,0,0,1,0,0,0
18.6,1,75828.0,1,4.57,87.4,3,18.7,0,1,6.3,1.87,1.37,0,0,0,0,0,0,1,0,0,0,1
17.0,0,50326.0,1,3.79,88.8,2,22.3,0,0,5.5,3.1,2.88,0,0,1,0,1,0,0,0,0,0,1
21.6,1,42343.0,1,5.6,85.4,1,31.6,0,1,6.3,4.0,3.81,0,0,1,0,0,1,0,0,0,0,0
21.6,1,25000.0,1,4.93,86.1,1,30.9,1,0,7.7,0.9,0.88,1,0,0,1,1,0,0,0,0,0,0
17.3,0,35495.0,1,1.1,91.9,5,42.3,1,1,5.2,2.14,2.26,0,0,0,1,0,0,0,1,0,0,1
18.8,1,25000.0,1,2.93,90.0,3,27.1,0,0,5.0,3.63,3.35,0,1,0,0,1,0,0,0,0,0,0
27.1,0,37252.0,1,1.82,84.4,0,30.8,1,1,6.4,2.08,1.9,1,0,1,0,0,0,0,1,0,0,0
20.3,1,38717.0,1,3.48,97.4,1,9.7,0,0,6.8,2.26,2.01,0,0,0,1,0,0,0,0,0,0,0
22.6,1,25000.0,1,4.4,82.6,2,37.5,0,1,5.3,4.0,3.94,0,0,0,1,0,1,0,0,1,0,0
19.6,0,30432.0,1,4.1,78.4,1,21.7,1,1,6.3,1.79,1.88,1,0,1,0,0,0,0,1,0,0,0
17.0,0,38136.0,1,3.98,70.1,0,68.8,1,1,4.0,4.0,3.34,0,1,0,0,0,1,0,0,0,1,0
20.6,1,28276.0,1,2.47,76.2,2,27.4,0,0,5.5,2.65,2.3,0,0,0,0,1,0,0,0,0,1,0
20.4,1,36858.0,1,7.0,91.6,0,35.1,0,0,8.3,1.68,1.82,0,0,1,0,0,0,0,1,0,0,1
20.1,1,25000.0,1,4.2,81.7,1,37.7,0,0,6.6,3.02,3.02,0,0,1,0,0,0,0,1,0,0,0
20.7,1,25000.0,0,6.04,85.8,2,28.9,0,0,4.3,1.39,1.83,0,0,1,0,0,1,0,0,0,1,0
21.6,1,55324.0,1,5.06,82.6,0,35.2,0,1,4.6,2.97,2.94,0,0,0,1,0,0,1,0,0,0,0
20.7,0,29743.0,1,4.79,72.4,3,57.1,1,0,3.3,3.16,2.86,0,0,0,0,0,0,0,1,0,1,0
18.2,1,36458.0,1,4.79,79.7,1,21.0,1,0,8.4,0.59,1.13,1,1,0,0,0,1,0,0,0,0,0
22.1,1,25000.0,1,3.28,75.3,2,5.0,0,1,3.7,1.72,1.88,0,0,0,1,0,1,0,0,0,1,0
17.0,0,30082.0,1,3.23,78.5,1,14.4,0,1,1.0,3.03,2.88,0,0,0,1,0,0,0,0,0,0,0
17.0,1,25000.0,1,3.87,74.9,2,42.0,0,0,3.0,1.85,1.75,0,1,0,0,0,0,1,0,0,0,0
22.6,1,49395.0,1,3.79,85.9,2,24.3,0,1,5.6,2.68,2.81,0,1,0,0,0,0,0,1,0,0,0
22.1,0,87971.0,1,0.81,88.5,2,58.0,0,0,4.2,0.81,1.06,0,1,0,0,1,0,0,0,0,0,0
20.9,1,25000.0,1,3.98,82.3,4,38.7,0,0,5.7,3.32,3.75,0,0,0,1,0,1,0,0,1,0,0
17.9,0,25000.0,0,4.74,66.1,1,22.2,1,1,6.1,2.03,2.16,1,0,0,1,0,0,0,1,0,1,0
19.4,1,38736.0,0,2.31,71.2,1,20.7,0,1,4.4,2.62,2.37,0,0,1,0,0,0,0,0,0,1,0
20.4,1,71993.0,1,2.61,87.2,3,24.6,0,1,3.8,3.64,3.69,0,1,0,0,0,0,0,0,0,0,0
17.5,1,29695.0,1,4.08,76.0,1,5.2,1,0,7.1,1.67,1.1,0,0,1,0,0,0,0,0,0,0,1
19.4,1,25000.0,1,4.53,76.0,1,33.3,0,1,6.0,2.68,2.74,0,0,0,0,0,1,0,0,1,0,0
22.4,1,26234.0,1,3.78,82.6,0,38.3,1,0,1.0,4.0,3.68,0,0,0,1,0,0,0,0,0,1,0
24.1,1,25000.0,0,4.45,75.7,0,18.4,0,0,2.7,2.63,3.23,0,0,1,0,0,0,0,1,0,0,0
20.1,0,25000.0,1,4.17,65.0,5,11.4,0,0,2.3,3.25,3.65,0,0,0,0,0,0,0,1,0,0,0
22.7,0,25000.0,1,3.5,74.6,2,19.1,1,0,5.2,2.28,2.44,0,0,0,0,0,0,0,0,0,0,0
17.0,1,25000.0,1,3.95,78.8,3,42.0,0,1,5.9,0.62,0.75,1,1,0,0,1,0,0,0,1,0,0
22.5,0,29740.5,1,4.0,77.6,1,39.6,0,0,5.5,2.3,2.45,0,1,0,0,0,0,1,0,1,0,0
19.2,0,29740.5,1,4.0,87.6,1,32.6,0,0,5.5,1.39,0.96,0,0,0,0,0,0,1,0,1,0,0
21.7,0,33827.0,1,3.81,82.7,3,49.7,0,0,7.3,2.62,3.01,0,0,0,1,0,1,0,0,0,0,0
20.5,1,25000.0,1,4.44,82.1,1,9.7,0,0,6.1,1.7,1.67,0,0,1,0,0,0,0,0,0,0,0
23.9,0,37716.0,1,5.23,91.3,1,27.5,1,0,3.9,2.2,2.59,0,1,0,0,0,0,0,0,0,0,0
19.1,1,25000.0,1,4.57,69.5,3,36.7,0,1,4.0,4.0,3.8,0,0,1,0,0,0,0,0,0,1,0
22.4,1,45805.0,1,1.0,94.5,0,39.5,0,1,4.1,1.19,1.55,0,0,1,0,0,0,0,1,0,0,0
20.4,0,29740.5,1,4.0,80.2,2,39.6,0,0,5.5,1.42,1.75,0,0,1,0,0,0,1,0,0,1,0
20.7,0,25000.0,1,4.77,81.1,2,38.7,1,0,5.6,3.46,2.87,0,1,0,0,0,0,1,0,1,0,0
20.6,0,42980.0,1,2.94,78.9,4,45.8,0,0,6.2,1.65,1.56,1,0,0,1,0,0,0,1,0,0,0
19.1,0,29740.5,1,4.0,92.7,2,39.1,1,1,5.5,3.08,2.99,0,0,0,1,0,0,0,1,0,0,0
21.0,1,65792.0,1,2.08,79.9,4,16.1,1,0,3.1,1.14,1.24,1,0,0,0,0,0,1,0,1,0,0
20.9,0,25000.0,0,5.07,84.8,2,24.5,0,0,6.2,2.47,2.42,0,0,0,1,0,0,1,0,0,0,0
21.5,1,36741.0,1,2.86,84.2,3,9.7,0,1,7.0,0.5,0.43,1,0,0,0,0,0,0,1,0,0,0
21.2,1,26567.0,1,5.46,85.9,2,42.0,0,0,8.6,1.56,1.79,1,0,0,0,0,0,1,0,1,0,0
22.8,0,29740.5,0,4.0,73.2,4,44.3,0,0,5.5,1.84,2.53,1,0,0,0,0,1,0,0,1,0,0
23.0,1,51049.0,1,2.74,85.5,0,15.4,1,0,4.2,3.52,3.12,0,0,1,0,0,0,0,0,0,1,0
18.7,0,25000.0,1,4.1,74.9,2,25.4,0,0,6.6,0.0,0.17,1,1,0,0,0,1,0,0,1,0,0
22.9,1,25000.0,1,2.09,77.2,1,8.9,1,0,5.2,2.67,2.59,0,0,0,1,0,0,0,0,0,1,0
18.4,0,25000.0,1,2.77,89.4,2,28.5,0,1,3.1,2.31,2.0,0,0,0,1,1,0,0,0,0,0,0
22.3,1,25000.0,1,5.13,78.0,2,20.1,0,0,5.4,2.38,2.53,1,0,0,0,1,0,0,0,0,0,0
22.4,1,67883.0,1,5.89,76.9,3,16.0,1,1,6.0,2.61,2.83,0,0,1,0,0,1,0,0,0,0,0
17.0,0,63237.0,1,3.7,83.6,2,29.7,1,1,8.1,2.14,2.41,0,0,0,1,0,0,0,0,0,1,0
21.2,1,25000.0,0,3.36,92.8,1,52.6,0,0,5.6,2.78,2.84,1,0,1,0,0,0,1,0,0,0,0
20.0,0,25000.0,1,2.02,100.0,5,39.5,0,1,4.0,3.31,3.45,0,0,0,1,0,0,1,0,0,0,0
19.3,0,25000.0,1,4.82,91.1,1,27.0,0,1,2.1,2.92,3.52,0,1,0,0,0,0,1,0,1,0,0
24.0,1,25000.0,1,3.43,91.0,2,29.4,1,0,3.3,2.88,2.83,0,0,1,0,1,0,0,0,0,1,0
19.6,0,25000.0,1,2.43,81.8,2,52.5,0,0,3.8,0.64,0.64,0,0,1,0,0,0,0,0,0,0,0
19.2,1,53567.0,1,4.36,100.0,2,45.1,1,0,8.5,1.76,1.69,1,0,0,0,0,0,0,0,1,0,0
21.2,0,40229.0,1,2.29,83.6,2,26.3,0,1,5.2,1.54,0.93,0,1,0,0,0,0,1,0,1,0,0
22.5,1,35026.0,1,4.2,81.7,3,36.0,1,0,5.3,1.57,2.07,0,1,0,0,0,0,0,0,0,0,0
20.7,1,25000.0,1,3.49,85.1,2,18.0,1,0,7.5,1.97,2.05,0,0,0,1,1,0,0,0,0,0,0
23.6,1,31585.0,1,4.25,84.1,0,30.3,0,1,6.6,0.58,0.12,0,0,1,0,0,0,0,0,0,0,0
22.2,0,25000.0,1,2.11,71.5,3,39.2,1,1,5.0,2.13,1.76,0,0,0,1,1,0,0,0,0,0,0
17.0,0,49300.0,1,4.26,76.4,3,42.2,0,1,7.6,2.83,2.77,0,0,0,1,0,0,0,1,0,0,1
19.8,0,34723.0,1,1.69,85.0,0,22.3,0,0,4.3,3.16,2.96,0,0,0,0,0,0,0,1,0,0,0
19.8,0,25000.0,1,4.35,75.7,2,42.0,0,0,6.0,3.94,3.83,0,1,0,0,0,0,1,0,0,1,0
22.1,0,78422.0,1,3.88,87.2,1,31.8,1,0,3.2,2.52,2.55,0,0,0,0,0,1,0,0,0,0,1
17.0,0,25000.0,1,1.56,82.3,1,26.5,1,0,6.0,2.44,2.29,0,0,0,0,0,1,0,0,1,0,0
26.6,1,29740.5,0,4.0,89.5,1,52.9,0,1,5.5,1.94,1.68,0,0,1,0,0,1,0,0,0,1,0
22.2,0,41486.0,1,4.91,81.0,1,25.7,1,0,7.1,1.95,1.9,0,1,0,0,0,0,0,1,1,0,0
21.3,0,25000.0,1,3.42,85.9,2,16.7,0,0,7.1,2.28,2.01,0,0,0,1,0,0,0,0,0,0,0
23.6,1,29065.0,1,2.31,67.5,4,21.9,0,1,10.0,0.0,0.19,1,0,1,0,0,0,0,1,0,0,0
26.2,0,25000.0,1,3.44,69.1,0,38.7,0,0,5.0,1.0,0.68,0,0,0,0,0,0,0,0,0,0,0
22.9,1,25000.0,1,1.05,75.6,2,18.2,1,0,3.9,2.03,2.43,0,0,1,0,0,1,0,0,1,0,0
23.1,0,25000.0,1,4.41,84.5,2,40.0,0,1,6.3,3.33,3.33,0,0,0,0,0,0,0,0,0,0,0
21.3,0,25000.0,1,4.98,75.8,2,19.8,0,1,3.9,1.21,1.11,1,0,0,0,0,1,0,0,1,0,0
20.7,0,43763.0,0,3.39,87.8,3,29.1,0,1,3.5,2.24,2.12,1,0,1,0,0,0,0,1,1,0,0
20.0,0,30960.0,1,3.66,85.1,1,56.5,1,0,5.0,3.33,3.5,0,0,0,1,0,0,0,1,0,1,0
19.2,1,31449.0,1,5.45,78.3,4,19.4,0,1,9.1,0.78,1.04,0,0,0,1,0,0,1,0,1,0,0
19.5,0,25000.0,1,6.0,83.8,4,5.8,0,0,6.7,1.87,1.74,0,0,0,1,0,0,0,0,1,0,0
18.0,1,25000.0,1,4.95,78.4,1,46.4,0,1,6.2,2.08,2.02,0,0,0,0,0,0,1,0,0,0,0
20.8,1,25000.0,1,2.68,84.5,0,13.2,1,1,2.5,0.87,0.66,1,1,0,0,0,0,0,1,0,0,0
17.3,0,25000.0,1,5.61,77.9,2,20.3,0,1,4.4,1.81,1.85,0,0,0,1,0,0,1,0,1,0,0
21.4,0,25000.0,0,4.8,85.2,2,38.7,1,0,8.1,0.0,0.0,1,1,0,0,1,0,0,0,0,0,0
20.9,0,31092.0,1,4.31,92.9,3,38.3,0,1,5.0,1.83,1.45,0,0,0,0,1,0,0,0,0,0,0
21.3,1,25000.0,1,4.4,72.1,1,5.0,0,0,9.5,0.5,1.11,1,0,0,0,0,1,0,0,1,0,0
19.9,0,25000.0,1,5.39,76.4,1,25.9,0,1,6.3,1.89,1.66,0,0,0,0,0,0,0,0,0,0,0
27.8,0,45114.0,1,1.58,76.8,2,40.2,0,0,5.2,0.0,0.04,1,0,0,1,1,0,0,0,1,0,0
24.0,1,25000.0,1,3.8,84.5,2,54.3,1,0,4.9,4.0,3.83,0,0,0,0,0,1,0,0,1,0,0
18.3,0,25000.0,1,2.52,88.7,2,15.1,0,1,5.4,1.65,1.97,0,0,0,1,0,0,1,0,0,0,0
21.5,0,41692.0,1,4.53,68.1,3,42.8,1,0,2.9,3.04,2.55,1,0,0,1,0,0,1,0,1,0,0
19.7,0,34874.0,1,2.94,80.5,2,22.1,1,0,7.3,3.0,3.22,0,0,1,0,1,0,0,0,0,0,0
18.8,0,36214.0,1,8.01,82.2,2,42.5,1,0,6.3,3.29,2.84,0,0,0,0,0,0,1,0,0,0,1
18.1,1,43282.0,1,4.98,89.1,3,17.5,0,0,5.0,1.73,2.11,0,0,0,1,1,0,0,0,0,0,0
22.0,0,39104.0,1,2.49,74.8,1,27.2,1,0,5.3,0.0,0.0,0,0,0,1,0,0,1,0,0,0,0
19.5,0,30250.0,1,5.25,87.8,2,34.6,0,0,7.0,2.35,2.38,0,0,0,1,0,0,0,0,1,0,0
23.1,1,124850.0,0,3.47,84.3,3,41.5,1,1,9.2,1.23,1.78,0,0,1,0,0,0,0,0,0,1,0
23.2,0,25000.0,1,4.12,96.2,4,36.8,0,1,8.3,2.74,2.97,0,0,1,0,0,0,0,1,0,0,0
24.0,0,25000.0,1,3.82,99.6,3,24.8,0,1,5.8,3.75,4.0,0,0,0,1,1,0,0,0,1,0,0
19.1,1,53125.0,1,1.63,88.4,1,24.0,1,0,4.0,3.38,3.31,0,1,0,0,0,0,0,1,0,0,0
22.0,1,32388.0,0,3.21,79.9,1,51.3,0,1,2.7,3.22,3.34,0,0,0,0,1,0,0,0,0,1,0
22.4,1,46852.0,0,2.53,85.9,5,33.3,0,1,5.7,1.87,1.75,1,0,0,0,0,1,0,0,1,0,0
20.0,0,32921.0,1,0.86,86.7,1,24.3,1,0,4.1,2.26,2.07,0,0,1,0,0,0,1,0,0,1,0
19.3,0,67808.0,0,3.31,86.2,2,36.5,0,1,5.8,0.32,0.44,0,1,0,0,1,0,0,0,0,0,0
24.5,1,25000.0,1,3.66,85.4,1,37.5,1,1,6.0,2.8,3.01,0,0,1,0,1,0,0,0,0,0,0
21.5,1,66535.0,0,2.09,86.3,0,13.8,1,0,6.8,1.63,1.7,0,0,0,1,0,1,0,0,0,1,0
22.4,1,60030.0,1,5.4,90.4,1,35.8,0,0,3.4,4.0,3.51,0,1,0,0,0,0,0,1,0,0,0
19.2,0,25000.0,1,4.48,99.6,1,11.9,1,1,3.9,4.0,3.67,0,0,0,0,0,1,0,0,1,0,0
18.3,0,43408.0,0,4.13,67.5,3,22.3,1,1,4.9,2.69,2.25,1,0,0,1,0,0,0,1,1,0,0
19.7,0,28975.0,1,4.67,92.4,0,18.2,0,1,6.0,2.29,2.01,0,0,0,0,0,0,0,0,0,0,0
20.7,0,25000.0,0,4.71,83.1,3,28.4,0,0,5.9,2.68,2.63,0,1,0,0,1,0,0,0,0,0,0
18.7,0,25000.0,1,4.35,75.7,0,24.8,0,0,10.0,1.95,2.42,0,0,1,0,0,0,1,0,0,0,0
21.0,1,25000.0,1,6.01,71.2,3,27.6,0,1,1.4,2.88,2.78,0,0,0,1,0,0,0,0,0,1,0
17.3,0,45473.0,1,1.28,84.4,1,7.3,0,0,7.5,0.29,0.52,0,0,0,1,0,0,0,1,0,1,0
18.5,0,48451.0,1,4.69,82.3,0,29.1,1,1,7.4,1.39,0.72,0,0,0,1,0,0,0,0,0,0,0
22.5,0,26202.0,0,3.51,73.4,5,16.8,0,1,3.9,0.82,1.03,1,0,0,1,0,0,1,0,0,0,0
22.3,0,48542.0,1,5.82,81.8,1,57.4,1,1,4.6,2.69,2.72,0,0,0,1,0,1,0,0,0,0,0
20.1,0,52426.0,1,4.48,90.3,2,25.2,0,1,8.7,0.0,0.0,1,1,0,0,0,1,0,0,1,0,0
18.8,0,32623.0,1,3.85,94.4,2,26.9,0,0,4.4,3.4,3.41,0,0,0,1,0,0,0,1,0,1,0
18.7,0,25000.0,1,5.87,83.0,1,38.3,0,0,4.4,3.29,3.2,0,0,0,0,0,1,0,0,0,0,0
20.2,0,29740.5,1,4.0,68.0,1,45.9,0,0,5.5,1.09,0.52,1,1,0,0,0,0,1,0,0,1,0
22.4,0,39823.0,1,4.54,87.0,1,15.9,0,0,6.4,0.6,0.0,1,0,0,1,0,1,0,0,0,0,0
23.0,1,44550.0,1,3.18,91.3,4,36.9,0,0,7.3,1.5,1.6,1,0,1,0,1,0,0,0,0,0,0
19.9,1,49973.0,1,4.17,83.5,1,41.6,0,0,7.4,1.94,1.87,0,0,1,0,0,0,1,0,1,0,0
18.5,0,25000.0,1,6.68,84.8,1,32.2,0,0,6.9,3.36,3.62,0,0,0,1,0,0,0,1,1,0,0
21.6,1,29740.5,1,4.0,78.8,3,32.0,1,1,5.5,3.25,3.42,0,1,0,0,0,0,0,1,0,1,0
19.2,1,25000.0,1,4.55,80.7,5,23.9,0,0,5.4,2.48,2.43,0,1,0,0,0,0,0,1,1,0,0
19.9,1,46546.0,1,2.21,76.9,2,26.1,1,0,6.7,2.74,2.6,0,0,0,1,0,0,1,0,1,0,0
23.9,0,26176.0,1,7.07,73.7,2,28.7,0,0,6.7,2.14,1.85,0,1,0,0,0,0,0,0,1,0,0
22.8,1,38503.0,1,2.41,72.4,2,24.9,1,0,4.2,1.14,1.22,0,0,1,0,0,0,1,0,0,0,0
21.3,1,25000.0,1,4.09,75.1,2,40.7,0,1,3.7,2.79,2.78,0,0,0,1,0,1,0,0,0,1,0
18.2,1,68912.0,1,4.6,74.6,2,19.5,0,0,3.5,2.54,2.6,0,0,0,0,0,0,0,0,1,0,0
21.5,0,25000.0,1,4.82,84.4,2,40.3,1,0,6.3,2.26,2.34,0,0,0,0,0,0,1,0,0,1,0
23.3,1,47322.0,1,3.08,85.6,2,45.9,0,0,7.3,1.93,1.88,0,0,0,1,0,1,0,0,0,0,0
20.2,1,31913.0,1,4.87,78.6,2,34.4,1,1,5.8,2.72,2.59,0,1,0,0,0,0,0,1,0,0,1
24.0,0,26538.0,1,2.4,75.3,0,8.5,0,0,3.6,2.08,1.59,0,0,0,1,0,1,0,0,0,0,0
23.8,0,29740.5,1,4.0,99.2,1,37.3,0,1,5.5,4.0,3.24,0,0,0,1,0,0,0,0,0,0,0
24.7,1,25000.0,1,2.33,78.5,2,22.3,1,0,3.8,1.8,1.92,0,0,1,0,1,0,0,0,0,0,0
21.7,0,64674.0,1,3.33,77.3,3,23.7,0,0,4.2,4.0,3.86,0,0,0,1,0,0,0,1,1,0,0
22.3,1,29958.0,0,4.74,69.4,1,34.3,0,0,4.8,3.09,3.26,0,0,1,0,1,0,0,0,0,0,0
24.1,0,25000.0,0,3.78,86.1,4,43.3,0,0,4.1,3.32,3.39,0,1,0,0,0,0,0,0,1,0,0
22.0,1,25000.0,1,5.97,96.6,5,10.1,1,0,3.5,4.0,4.0,0,0,1,0,0,0,0,1,1,0,0
19.9,1,32113.0,1,5.64,80.5,2,30.7,1,0,8.3,0.42,0.67,0,0,0,0,0,0,1,0,0,1,0
20.0,0,50954.0,1,4.64,79.2,1,53.9,0,0,2.1,4.0,3.96,0,1,0,0,0,0,1,0,0,1,0
21.5,0,25000.0,1,3.07,84.2,2,16.8,0,0,4.4,3.17,3.03,0,1,0,0,0,0,1,0,0,0,0
18.2,1,25000.0,1,3.84,84.5,1,27.6,0,1,5.1,2.74,2.76,0,1,0,0,0,1,0,0,1,0,0
20.7,1,29740.5,1,4.0,62.0,2,22.6,1,0,5.5,0.48,0.41,1,1,0,0,1,0,0,0,0,1,0
23.4,0,50214.0,0,2.91,87.2,1,38.4,0,1,6.0,0.82,0.32,0,1,0,0,0,1,0,0,1,0,0
17.0,0,25000.0,0,3.68,97.0,3,15.0,0,0,5.0,4.0,4.0,0,0,0,0,0,0,1,0,0,0,0
24.4,1,40264.0,1,5.14,82.4,4,11.2,1,0,4.2,1.29,1.43,1,0,0,1,0,0,0,1,1,0,0
23.5,0,25000.0,0,4.55,81.1,2,40.0,1,1,7.6,3.23,3.18,0,0,1,0,1,0,0,0,0,0,0
20.0,1,25000.0,1,3.65,88.4,0,32.9,0,0,4.0,1.52,1.65,0,0,1,0,0,0,0,0,0,0,0
22.2,1,98809.0,1,3.01,87.4,1,15.8,1,1,5.9,2.2,1.87,0,1,0,0,0,0,0,1,1,0,0
21.0,1,26426.0,1,4.99,83.4,2,29.2,0,1,5.2,2.93,3.53,0,0,1,0,0,1,0,0,0,0,0
23.7,1,46762.0,1,3.25,88.2,0,14.6,1,0,6.4,1.01,1.46,1,0,0,0,0,0,0,0,1,0,0
23.2,1,45768.0,0,4.88,88.6,5,41.1,1,1,8.3,2.25,2.26,0,0,0,1,0,0,0,0,0,0,0
17.9,1,25000.0,1,4.67,72.6,1,33.3,0,1,6.8,1.87,1.74,0,0,0,0,0,0,0,1,0,0,0
22.3,1,25000.0,1,5.39,72.8,3,21.4,1,0,5.3,2.62,2.38,0,0,0,1,1,0,0,0,0,0,0
20.5,1,48659.0,1,2.89,71.7,0,23.0,0,1,8.5,0.87,0.69,0,1,0,0,0,0,1,0,0,0,1
21.2,1,29740.5,0,4.0,69.9,1,24.5,0,0,5.5,0.12,0.0,1,1,0,0,0,1,0,0,1,0,0
19.4,1,25000.0,0,4.0,88.5,0,17.1,0,1,7.6,0.0,0.0,1,0,0,0,0,1,0,0,0,0,0
24.8,0,55033.0,1,3.6,88.5,1,46.1,0,0,6.0,2.6,2.23,0,0,0,0,0,0,1,0,0,1,0
23.3,1,25000.0,1,3.12,85.6,2,44.0,1,0,4.1,2.31,2.22,0,0,1,0,0,1,0,0,0,0,0
19.4,0,25000.0,0,3.11,95.3,1,25.2,0,0,1.2,3.81,3.7,0,0,1,0,0,0,1,0,0,1,0
18.1,1,29740.5,1,4.0,64.5,2,26.2,0,1,5.5,0.91,1.1,0,0,0,0,0,0,0,0,0,0,0
20.2,1,25000.0,0,3.0,76.5,1,16.5,1,1,6.9,1.9,1.18,1,0,0,1,0,0,0,1,1,0,0
22.0,0,29740.5,0,4.0,68.0,4,28.1,1,0,5.5,3.1,2.6,0,0,0,0,0,0,1,0,1,0,0
21.5,0,25000.0,1,5.16,91.1,0,35.9,1,0,6.2,2.48,2.16,0,0,0,0,0,1,0,0,1,0,0
23.8,1,25741.0,1,4.38,77.3,1,44.2,1,0,4.7,3.38,3.23,0,0,1,0,0,0,0,0,0,1,0
22.7,1,25000.0,1,3.68,97.5,0,19.2,0,0,6.4,2.99,3.33,0,0,0,1,0,1,0,0,1,0,0
23.1,0,25000.0,1,3.86,81.4,2,9.8,0,1,4.4,3.57,3.49,0,0,0,0,0,1,0,0,0,1,0
21.7,0,73570.0,1,5.83,86.1,1,17.9,0,0,4.2,3.72,4.0,0,1,0,0,0,0,1,0,1,0,0
17.9,0,29740.5,0,4.0,83.3,1,36.7,0,1,5.5,3.17,2.96,0,0,0,1,1,0,0,0,0,0,0
20.6,1,42239.0,0,0.6,78.8,0,29.5,0,0,3.4,2.12,1.88,0,0,0,0,0,0,1,0,1,0,0
23.3,1,27383.0,1,2.89,89.3,2,41.9,1,1,7.2,2.28,2.07,0,1,0,0,0,1,0,0,0,0,0
20.9,0,35372.0,1,3.32,54.2,2,30.5,0,1,5.5,1.03,1.33,0,0,0,0,1,0,0,0,0,1,0
22.1,0,52039.0,1,5.99,79.3,2,49.4,1,0,3.4,2.55,2.62,1,0,0,1,0,0,0,0,0,0,0
20.3,0,25000.0,1,4.82,88.4,3,11.0,1,0,4.4,2.1,2.1,0,1,0,0,0,0,1,0,0,0,0
18.7,0,34853.0,1,2.13,70.4,5,5.0,0,0,6.6,1.9,1.99,0,0,1,0,0,1,0,0,0,0,0
20.7,0,45145.0,0,4.9,76.4,2,46.2,1,0,5.0,1.94,1.39,0,0,0,1,0,0,1,0,1,0,0
21.7,1,75123.0,1,7.73,78.1,1,20.5,1,0,6.8,3.11,3.12,0,1,0,0,1,0,0,0,0,1,0
19.6,1,95677.0,1,5.07,79.4,1,31.7,1,0,3.7,3.16,3.35,0,0,0,0,0,1,0,0,0,0,0
20.5,0,31005.0,1,2.87,77.2,3,31.6,1,0,5.0,1.46,0.67,0,1,0,0,0,0,0,0,0,0,0
18.9,1,58876.0,1,5.95,73.9,3,33.9,0,0,5.4,3.36,3.4,0,0,1,0,0,0,0,1,1,0,0
23.5,1,25000.0,1,4.44,81.4,2,24.3,1,1,9.5,1.14,1.39,1,0,1,0,0,1,0,0,1,0,0
20.4,1,75461.0,0,3.12,88.4,2,18.6,1,0,4.2,1.73,1.03,1,0,1,0,0,0,0,1,0,0,0
24.2,1,25000.0,1,4.06,85.1,2,17.6,1,0,6.6,2.85,2.71,0,0,0,0,0,0,0,0,1,0,0
24.4,1,25728.0,1,3.69,90.2,3,37.2,1,0,6.3,0.29,0.66,0,0,0,1,0,1,0,0,0,0,0
20.8,0,38741.0,1,3.09,80.4,3,39.3,0,0,8.6,1.0,1.5,1,1,0,0,0,0,0,1,1,0,0
18.8,1,27118.0,1,2.42,92.1,0,27.0,1,0,7.9,2.7,2.6,1,0,0,1,0,0,0,1,1,0,0
17.0,0,33452.0,1,3.22,71.8,3,22.8,1,0,4.7,3.05,3.04,0,1,0,0,0,0,0,0,0,1,0
17.8,1,77081.0,1,3.93,92.5,4,36.8,0,0,3.6,2.7,2.88,0,1,0,0,0,0,0,1,1,0,0
18.0,1,25000.0,0,5.03,90.7,2,12.2,1,1,3.0,2.15,2.53,0,0,1,0,0,0,0,1,1,0,0
24.0,0,25000.0,1,2.34,69.4,2,53.4,0,0,5.9,2.78,2.48,0,1,0,0,0,0,1,0,1,0,0
21.3,0,88263.0,1,2.21,85.7,0,35.4,1,0,7.3,2.04,2.31,1,0,1,0,1,0,0,0,0,0,0
21.9,1,40785.0,1,4.14,81.0,2,28.1,0,0,7.6,0.59,0.63,1,0,0,0,0,0,0,1,0,0,0
17.0,0,94216.0,0,3.57,81.2,2,40.0,0,0,5.0,3.35,3.16,0,1,0,0,0,0,1,0,1,0,0
18.4,1,49920.0,1,3.49,82.5,3,37.6,0,0,5.6,3.24,3.55,0,0,0,1,0,0,0,1,1,0,0
23.0,0,25000.0,1,2.81,77.0,1,32.8,0,1,8.1,1.33,1.76,1,1,0,0,0,1,0,0,0,1,0
21.6,1,43793.0,1,2.87,89.5,0,7.3,0,1,4.1,1.85,1.94,1,0,1,0,1,0,0,0,1,0,0
20.7,1,29740.5,1,4.0,82.0,0,34.9,0,0,5.5,3.39,3.67,0,0,1,0,0,1,0,0,1,0,0
22.2,0,29865.0,1,1.67,73.0,2,47.5,0,0,7.6,0.55,1.0,1,0,0,0,1,0,0,0,1,0,0
24.6,0,28412.0,0,4.44,81.7,0,23.3,1,0,3.4,3.2,2.58,0,0,0,1,0,0,0,0,0,1,0
20.5,1,25000.0,1,4.64,78.2,1,41.5,1,0,5.0,1.8,1.82,0,0,0,0,1,0,0,0,0,0,0
21.2,0,25000.0,1,6.16,86.9,2,40.2,1,0,6.3,3.48,3.18,0,1,0,0,0,0,1,0,0,0,0
21.4,1,111649.0,1,4.77,71.5,1,33.5,0,0,4.7,3.76,3.82,0,0,0,0,0,0,0,1,0,0,0
26.3,0,34304.0,1,3.95,98.0,3,32.0,1,0,7.4,2.92,2.97,0,1,0,0,0,0,0,0,1,0,0
17.0,1,26759.0,1,4.62,83.0,5,36.7,0,0,10.0,2.58,2.84,0,0,1,0,0,1,0,0,0,0,0
22.5,0,88233.0,1,3.51,72.1,3,35.0,1,0,4.0,2.77,2.94,1,0,0,0,0,0,0,1,1,0,0
20.7,1,25000.0,1,2.89,80.4,1,52.7,0,0,5.7,3.47,3.52,0,1,0,0,1,0,0,0,0,0,0
22.2,1,29740.5,1,4.0,63.1,2,41.6,0,0,5.5,2.08,1.85,0,0,1,0,0,0,0,1,0,0,0
19.6,0,53878.0,1,4.41,75.6,2,38.5,0,0,6.1,1.94,2.86,0,0,1,0,1,0,0,0,0,0,0
20.9,0,25000.0,1,2.34,85.4,2,42.7,0,0,4.4,1.92,1.63,0,0,1,0,0,0,0,1,0,0,0
22.6,0,25000.0,1,3.95,99.8,3,38.5,0,1,4.3,3.89,4.0,0,0,0,0,1,0,0,0,1,0,0
27.8,1,25000.0,1,2.92,97.0,1,5.0,1,1,4.4,3.44,2.94,0,1,0,0,0,1,0,0,0,1,0
22.8,1,25000.0,1,5.2,83.6,1,28.6,1,1,4.7,4.0,3.98,0,0,0,0,1,0,0,0,0,0,0
19.1,0,25000.0,0,3.44,75.8,1,22.6,0,0,4.7,2.68,2.8,0,1,0,0,0,0,0,0,1,0,0
20.1,0,32700.0,1,6.22,84.2,0,33.9,0,0,1.0,4.0,3.73,0,0,0,0,0,0,0,1,0,1,0
20.0,0,25000.0,1,5.53,87.9,1,23.3,0,1,5.7,1.28,1.42,0,0,0,0,0,0,0,1,0,1,0
17.0,1,108533.0,1,2.58,83.6,1,37.1,1,1,5.0,1.55,1.37,1,0,1,0,0,0,0,1,0,1,0
20.3,0,25000.0,1,3.13,88.0,2,24.9,1,0,4.2,2.72,2.8,0,1,0,0,0,1,0,0,0,1,0
22.6,0,68898.0,1,4.87,85.6,1,50.4,1,1,5.7,3.02,2.58,0,1,0,0,0,0,1,0,1,0,0
18.2,1,33923.0,1,4.07,84.3,5,49.8,0,0,5.5,3.3,3.09,0,0,0,1,0,0,0,1,0,0,0
23.3,0,48246.0,1,3.64,72.3,2,12.6,1,0,4.8,2.22,1.98,0,1,0,0,1,0,0,0,1,0,0
22.1,0,46519.0,1,4.07,81.0,2,33.9,0,0,5.5,3.24,3.24,0,0,0,1,0,0,0,1,0,1,0
19.4,0,25000.0,0,3.84,97.3,2,24.5,0,0,4.5,4.0,3.93,0,0,0,1,1,0,0,0,1,0,0
20.7,1,29527.0,1,5.31,85.9,1,33.0,1,1,3.4,3.08,3.1,0,1,0,0,0,1,0,0,0,0,0
24.5,0,25404.0,1,3.63,91.3,1,37.0,1,0,9.0,2.18,1.79,1,0,0,0,0,1,0,0,0,1,0
22.6,1,25000.0,1,4.61,98.1,1,14.7,1,0,4.6,2.34,2.47,0,0,0,1,0,0,0,1,0,0,0
21.0,1,39174.0,1,4.6,72.6,2,18.3,0,1,6.0,2.04,2.04,0,0,0,1,0,1,0,0,0,0,0
20.5,0,83277.0,1,5.62,100.0,0,19.8,1,0,10.0,1.82,1.99,1,1,0,0,0,1,0,0,1,0,0
21.2,0,25000.0,1,3.91,89.8,1,23.4,1,0,4.8,2.86,3.06,0,0,1,0,0,1,0,0,0,0,0
19.9,1,25000.0,1,4.2,91.3,2,23.7,1,0,6.3,1.82,1.82,0,0,0,0,0,0,0,0,0,0,0
17.0,0,25000.0,0,4.49,76.6,1,39.6,1,1,9.7,0.86,0.54,1,0,1,0,0,0,1,0,1,0,0
25.5,0,31041.0,1,3.16,87.8,1,32.7,1,0,2.5,2.93,2.94,0,0,0,1,0,0,1,0,0,0,0
21.3,1,25000.0,1,3.79,75.6,2,19.5,1,1,7.9,0.86,1.25,1,0,0,0,1,0,0,0,0,0,0
21.9,0,29740.5,1,4.0,68.2,0,26.2,1,0,5.5,1.68,1.68,0,0,0,0,0,0,0,1,0,0,0
20.9,0,44968.0,1,4.89,84.7,1,5.0,0,0,4.6,3.08,3.08,0,1,0,0,0,0,0,1,0,0,0
19.4,0,79357.0,1,6.04,80.1,3,54.2,1,1,5.6,4.0,4.0,0,0,0,0,1,0,0,0,1,0,0
20.6,1,146795.0,0,1.52,91.2,3,30.2,0,0,4.8,2.17,2.13,1,0,0,1,0,0,0,1,1,0,0
17.5,1,25000.0,1,5.3,77.8,3,41.9,0,0,8.3,0.85,0.75,1,1,0,0,0,0,0,0,0,0,0
26.0,0,25000.0,1,3.94,65.9,1,39.5,0,0,5.5,2.27,2.58,0,1,0,0,0,1,0,0,0,1,0
18.3,1,41586.0,1,5.64,80.0,2,29.6,1,0,6.8,3.08,3.12,0,0,0,1,0,0,0,1,0,0,0
18.7,1,29740.5,0,4.0,92.0,0,5.0,1,0,5.5,4.0,4.0,0,0,1,0,0,0,0,0,0,1,0
20.0,0,48446.0,1,5.26,100.0,2,23.3,0,1,6.0,1.41,1.39,0,0,0,1,0,0,0,0,0,0,1
23.8,1,77949.0,1,3.86,92.5,1,34.2,0,0,4.8,2.66,2.84,0,0,0,0,0,0,1,0,1,0,0
21.0,0,25970.0,1,4.06,90.5,2,30.7,1,1,2.9,3.02,2.73,0,0,1,0,0,0,0,0,0,0,0
18.3,0,25000.0,1,5.25,79.0,5,42.5,1,0,7.9,2.08,2.25,0,1,0,0,1,0,0,0,0,0,1
23.8,0,31865.0,1,7.19,100.0,1,30.0,0,1,6.1,4.0,3.78,0,0,0,0,0,0,1,0,0,1,0
22.6,0,25000.0,1,3.31,87.5,4,52.1,1,0,6.9,2.11,1.81,1,0,0,1,0,0,0,1,0,0,0
22.2,1,44261.0,1,4.15,87.8,4,17.3,0,0,4.2,2.56,2.6,0,0,1,0,0,0,0,0,0,0,0
22.6,1,53203.0,1,3.06,87.0,2,36.2,0,0,7.6,3.25,3.64,0,0,1,0,0,0,0,0,0,0,1
26.3,0,55762.0,1,3.69,72.7,2,17.7,1,1,6.3,3.35,3.21,0,1,0,0,0,0,1,0,0,0,0
25.8,1,40391.0,1,3.33,85.1,2,41.0,0,1,5.8,2.67,3.13,0,0,1,0,0,0,0,0,0,0,0
19.5,0,34458.0,0,2.7,70.4,1,21.0,0,0,7.4,2.84,2.64,1,0,1,0,0,0,0,1,1,0,0
24.6,0,47890.0,1,4.66,88.6,6,8.9,0,1,4.9,2.75,2.6,0,0,0,1,0,1,0,0,1,0,0
21.8,1,25000.0,1,4.26,84.7,1,12.2,0,0,7.8,2.15,2.23,0,0,0,1,0,1,0,0,0,0,0
22.1,0,33737.0,1,2.84,76.9,3,24.3,1,1,4.3,1.72,1.6,0,0,0,1,0,0,1,0,0,0,0
17.3,1,30684.0,1,2.49,91.0,2,48.7,0,0,5.6,2.21,2.16,0,1,0,0,1,0,0,0,1,0,0
20.6,1,33788.0,1,5.13,79.1,3,38.9,1,0,3.8,2.84,2.86,0,0,1,0,1,0,0,0,0,0,0
19.2,0,28210.0,1,3.36,79.3,1,35.4,0,1,3.4,1.37,1.82,1,1,0,0,0,0,1,0,0,0,0
22.8,0,38527.0,1,6.92,86.3,0,29.2,0,0,4.7,3.37,2.65,0,1,0,0,0,1,0,0,0,0,0
23.4,0,25000.0,1,3.89,81.9,3,16.5,1,0,5.2,2.47,2.2,0,1,0,0,0,1,0,0,0,0,0
17.0,1,58555.0,1,4.06,83.9,0,18.8,1,0,6.5,2.88,2.93,0,0,0,1,0,0,0,1,0,0,1
21.0,1,39505.0,0,3.71,90.3,2,23.4,0,0,4.3,2.49,2.37,0,0,1,0,1,0,0,0,1,0,0
23.5,1,32546.0,0,2.17,76.1,2,22.3,1,0,6.6,2.95,2.98,0,1,0,0,0,1,0,0,0,1,0
20.6,1,25000.0,1,2.16,75.4,2,22.1,0,0,4.9,0.0,0.8,1,0,0,1,0,0,0,1,0,0,0
22.6,1,29740.5,1,4.0,80.1,1,18.6,1,1,5.5,3.26,2.43,0,0,0,1,1,0,0,0,0,0,0
21.8,0,33658.0,0,5.74,81.5,0,30.1,0,0,6.6,2.5,2.26,0,1,0,0,0,0,1,0,0,1,0
21.8,0,25000.0,0,2.72,87.1,2,21.0,0,1,4.5,1.34,1.64,0,0,1,0,0,0,0,1,1,0,0
20.4,1,28739.0,1,4.65,97.5,2,43.6,1,1,8.8,3.72,3.39,0,0,0,0,0,1,0,0,0,0,0
18.3,1,43367.0,1,5.73,81.7,0,43.5,1,0,6.3,2.47,2.47,0,0,0,0,0,0,0,0,0,1,0
18.5,0,41396.0,1,2.28,82.3,1,37.2,0,0,3.0,2.67,3.03,0,0,1,0,0,0,0,0,0,0,0
22.6,0,39823.0,1,3.99,76.8,1,35.8,0,0,5.3,1.72,1.34,1,0,0,1,0,0,1,0,1,0,0
21.0,0,31430.0,0,3.32,75.8,0,11.4,0,0,4.3,2.81,2.62,0,0,1,0,0,0,1,0,0,0,1
20.7,1,55022.0,1,4.21,87.4,3,57.5,0,1,2.5,2.82,2.8,0,0,1,0,0,0,1,0,0,0,0
20.1,1,62485.0,1,5.6,82.3,3,26.6,0,0,7.4,3.85,3.86,0,1,0,0,0,1,0,0,0,1,0
20.3,0,46277.0,1,4.52,92.0,0,39.5,0,0,7.4,2.14,2.51,0,1,0,0,0,0,0,0,0,1,0
23.3,0,25000.0,1,4.77,91.1,3,40.0,0,1,4.2,2.56,2.57,0,0,0,1,1,0,0,0,1,0,0
20.3,1,25000.0,1,1.12,89.0,5,17.5,0,0,6.8,1.29,1.75,0,1,0,0,0,0,0,1,1,0,0
18.0,0,25000.0,1,4.91,70.3,0,22.5,1,1,7.1,1.85,2.29,0,0,0,1,0,1,0,0,0,1,0
22.6,1,96009.0,1,3.95,87.5,1,34.8,0,0,5.5,2.17,2.49,0,0,0,1,1,0,0,0,1,0,0
20.5,1,35208.0,1,6.81,74.5,1,11.4,0,0,7.2,1.74,1.67,0,0,1,0,0,0,1,0,0,0,0
21.1,0,106496.0,1,4.78,66.9,1,28.9,1,0,6.0,2.2,2.32,0,0,1,0,0,1,0,0,1,0,0
24.5,1,27664.0,1,3.58,83.8,2,5.0,0,1,7.6,1.03,1.24,1,0,0,0,0,1,0,0,0,0,0
21.0,0,25456.0,1,6.45,92.9,2,30.1,1,1,3.4,3.49,3.28,0,0,0,0,1,0,0,0,0,1,0
21.6,1,28440.0,1,3.91,87.7,1,46.5,0,1,5.8,1.61,2.0,1,1,0,0,0,0,0,0,0,0,0
18.4,1,28133.0,1,4.36,74.9,1,30.0,0,0,5.9,2.42,2.28,0,0,1,0,1,0,0,0,1,0,0
20.5,1,25000.0,1,2.2,100.0,2,12.4,1,1,3.4,4.0,3.99,0,0,0,1,0,0,0,0,0,0,0
22.3,1,25000.0,1,3.18,88.5,2,23.4,0,1,3.6,3.33,3.8,0,0,0,0,0,0,0,1,0,1,0
17.6,1,40167.0,1,3.07,75.3,2,37.4,1,0,2.6,1.52,1.61,0,0,1,0,0,0,0,1,1,0,0
21.4,0,55991.0,1,3.76,65.6,2,32.0,0,1,5.6,3.48,3.16,0,0,0,1,0,0,0,0,0,1,0
21.2,0,128925.0,1,2.42,80.4,0,35.4,0,0,4.7,2.76,2.32,0,0,1,0,0,0,0,1,0,1,0
21.1,1,25000.0,1,1.76,66.3,1,27.9,1,0,3.2,2.05,2.43,0,0,1,0,0,0,0,0,0,0,0
23.3,1,25000.0,1,4.14,73.8,2,20.8,0,1,7.7,2.05,1.79,0,1,0,0,0,0,0,0,0,0,0
21.7,0,25000.0,1,2.09,68.4,3,31.5,0,0,6.2,1.04,0.89,0,0,1,0,1,0,0,0,1,0,0
24.3,1,58421.0,1,4.95,76.0,1,30.8,1,1,4.2,2.66,2.78,0,0,0,1,0,0,1,0,1,0,0
18.8,1,48484.0,1,6.56,77.7,3,42.3,1,0,5.9,1.79,2.17,1,1,0,0,0,0,0,1,1,0,0
21.3,1,25000.0,1,4.3,75.0,0,24.4,0,1,5.1,3.39,3.26,0,0,1,0,1,0,0,0,1,0,0
21.2,0,25000.0,1,4.34,100.0,3,30.6,0,1,2.7,4.0,3.73,0,1,0,0,1,0,0,0,1,0,0
18.6,1,52655.0,1,1.11,80.5,2,28.3,0,0,6.0,0.67,0.67,1,0,0,1,0,1,0,0,1,0,0
23.1,0,37418.0,1,4.81,92.6,2,57.3,1,1,8.5,0.77,1.21,1,0,1,0,0,0,0,1,0,1,0
26.1,1,46865.0,1,3.9,86.6,5,21.0,0,0,8.0,3.5,3.4,0,0,1,0,0,0,0,1,0,0,0
21.0,1,25000.0,1,4.62,80.3,3,25.4,0,0,5.7,3.54,3.54,0,0,0,0,0,0,1,0,0,0,0
22.1,1,25000.0,1,2.48,78.2,3,18.5,1,1,4.7,2.36,3.13,0,0,1,0,0,0,0,1,0,0,0
21.2,0,25000.0,1,3.65,92.8,1,45.6,0,0,6.5,2.2,2.2,0,1,0,0,1,0,0,0,1,0,0
19.4,0,44921.0,1,5.6,73.7,1,46.5,1,1,6.0,2.42,2.87,0,0,1,0,1,0,0,0,0,0,1
17.0,1,105518.0,1,3.01,77.0,0,27.4,0,1,5.3,1.83,1.67,0,1,0,0,0,1,0,0,0,0,0
19.4,1,25000.0,1,3.58,76.9,2,44.2,0,0,8.8,3.1,3.42,1,0,0,1,0,0,0,0,0,0,0
17.9,0,116485.0,0,5.17,82.6,1,33.9,0,0,4.8,2.56,2.59,0,0,1,0,0,0,1,0,0,0,0
24.7,0,48918.0,1,4.91,74.7,2,38.4,0,0,7.2,2.24,2.2,1,0,0,0,0,0,1,0,1,0,0
20.7,1,25000.0,1,5.37,89.5,1,18.1,0,1,5.8,1.85,2.27,0,0,1,0,0,0,0,0,0,1,0
20.2,0,33807.0,1,3.07,90.6,1,31.9,1,0,5.8,2.43,1.78,0,0,1,0,1,0,0,0,0,0,1
23.0,1,49930.0,1,3.8,76.3,2,52.5,0,1,2.5,1.32,1.02,1,1,0,0,0,0,1,0,0,1,0
18.5,1,25000.0,1,2.83,86.2,2,47.7,0,1,7.5,1.52,1.03,0,0,1,0,0,0,0,1,0,1,0
19.3,1,43769.0,1,2.75,75.3,1,39.7,0,0,7.0,0.56,0.38,0,0,0,0,0,0,0,1,0,1,0
21.1,0,60092.0,1,2.76,83.4,2,41.4,0,0,5.8,0.76,0.67,1,0,0,0,0,1,0,0,0,0,0
23.3,1,29740.5,0,4.0,91.4,3,59.2,0,1,5.5,1.7,1.43,1,0,0,0,0,1,0,0,1,0,0
22.1,0,28652.0,1,6.06,82.8,0,39.4,0,0,6.2,4.0,4.0,0,0,0,1,0,0,1,0,1,0,0
21.5,0,26802.0,1,5.65,81.2,0,22.1,0,0,3.2,4.0,3.88,0,1,0,0,0,0,0,0,0,1,0
21.2,0,25880.0,0,4.7,100.0,0,44.6,1,0,3.8,4.0,3.97,0,0,1,0,1,0,0,0,0,1,0
21.9,1,25000.0,1,2.81,84.9,3,29.1,0,0,5.4,2.92,3.05,0,1,0,0,0,0,0,0,1,0,0
21.4,1,25000.0,1,2.67,75.3,3,35.9,0,0,2.5,3.39,3.15,0,0,0,0,1,0,0,0,0,0,0
18.7,0,25000.0,1,3.62,74.6,2,31.4,0,0,7.5,2.45,3.07,1,1,0,0,0,0,0,0,0,0,0
21.1,0,31828.0,1,4.53,100.0,1,21.5,0,1,5.1,3.65,3.51,0,0,0,0,0,0,0,0,1,0,0
18.6,0,25000.0,1,4.73,76.1,1,33.7,0,1,5.7,4.0,4.0,0,0,1,0,1,0,0,0,0,0,0
21.2,1,25000.0,1,4.31,76.4,1,41.6,0,0,3.7,3.3,3.26,0,1,0,0,0,0,0,0,1,0,0
19.9,1,46904.0,1,3.88,82.2,3,38.9,0,0,6.7,1.91,1.65,0,0,1,0,0,1,0,0,1,0,0
26.6,0,37137.0,1,4.28,87.9,1,35.8,0,0,5.2,2.95,2.75,0,0,1,0,0,1,0,0,0,0,0
20.9,1,25000.0,1,3.28,72.1,2,27.6,0,0,4.9,1.61,1.45,1,0,1,0,0,0,0,1,0,1,0
17.9,0,40286.0,1,2.13,79.8,4,10.1,0,0,8.0,1.37,1.4,1,0,1,0,0,1,0,0,0,0,0
20.7,1,25000.0,1,3.62,71.3,1,29.4,1,0,7.9,0.9,0.61,1,0,1,0,0,0,1,0,1,0,0
22.1,1,30879.0,1,4.24,80.8,0,36.7,0,0,6.8,1.52,1.42,0,0,0,1,1,0,0,0,0,0,0
24.7,1,53371.0,1,3.83,88.6,1,5.0,1,1,5.9,2.5,2.63,0,1,0,0,1,0,0,0,1,0,0
19.7,1,25000.0,1,2.02,80.0,0,29.2,1,0,4.6,3.53,3.36,0,0,0,0,0,0,1,0,1,0,0
17.5,1,25000.0,1,3.72,97.8,2,28.9,1,0,5.0,2.33,2.39,0,0,0,1,1,0,0,0,0,0,0
22.8,0,27253.0,0,3.2,75.2,3,19.0,0,1,4.9,3.0,3.1,0,0,0,0,0,0,0,0,0,0,0
18.0,1,25000.0,1,5.74,83.7,0,39.1,1,1,6.2,1.94,2.09,0,0,0,1,0,1,0,0,0,0,0
20.0,1,25173.0,1,4.73,92.5,2,41.3,0,0,5.4,2.76,2.99,0,0,0,1,0,1,0,0,0,0,0
20.4,0,25125.0,0,0.5,90.1,2,51.8,1,1,5.5,1.85,1.5,0,0,0,0,1,0,0,0,0,0,0
20.8,1,25000.0,0,4.07,100.0,2,29.7,0,1,8.3,2.74,2.88,1,0,0,0,1,0,0,0,0,0,0
22.5,1,40879.0,1,2.52,84.6,0,45.5,1,0,7.6,1.38,1.45,1,1,0,0,0,1,0,0,1,0,0
19.5,0,26646.0,0,2.11,74.8,1,20.2,1,0,4.1,3.1,2.66,0,0,1,0,0,1,0,0,1,0,0
20.4,0,60424.0,1,1.02,82.7,2,25.5,0,0,6.0,2.88,3.27,0,0,0,1,0,0,0,1,0,0,0
21.0,1,33837.0,1,5.14,75.3,2,38.2,1,0,4.1,3.0,3.25,0,0,0,1,0,0,0,0,0,1,0
21.3,1,46229.0,1,5.32,83.0,1,22.1,1,0,6.6,2.66,3.03,1,0,0,1,1,0,0,0,0,0,0
21.2,0,60720.0,1,2.05,91.9,2,28.1,0,0,9.0,0.32,0.33,0,0,0,1,0,0,0,1,0,0,0
22.0,1,27473.0,1,5.45,87.6,2,40.1,1,0,4.9,3.64,3.82,0,0,0,0,0,1,0,0,0,1,0
22.9,0,29718.0,1,6.73,81.2,3,29.9,1,0,6.9,1.21,0.94,1,0,0,0,0,0,0,0,0,1,0
21.9,0,25000.0,0,3.73,76.5,0,19.0,1,1,8.4,0.0,0.0,1,0,1,0,0,0,1,0,0,0,0
22.0,0,62550.0,1,2.83,84.6,0,22.9,1,1,5.3,3.33,2.74,0,0,1,0,0,0,0,1,0,0,0
17.5,1,27244.0,1,3.91,86.2,3,26.7,1,0,6.4,1.62,1.07,1,0,0,0,0,0,1,0,0,1,0
21.1,1,25000.0,1,5.52,72.0,1,37.1,0,1,8.6,0.84,1.0,1,0,1,0,0,0,0,1,0,0,0
22.1,0,46343.0,0,5.71,73.8,5,26.1,1,0,3.8,4.0,3.98,1,0,1,0,0,1,0,0,1,0,0
22.6,1,25000.0,1,3.95,79.7,1,5.0,1,1,3.6,2.1,2.14,0,0,1,0,0,0,0,1,1,0,0
19.5,1,25000.0,1,2.81,71.3,2,39.4,0,1,3.3,1.44,1.49,0,0,0,1,0,0,0,1,0,0,0
19.6,0,51276.0,1,4.32,67.5,1,37.7,0,0,6.9,0.94,1.08,1,1,0,0,0,0,0,0,1,0,0
19.7,1,25000.0,1,3.87,73.8,2,17.2,1,0,3.7,2.06,2.44,1,1,0,0,0,0,0,1,1,0,0
22.2,1,25000.0,0,4.15,85.1,0,16.4,0,0,6.5,2.57,2.58,0,0,0,0,0,0,1,0,1,0,0
23.3,0,25000.0,1,3.5,82.8,1,46.2,1,0,7.9,1.92,1.72,1,0,0,0,1,0,0,0,0,1,0
20.1,1,25000.0,1,4.25,78.4,1,27.1,0,0,4.3,2.8,2.55,0,0,0,1,0,1,0,0,1,0,0
23.0,1,45674.0,1,1.58,74.5,0,39.0,0,1,4.1,2.22,2.95,0,0,0,1,0,0,1,0,1,0,0
21.3,1,27619.0,0,4.47,85.0,4,21.7,0,0,6.7,3.41,3.41,0,1,0,0,0,0,0,1,0,1,0
20.7,0,25251.0,0,5.48,84.5,0,37.9,1,0,5.6,1.8,2.28,0,0,0,0,0,0,1,0,0,1,0
20.5,1,25306.0,1,3.75,91.9,1,18.9,0,1,1.2,2.54,2.73,0,0,1,0,0,0,0,0,0,0,1
22.6,1,29985.0,1,4.16,61.9,3,35.1,1,1,8.3,0.0,0.3,1,0,0,0,0,1,0,0,0,1,0
21.7,0,44005.0,1,1.91,68.0,2,34.3,0,0,6.5,1.43,0.78,1,0,0,1,0,0,0,0,0,1,0
26.0,0,28818.0,1,4.68,89.5,4,5.2,1,0,4.8,4.0,3.99,0,0,1,0,1,0,0,0,0,0,0
19.1,1,25000.0,1,5.21,85.8,1,31.5,0,0,4.7,2.73,2.62,0,0,0,0,0,0,1,0,0,0,0
22.1,0,41995.0,1,6.13,89.5,0,21.4,0,0,6.8,1.61,1.52,0,0,0,0,0,0,0,1,0,0,0
19.8,1,40100.0,1,0.91,74.9,2,43.1,0,1,5.4,1.23,0.75,1,0,0,1,0,0,0,0,1,0,0
19.1,0,33635.0,0,4.69,78.9,1,32.8,0,0,5.6,3.48,3.46,1,0,0,0,0,1,0,0,1,0,0
21.0,1,56678.0,1,1.74,71.8,2,27.0,0,0,5.8,3.03,3.53,0,0,1,0,0,0,0,1,1,0,0
21.3,1,29740.5,0,4.0,63.3,0,48.2,1,0,5.5,3.68,3.74,0,0,0,0,0,1,0,0,1,0,0
27.4,0,57920.0,1,3.28,83.1,3,7.2,0,1,4.9,3.66,3.81,0,1,0,0,0,1,0,0,1,0,0
20.6,1,69170.0,1,4.65,93.3,1,53.1,0,1,5.2,0.96,1.44,0,0,0,0,0,1,0,0,0,1,0
18.5,1,42167.0,1,4.56,80.7,3,52.5,1,1,4.1,2.49,2.71,0,1,0,0,0,0,0,1,1,0,0
21.6,1,25000.0,0,4.11,76.3,2,25.3,0,0,6.0,1.05,1.18,0,0,1,0,0,0,0,1,0,1,0
17.0,0,27489.0,1,3.41,73.0,2,40.7,1,1,6.4,2.96,2.49,0,0,0,1,0,0,0,1,0,0,0
20.8,1,62524.0,1,4.21,90.9,1,35.8,1,0,8.5,1.54,1.57,0,0,1,0,0,1,0,0,0,1,0
21.0,1,25000.0,1,5.22,82.6,3,5.0,1,0,4.1,3.86,3.77,0,0,0,1,0,0,0,1,0,1,0
22.7,1,25000.0,1,4.35,83.0,1,28.7,0,0,7.1,1.39,1.56,0,1,0,0,0,1,0,0,0,0,0
23.1,1,25000.0,1,5.03,70.4,0,14.8,1,1,8.1,2.7,2.76,1,0,0,0,0,0,0,1,1,0,0
19.9,1,25000.0,1,2.19,74.7,4,13.7,1,1,7.2,0.42,0.55,0,1,0,0,0,0,1,0,0,0,0
20.7,1,50198.0,1,4.08,87.9,2,26.6,0,0,4.6,1.98,2.13,0,0,1,0,0,0,0,0,0,1,0
19.3,1,37275.0,1,3.37,77.8,3,27.0,0,0,4.9,2.74,2.46,0,0,1,0,0,0,1,0,0,0,0
18.5,1,25000.0,1,5.01,76.8,2,44.6,0,0,8.2,0.75,0.5,1,0,0,0,1,0,0,0,0,0,0
21.7,0,29740.5,0,4.0,100.0,3,21.0,1,1,5.5,4.0,3.47,0,1,0,0,0,0,1,0,0,0,0
18.2,0,27037.0,1,3.33,82.6,2,25.3,0,0,5.4,2.89,3.08,0,0,1,0,0,0,0,0,0,1,0
20.1,0,25000.0,0,4.2,80.6,1,46.4,1,0,4.6,3.41,3.66,0,0,1,0,1,0,0,0,0,1,0
18.8,1,25000.0,1,3.82,80.9,2,27.8,0,1,6.9,2.21,1.66,0,1,0,0,0,0,0,0,0,0,0
22.2,0,38624.0,1,4.51,76.6,5,23.8,0,0,1.1,3.94,3.91,0,0,1,0,0,0,0,1,1,0,0
25.0,1,52230.0,1,4.45,81.4,3,40.3,0,0,4.0,1.99,1.44,0,0,0,1,0,1,0,0,0,1,0
18.1,0,25000.0,1,4.09,97.5,1,36.4,0,0,3.7,1.87,2.47,0,0,1,0,0,0,0,1,0,0,0
17.0,1,41219.0,0,2.26,85.3,1,31.2,0,1,8.4,1.47,0.97,1,0,1,0,0,0,0,0,1,0,0
20.7,1,76807.0,0,5.93,69.2,3,41.1,0,0,5.9,0.74,0.59,1,0,1,0,0,0,0,0,1,0,0
21.0,1,25000.0,1,5.37,78.5,2,15.0,0,0,5.1,4.0,3.98,0,1,0,0,1,0,0,0,1,0,0
21.5,1,36805.0,1,4.12,82.8,1,23.0,1,1,5.1,2.91,2.53,0,0,1,0,1,0,0,0,0,1,0
20.0,0,48942.0,1,4.67,69.9,1,54.0,0,1,3.0,3.97,3.75,0,0,0,0,0,0,1,0,0,0,0
20.6,0,28083.0,1,4.78,78.3,0,5.0,1,1,7.9,1.98,1.96,0,0,1,0,0,1,0,0,0,1,0
21.8,0,29740.5,1,4.0,74.3,0,21.9,0,1,5.5,1.86,1.65,0,0,0,1,0,0,0,1,0,0,0
23.3,0,111224.0,1,5.61,78.8,1,15.8,1,1,6.6,1.48,1.44,0,0,0,1,0,1,0,0,1,0,0
17.0,1,36535.0,1,1.36,82.6,1,30.9,0,0,4.3,0.88,0.74,0,0,1,0,0,0,1,0,0,1,0
20.2,1,25844.0,1,1.78,87.6,6,37.3,0,0,5.4,2.35,2.13,1,0,1,0,0,0,0,0,1,0,0
21.5,0,53433.0,1,3.07,72.8,1,43.3,1,0,3.8,2.33,2.42,0,1,0,0,0,0,0,1,0,0,0
19.0,0,49278.0,1,4.44,81.3,0,25.1,0,0,5.1,4.0,3.95,0,0,0,1,0,0,0,1,0,0,0
24.8,0,25000.0,1,4.17,79.4,1,18.9,1,1,7.4,1.86,2.25,0,0,0,0,0,1,0,0,0,0,0
19.6,1,29684.0,1,4.09,80.2,1,12.6,1,0,5.7,2.03,2.21,0,1,0,0,0,0,0,0,0,1,0
20.9,0,25000.0,1,3.91,75.4,0,30.6,0,0,6.2,1.26,1.27,1,0,1,0,0,1,0,0,1,0,0
22.2,0,37723.0,1,3.58,81.6,1,55.5,1,0,5.6,1.81,1.87,0,0,0,1,0,1,0,0,0,0,0
19.7,1,26471.0,1,2.34,85.9,5,22.9,1,0,8.4,2.5,2.55,0,1,0,0,0,0,0,1,0,1,0
17.0,1,28251.0,1,2.21,70.9,2,29.1,0,1,4.0,3.09,2.68,0,0,0,0,0,0,0,0,0,1,0
20.1,1,25000.0,1,2.33,95.8,0,31.6,0,0,5.3,2.4,2.54,0,1,0,0,0,0,0,0,0,0,0
23.3,0,29740.5,1,4.0,89.5,2,24.9,1,1,5.5,0.62,0.23,0,0,0,0,0,0,0,1,0,0,0
20.3,1,80260.0,1,2.16,69.4,6,47.1,1,0,3.7,1.33,1.04,0,1,0,0,0,0,0,0,0,0,0
19.1,1,29740.5,1,4.0,93.6,3,44.5,1,0,5.5,2.38,2.53,0,1,0,0,0,1,0,0,0,1,0
23.0,1,25000.0,1,3.64,94.1,2,39.8,1,0,5.6,2.68,3.23,0,0,0,1,0,1,0,0,0,0,0
20.3,0,30092.0,1,5.37,78.0,1,41.5,1,0,5.7,1.88,1.77,1,0,0,0,0,0,1,0,1,0,0
19.9,1,29226.0,1,4.57,83.6,1,21.8,0,1,5.7,0.07,0.76,1,0,0,1,0,0,0,0,0,0,0
21.3,1,29740.5,1,4.0,67.7,1,16.2,1,0,5.5,2.52,2.25,0,1,0,0,0,0,0,0,1,0,0
22.7,0,25000.0,1,3.1,71.0,2,21.9,0,0,2.6,0.91,1.03,1,0,0,1,0,1,0,0,0,0,0
26.2,0,25000.0,1,6.47,90.2,3,33.4,0,1,5.8,2.66,2.99,0,0,1,0,0,1,0,0,0,0,0
22.8,1,25000.0,1,3.35,67.0,3,26.1,0,0,3.9,1.05,1.17,1,1,0,0,0,0,0,0,1,0,0
23.6,0,67846.0,1,2.59,84.3,5,36.8,1,0,5.3,1.26,1.47,1,1,0,0,0,0,0,0,1,0,0
19.9,0,34556.0,1,3.63,94.5,5,31.3,0,1,4.2,3.47,3.91,1,0,0,0,0,0,0,0,0,0,0
18.7,1,25000.0,1,3.26,68.5,3,13.9,0,1,2.8,2.04,2.08,0,0,0,1,0,0,0,1,0,1,0
21.1,1,25000.0,1,2.89,79.7,3,44.9,1,0,6.1,2.14,1.83,0,1,0,0,0,0,0,0,1,0,0
21.2,1,25000.0,1,4.05,91.1,5,23.9,1,1,6.8,3.17,3.94,0,0,1,0,0,1,0,0,1,0,0
18.6,1,38123.0,1,5.65,85.2,3,39.4,1,1,7.5,0.41,0.77,1,0,0,1,0,0,1,0,0,1,0
20.6,1,25000.0,1,2.28,88.7,1,19.8,0,0,4.7,4.0,3.97,0,0,1,0,0,1,0,0,1,0,0
21.9,0,31647.0,1,4.5,76.5,2,19.4,1,0,5.6,2.13,1.94,0,0,1,0,1,0,0,0,0,1,0
21.8,1,101292.0,0,5.28,74.5,2,18.9,0,0,6.1,1.29,1.36,1,1,0,0,0,0,0,0,1,0,0
22.1,0,25000.0,1,4.59,80.4,3,12.8,0,0,7.3,0.52,0.35,0,0,0,0,0,0,0,1,1,0,0
21.6,1,25000.0,0,5.35,84.1,6,13.1,0,0,2.3,2.8,2.73,0,0,0,0,1,0,0,0,1,0,0
19.9,0,37392.0,1,4.7,86.8,2,34.6,0,0,2.9,1.12,1.08,1,0,0,0,1,0,0,0,0,0,0
19.9,1,25000.0,1,3.09,85.6,2,18.9,1,0,8.0,0.89,1.3,0,0,0,0,0,0,0,1,0,1,0
18.4,0,83449.0,1,6.33,89.8,0,34.2,0,1,2.5,4.0,3.96,0,1,0,0,0,0,0,1,0,0,0
24.9,0,69021.0,1,4.68,82.9,1,31.2,0,0,7.2,0.54,0.64,0,1,0,0,0,1,0,0,0,0,0
21.0,0,26943.0,0,6.97,73.6,2,40.6,0,0,7.9,2.46,2.74,0,0,1,0,0,0,0,0,0,0,0
20.5,1,25000.0,1,1.58,71.2,1,17.8,1,1,6.9,0.0,0.39,1,1,0,0,1,0,0,0,0,0,0
19.0,0,25000.0,1,7.11,88.1,1,42.7,0,1,3.7,1.39,1.11,0,1,0,0,0,0,0,0,0,0,0
27.5,0,25000.0,1,5.12,90.0,3,19.1,0,0,3.9,3.66,4.0,0,1,0,0,0,1,0,0,0,0,0
18.6,0,37427.0,1,4.61,97.8,3,5.0,0,0,5.4,3.64,3.48,0,0,0,1,0,0,0,0,0,0,0
20.1,1,55480.0,0,2.8,100.0,2,32.3,1,1,8.7,2.62,2.53,0,0,0,0,1,0,0,0,0,0,0
21.9,0,25000.0,0,4.96,89.8,0,19.5,1,0,8.6,2.06,1.83,1,1,0,0,0,0,0,0,0,1,0
22.3,1,54532.0,1,5.56,84.9,4,48.0,0,0,6.0,3.03,2.26,0,0,0,1,0,0,0,0,0,0,0
23.1,0,43071.0,1,1.72,78.6,2,33.6,0,1,2.6,4.0,4.0,0,0,0,0,0,1,0,0,0,0,0
25.0,0,25000.0,0,4.74,75.0,1,29.0,0,0,5.8,2.86,2.85,0,1,0,0,1,0,0,0,1,0,0
22.1,1,25000.0,1,3.16,82.5,0,32.4,0,1,5.1,2.25,2.6,0,1,0,0,0,0,0,1,0,1,0
18.7,1,31880.0,1,4.75,81.2,1,24.0,1,0,5.5,2.16,2.39,1,0,0,0,0,0,1,0,0,0,0
20.4,1,25000.0,1,2.66,97.2,3,50.2,1,1,2.5,4.0,3.98,0,1,0,0,0,0,0,1,1,0,0
21.7,0,54952.0,1,5.65,86.7,2,23.4,0,1,5.9,1.24,1.31,1,0,1,0,0,0,0,1,1,0,0
25.6,1,25000.0,1,3.9,80.2,0,35.6,0,0,2.8,2.28,2.05,0,1,0,0,0,0,1,0,1,0,0
17.9,1,41300.0,1,4.97,74.9,2,20.2,0,0,1.0,1.9,2.15,0,0,0,1,0,0,0,1,0,0,0
23.6,0,28329.0,1,5.26,86.3,3,30.0,0,0,5.9,3.35,3.36,0,0,1,0,0,0,0,1,0,0,0
21.4,1,25000.0,1,4.39,83.1,1,15.2,0,1,9.0,2.4,2.27,1,1,0,0,0,0,0,0,1,0,0
22.8,1,27954.0,1,2.87,78.4,0,32.7,1,1,4.0,3.37,3.03,0,0,0,0,0,1,0,0,1,0,0
20.8,0,56840.0,1,4.82,76.5,4,30.8,0,0,4.6,2.05,2.21,0,0,1,0,0,0,1,0,0,0,0
19.1,1,25000.0,1,3.88,86.4,0,36.6,0,0,7.1,1.99,2.49,0,1,0,0,0,0,0,0,1,0,0
22.7,1,25000.0,1,4.25,78.7,2,35.6,1,0,7.6,0.37,0.0,1,0,0,0,1,0,0,0,1,0,0
22.4,1,25000.0,1,3.53,79.4,3,30.3,0,1,5.7,2.2,1.76,0,0,0,0,0,0,0,1,0,1,0
23.1,0,29052.0,1,1.67,78.1,1,54.5,0,0,4.2,3.13,3.05,0,0,0,1,0,0,1,0,0,0,0
21.0,0,25000.0,1,4.08,100.0,2,29.8,0,0,7.9,2.67,2.33,0,0,1,0,0,1,0,0,0,1,0
19.7,1,25000.0,1,3.22,83.3,1,30.5,0,1,3.3,3.29,3.36,0,0,0,0,0,0,0,1,1,0,0
17.6,1,25000.0,1,4.39,75.4,2,29.0,1,0,4.6,3.69,3.95,0,0,0,1,0,0,0,1,0,1,0
22.8,1,79432.0,1,3.95,61.4,1,32.4,1,0,6.6,1.45,1.07,0,1,0,0,0,0,1,0,0,1,0
21.9,0,34477.0,1,3.32,68.9,2,26.6,1,1,2.7,2.17,2.01,0,0,1,0,0,0,0,1,1,0,0
18.9,1,33773.0,1,6.77,79.7,2,25.6,1,0,6.2,1.92,2.05,1,1,0,0,0,1,0,0,1,0,0
19.8,0,25095.0,1,3.59,95.6,1,39.0,1,0,7.5,2.9,3.03,0,0,0,1,0,0,0,0,0,0,0
20.0,1,28826.0,0,4.1,100.0,2,29.4,0,0,8.5,3.74,3.92,0,0,1,0,1,0,0,0,0,0,0
17.7,0,25000.0,1,6.44,80.1,1,42.6,0,0,4.8,3.38,3.48,0,0,0,0,0,0,1,0,0,0,0
19.2,0,40789.0,1,2.69,84.9,4,7.3,0,0,4.7,3.23,3.33,0,0,1,0,0,0,0,0,0,0,0
18.5,0,31587.0,1,5.09,80.7,2,48.3,0,1,6.8,2.08,2.33,0,0,0,0,0,1,0,0,0,0,0
20.1,1,25000.0,1,3.03,85.6,0,40.7,1,0,4.4,2.48,2.1,0,0,0,1,0,0,0,0,1,0,0
19.4,0,34622.0,1,3.7,80.1,2,29.4,0,1,4.9,4.0,4.0,0,0,1,0,0,0,0,1,0,0,0
17.4,1,25000.0,1,4.52,77.5,1,29.1,1,1,6.1,3.18,2.87,0,0,1,0,0,0,0,1,0,0,0
25.4,1,38113.0,1,5.49,76.7,1,37.7,1,1,6.2,2.56,2.64,0,1,0,0,0,0,0,1,0,0,0
23.8,1,25000.0,1,2.67,87.7,1,17.7,1,0,2.1,4.0,3.94,0,1,0,0,0,0,0,1,1,0,0
19.3,0,28067.0,1,4.33,92.4,2,30.5,0,0,3.4,3.83,3.82,0,0,1,0,0,0,0,0,0,0,0
21.6,0,25000.0,0,3.03,78.4,0,31.9,1,0,2.2,0.76,0.59,0,0,0,0,1,0,0,0,1,0,0
21.9,0,29783.0,1,4.84,87.8,0,5.5,1,0,2.5,4.0,4.0,0,0,0,1,0,0,0,1,0,0,0
23.6,0,42065.0,1,5.26,83.3,3,34.2,0,0,3.5,2.29,2.05,0,0,0,0,1,0,0,0,0,0,0
19.2,1,73255.0,0,4.87,78.9,3,13.8,0,1,5.1,2.55,2.66,0,0,0,1,0,0,1,0,0,1,0
23.4,0,29740.5,1,4.0,87.4,1,43.0,1,0,5.5,3.14,3.22,0,0,0,1,0,1,0,0,1,0,0
19.8,0,53385.0,1,2.57,92.8,0,46.1,1,1,1.6,2.43,3.02,0,1,0,0,0,0,0,1,0,0,0
18.1,0,32167.0,1,3.78,75.4,2,48.1,0,0,3.8,0.61,0.6,0,1,0,0,0,0,0,1,0,0,0
22.6,1,29740.5,1,4.0,79.4,1,26.1,1,1,5.5,3.93,4.0,0,0,0,0,1,0,0,0,0,0,0
23.8,0,46907.0,1,4.67,93.7,2,26.0,0,0,5.1,0.99,0.61,1,0,1,0,0,0,0,0,0,0,0
26.7,0,25808.0,1,5.84,81.7,0,6.3,1,0,4.3,4.0,3.84,0,1,0,0,1,0,0,0,0,0,0
18.4,0,29740.5,1,4.0,60.6,1,38.2,0,0,5.5,2.37,1.98,0,0,1,0,1,0,0,0,0,0,0
22.5,1,25000.0,1,4.68,83.4,0,11.9,0,1,5.2,3.84,3.64,0,1,0,0,0,1,0,0,0,1,0
20.1,0,25000.0,1,2.97,82.1,4,12.6,0,0,4.4,0.95,1.06,0,0,1,0,0,0,1,0,1,0,0
22.7,0,52374.0,1,5.63,90.4,3,26.4,1,0,5.0,3.6,3.94,0,1,0,0,0,0,1,0,0,0,0
17.8,1,72493.0,1,5.32,81.7,0,16.7,1,1,4.3,3.02,3.0,0,0,0,1,0,0,0,1,0,1,0
18.2,1,29114.0,1,3.9,81.9,3,18.5,0,1,7.9,3.48,3.27,0,0,0,1,0,0,1,0,0,0,0
19.3,1,25000.0,0,4.99,81.6,0,30.6,0,1,4.9,3.2,3.65,0,0,1,0,0,0,1,0,1,0,0
21.2,0,26386.0,1,5.09,83.3,1,40.6,0,0,6.3,2.08,2.0,0,0,1,0,0,1,0,0,1,0,0
19.6,1,30317.0,1,2.45,94.1,4,36.5,0,1,6.9,1.42,1.75,1,0,1,0,1,0,0,0,0,0,0
22.4,1,25857.0,1,4.64,87.8,1,32.3,0,1,4.3,3.14,2.76,0,1,0,0,0,0,0,0,0,1,0
23.3,0,36381.0,1,3.19,73.7,0,43.8,0,1,2.3,1.17,0.64,0,0,0,0,0,0,0,0,0,0,0
22.3,0,25000.0,1,4.16,84.3,2,31.5,0,0,4.6,4.0,4.0,0,1,0,0,0,0,0,0,0,0,0
24.6,1,49184.0,0,3.55,84.8,1,23.7,0,1,6.6,1.77,1.86,0,0,0,0,0,0,0,0,0,1,0
21.9,1,25000.0,0,4.04,85.0,1,20.8,0,0,2.4,4.0,3.81,0,0,1,0,0,0,1,0,1,0,0
18.3,0,62449.0,1,5.2,70.2,0,36.6,0,1,6.0,1.7,1.24,0,0,0,1,0,1,0,0,0,1,0
24.0,0,75361.0,1,2.51,83.2,2,16.8,0,1,7.0,0.71,0.55,1,0,0,1,0,0,1,0,0,0,0
19.7,1,25000.0,1,1.73,77.5,1,34.2,0,0,8.0,0.93,0.91,1,0,0,1,0,1,0,0,0,0,0
23.0,0,25000.0,1,3.42,70.0,4,24.9,0,0,6.7,1.09,1.37,1,1,0,0,1,0,0,0,0,0,0
24.5,1,38041.0,1,5.44,91.7,1,19.9,0,0,6.0,1.76,2.09,1,1,0,0,1,0,0,0,1,0,0
22.0,0,25000.0,0,2.83,79.7,3,19.7,0,1,5.8,1.25,1.99,0,0,0,0,0,0,0,0,1,0,0
17.7,1,25000.0,1,3.33,79.9,7,41.6,1,1,3.3,3.71,3.65,0,0,1,0,1,0,0,0,0,0,0
19.0,1,57614.0,1,5.52,89.1,4,19.7,1,0,3.8,3.69,3.46,0,0,0,0,0,1,0,0,0,0,0
23.9,1,46285.0,1,5.8,90.2,1,26.6,1,1,2.4,4.0,3.89,0,0,0,0,0,0,0,0,0,1,0
20.6,1,97550.0,1,4.9,80.0,1,24.4,0,0,5.6,3.46,3.98,0,0,1,0,0,0,1,0,0,0,1
21.2,0,32941.0,1,4.53,82.2,2,42.7,0,0,6.3,0.28,0.12,1,1,0,0,0,1,0,0,0,0,0
22.7,0,25000.0,0,5.3,73.9,0,48.5,0,0,5.7,1.73,1.86,1,1,0,0,0,1,0,0,1,0,0
22.5,0,30661.0,0,3.46,74.5,2,40.9,0,0,6.0,2.16,2.1,1,0,0,0,0,0,1,0,0,0,0
21.6,1,27164.0,1,4.9,92.4,3,25.5,1,1,6.9,2.21,2.55,0,0,1,0,0,0,0,0,0,1,0
20.5,1,27394.0,1,2.96,82.4,1,34.1,0,0,3.1,2.08,2.27,0,0,1,0,0,0,0,1,1,0,0
20.3,1,29311.0,1,6.1,89.8,3,19.1,1,0,5.6,3.4,3.11,0,1,0,0,0,1,0,0,0,0,0
22.9,1,25000.0,1,5.36,80.7,2,32.5,1,0,5.9,2.52,2.47,0,0,0,1,0,0,0,1,0,1,0
22.2,0,35219.0,1,4.86,85.4,2,8.9,0,0,4.7,0.34,0.17,0,0,0,1,0,1,0,0,0,0,0
20.4,1,25000.0,1,3.56,68.1,1,32.8,1,0,1.7,2.52,2.94,0,0,0,1,0,0,0,1,0,1,0
23.4,0,25000.0,0,4.9,88.9,2,29.3,1,0,3.7,3.11,3.34,0,0,1,0,0,0,0,0,0,1,0
20.7,0,27686.0,1,3.98,81.8,1,35.3,1,0,4.6,1.65,1.63,0,0,0,0,0,0,0,1,1,0,0
19.1,1,25000.0,1,3.28,78.2,0,29.9,0,0,5.8,2.35,2.2,0,0,0,0,1,0,0,0,0,0,0
19.3,0,47164.0,1,4.76,87.0,3,40.0,0,0,5.6,3.02,2.83,0,1,0,0,1,0,0,0,0,1,0
18.8,1,29740.5,0,4.0,89.9,3,20.8,1,0,5.5,0.74,1.94,1,0,0,1,1,0,0,0,0,1,0
20.4,1,44434.0,1,5.15,78.8,3,39.1,1,1,7.2,1.12,0.81,0,0,0,1,0,1,0,0,0,0,0
23.7,0,25000.0,0,2.66,72.4,1,35.7,1,0,5.5,2.42,2.9,1,0,0,0,1,0,0,0,0,1,0
19.2,1,25000.0,1,4.95,95.3,4,43.1,1,0,5.7,3.94,3.97,0,0,0,1,0,0,1,0,0,0,0
21.4,1,40598.0,1,2.06,80.3,1,43.9,0,0,7.8,2.12,2.67,1,0,0,1,0,0,0,1,0,0,0
19.6,0,111178.0,0,3.46,66.6,2,18.6,0,1,7.9,0.62,0.54,1,1,0,0,0,0,0,1,0,1,0
20.4,1,31884.0,1,4.59,78.6,3,36.2,0,0,6.1,1.85,1.7,0,0,0,1,1,0,0,0,0,0,0
17.7,0,25000.0,1,5.13,85.6,2,16.0,0,0,8.6,0.96,0.07,1,0,0,0,0,0,0,1,1,0,0
20.5,1,52692.0,1,3.1,81.3,2,43.9,0,1,3.9,2.63,2.68,0,0,0,1,0,0,0,0,1,0,0
20.6,1,25870.0,1,2.8,81.0,3,19.8,0,0,5.4,1.0,0.89,0,1,0,0,0,0,0,0,0,1,0
22.2,0,31006.0,0,5.33,79.2,3,25.4,0,0,10.0,2.28,2.92,0,0,0,1,1,0,0,0,0,0,0
21.5,0,41553.0,1,6.47,78.6,2,32.6,0,0,6.8,1.72,1.21,0,1,0,0,0,0,0,1,0,0,0
18.4,1,25000.0,1,2.82,71.8,3,38.9,0,1,5.2,2.03,1.85,1,0,1,0,1,0,0,0,0,1,0
23.4,1,29849.0,0,0.6,71.6,0,34.5,1,1,5.7,1.32,0.96,0,1,0,0,0,1,0,0,0,1,0
21.5,0,29740.5,1,4.0,69.9,1,39.2,0,1,5.5,3.7,3.6,0,0,1,0,0,0,0,1,0,0,0
21.4,1,61889.0,1,3.81,91.8,0,30.1,0,0,8.5,1.02,0.92,0,0,0,1,0,0,1,0,0,0,0
21.0,0,45994.0,1,2.82,79.8,0,32.9,0,0,6.9,2.59,3.0,0,0,1,0,0,0,1,0,0,0,0
19.9,0,25000.0,1,4.08,93.1,2,8.8,0,0,5.4,2.38,2.06,0,0,0,1,0,0,0,1,0,1,0
21.5,0,63423.0,1,6.53,90.8,0,42.3,0,1,2.5,2.63,2.54,0,0,0,1,0,0,0,1,1,0,0
22.0,0,38938.0,1,4.85,80.9,1,26.5,1,0,4.2,0.82,0.63,0,0,0,0,0,0,1,0,0,0,0
17.2,0,25000.0,1,5.01,87.1,2,24.8,1,0,5.6,2.47,2.46,0,0,0,0,0,0,0,0,0,0,0
19.8,0,30744.0,0,4.21,85.9,1,53.2,0,0,5.3,3.37,2.96,0,0,0,0,0,0,1,0,0,0,0
20.4,0,55320.0,1,4.62,78.0,1,5.0,0,0,7.5,1.3,0.99,0,0,1,0,0,0,0,0,0,0,0
21.6,0,25000.0,1,6.21,64.7,4,31.1,1,0,5.1,1.52,1.05,1,0,0,0,0,0,0,0,1,0,0
23.6,1,67951.0,1,2.83,83.1,3,5.0,0,1,7.0,2.63,2.46,0,1,0,0,1,0,0,0,0,0,0
19.3,1,25000.0,1,4.99,87.6,2,34.1,1,0,2.9,4.0,4.0,0,0,0,1,0,0,0,0,0,0,0
19.9,0,25000.0,1,3.95,77.6,1,21.6,0,0,4.6,0.56,0.72,0,1,0,0,1,0,0,0,0,0,0
19.9,0,25000.0,1,3.92,98.1,1,5.0,1,0,6.8,3.22,3.14,0,0,0,1,0,0,1,0,0,0,0
19.2,1,67925.0,1,2.51,90.3,2,43.1,0,0,9.2,3.32,3.5,0,0,0,1,0,1,0,0,0,0,0
20.2,1,25000.0,1,4.55,70.2,1,14.5,0,0,5.2,1.98,1.74,0,1,0,0,0,0,0,1,0,0,0
22.7,0,25000.0,0,4.76,80.4,1,41.4,0,0,7.0,1.71,1.92,1,0,1,0,0,1,0,0,0,0,1
18.7,0,38837.0,1,3.76,75.3,3,18.3,0,1,7.9,1.73,1.46,1,0,1,0,0,0,1,0,0,1,0
21.9,1,44210.0,1,5.88,79.1,0,24.4,0,0,7.2,1.47,1.66,1,0,1,0,0,0,0,0,0,0,0
17.3,0,44379.0,1,4.11,87.2,2,5.0,0,0,6.8,2.29,2.49,0,0,0,1,0,0,1,0,0,0,1
19.8,0,25266.0,1,1.24,80.0,1,35.1,0,0,4.9,0.0,0.0,1,1,0,0,0,1,0,0,0,0,0
20.3,0,34638.0,1,4.71,77.4,1,23.1,0,0,8.2,1.4,1.35,0,1,0,0,0,1,0,0,0,0,0
24.7,0,25000.0,1,2.49,82.8,1,25.6,0,0,3.1,1.75,1.54,0,0,0,1,1,0,0,0,0,0,0
20.4,1,81217.0,1,5.86,88.1,2,28.9,0,0,3.2,3.66,3.51,0,0,0,1,0,0,1,0,0,1,0
17.0,0,59073.0,1,6.44,88.0,0,10.2,1,0,8.9,1.88,2.21,0,1,0,0,0,0,1,0,1,0,0
17.0,0,56941.0,1,5.31,86.9,1,38.3,1,0,6.2,1.88,2.21,0,1,0,0,1,0,0,0,0,0,0
21.1,0,47881.0,1,4.0,93.0,1,23.2,0,0,3.3,4.0,3.98,0,0,0,0,1,0,0,0,0,0,0
22.4,1,40613.0,1,4.78,81.3,2,57.5,1,0,2.9,3.36,3.2,0,0,0,0,0,1,0,0,0,0,0
21.8,1,25000.0,1,3.03,79.1,2,24.2,0,0,2.8,2.58,2.59,0,0,0,1,0,1,0,0,0,0,0
21.4,1,43477.0,1,4.8,80.8,2,25.3,1,0,9.2,0.39,0.08,1,0,0,1,0,0,1,0,1,0,0
23.6,1,31843.0,1,2.97,75.5,3,13.7,0,0,5.4,4.0,3.97,0,1,0,0,0,0,0,0,1,0,0
19.8,0,63451.0,1,6.44,75.3,2,10.6,1,0,4.6,2.42,2.45,0,0,1,0,0,0,1,0,0,1,0
23.0,0,48264.0,1,2.72,87.9,1,40.5,0,0,8.4,3.14,3.14,1,1,0,0,0,0,0,1,1,0,0
17.4,0,41367.0,1,1.87,88.6,3,42.7,0,0,6.0,0.67,1.03,0,1,0,0,0,1,0,0,0,0,0
19.0,0,25000.0,1,3.79,60.8,2,23.2,0,0,4.9,1.52,1.74,1,0,0,0,0,0,0,1,0,0,0
17.0,1,28187.0,1,4.77,89.5,1,31.5,0,0,7.4,4.0,3.96,0,0,0,1,0,0,0,1,0,1,0
20.4,0,29740.5,1,4.0,63.7,4,44.9,0,0,5.5,3.51,3.41,0,1,0,0,1,0,0,0,0,1,0
20.9,0,34593.0,1,3.06,76.9,4,33.5,0,1,6.6,0.36,0.9,1,0,0,1,0,0,0,0,0,0,0
21.3,0,25000.0,0,4.08,79.4,1,35.8,0,0,5.0,2.3,2.61,0,1,0,0,0,1,0,0,0,1,0
21.1,1,25196.0,0,4.0,71.9,5,31.0,1,1,3.9,2.88,2.62,0,0,1,0,1,0,0,0,0,1,0
19.0,0,39160.0,1,2.63,80.7,1,22.2,0,0,3.7,1.43,1.33,0,0,0,0,0,0,1,0,0,0,0
20.6,0,25000.0,1,2.7,97.3,3,34.6,1,0,5.7,2.71,2.65,0,0,1,0,0,0,0,0,0,1,0
17.7,1,31983.0,1,1.55,69.6,3,52.4,0,0,5.5,3.47,2.58,0,0,0,0,0,1,0,0,0,0,0
24.0,0,25000.0,1,5.99,86.9,0,23.8,0,0,6.4,2.76,2.71,0,0,0,0,1,0,0,0,0,0,1
20.3,0,25000.0,1,2.97,89.8,1,40.4,0,1,4.7,1.54,1.41,1,1,0,0,0,0,0,0,0,0,0
19.9,1,44074.0,1,1.29,86.7,1,32.2,1,0,7.8,1.22,0.97,0,0,0,0,0,1,0,0,0,0,0
24.5,0,25000.0,1,3.5,94.3,2,22.9,0,0,3.1,2.59,2.47,0,1,0,0,0,1,0,0,1,0,0
18.3,0,62783.0,1,5.58,89.9,3,40.7,0,0,6.3,2.78,2.6,1,1,0,0,0,0,0,0,0,0,1
18.5,0,53351.0,1,4.67,87.4,2,39.3,1,1,3.9,2.79,2.7,0,1,0,0,0,1,0,0,0,0,1
18.6,0,25313.0,0,4.66,90.3,5,37.0,0,1,5.1,2.87,3.09,0,0,1,0,0,0,1,0,0,1,0
20.9,0,179735.0,1,6.1,89.9,0,51.0,0,0,3.8,2.19,1.99,0,1,0,0,0,0,0,1,0,0,0
21.9,1,62684.0,1,5.35,79.2,0,52.0,0,1,4.8,4.0,3.52,0,0,0,0,1,0,0,0,0,0,0
22.6,1,25000.0,1,0.6,87.0,1,30.6,0,1,3.6,1.06,1.05,0,0,0,1,0,1,0,0,0,0,0
26.7,0,46523.0,1,3.38,79.8,1,28.7,1,0,3.7,0.76,0.64,0,1,0,0,0,1,0,0,1,0,0
17.0,0,30931.0,1,4.56,71.3,2,12.9,0,0,7.2,0.76,1.03,1,0,0,1,1,0,0,0,1,0,0
22.3,0,25000.0,1,4.25,96.7,5,48.4,0,1,3.0,3.89,4.0,0,0,0,1,1,0,0,0,0,0,0
19.8,1,25000.0,1,4.72,77.6,2,29.1,0,1,6.7,1.88,1.92,0,0,0,1,0,0,0,1,0,0,0
19.7,1,54011.0,1,7.49,90.8,4,22.7,0,0,7.0,3.85,3.14,0,0,0,1,0,0,1,0,0,0,1
19.6,0,29740.5,1,4.0,86.3,1,18.8,0,1,5.5,1.84,1.65,0,0,0,0,0,0,1,0,0,0,0
19.0,1,27970.0,1,1.08,74.8,2,18.7,0,0,5.5,1.12,1.12,0,1,0,0,0,0,0,1,1,0,0
24.7,0,25000.0,1,0.84,75.8,2,51.1,0,0,3.5,0.88,0.71,0,1,0,0,0,0,0,1,1,0,0
22.9,0,25000.0,1,5.2,85.2,1,40.8,1,0,2.7,3.17,2.82,1,0,0,1,0,0,1,0,1,0,0
21.1,0,27552.0,1,3.79,85.2,3,12.1,1,1,3.4,2.54,2.59,0,0,1,0,0,0,0,1,1,0,0
24.0,1,37531.0,1,2.06,79.0,5,12.6,0,1,3.4,3.16,3.76,0,0,0,1,1,0,0,0,0,0,0
17.7,0,25000.0,1,3.69,69.3,0,31.5,0,0,6.0,1.28,1.35,0,0,1,0,0,0,0,0,0,1,0
18.1,0,30036.0,1,3.38,88.4,1,17.8,0,0,3.0,4.0,4.0,0,0,1,0,0,0,0,1,0,0,0
17.0,1,25000.0,1,3.54,58.6,0,27.0,1,0,5.1,1.32,1.32,1,0,0,1,0,0,0,0,0,0,0
19.5,1,68969.0,1,1.51,84.8,0,48.6,1,0,5.6,0.53,0.42,1,0,1,0,0,0,0,0,0,1,0
21.4,1,173798.0,0,4.77,91.1,2,42.8,0,0,5.0,3.2,2.94,0,0,1,0,0,0,0,1,0,0,0
21.2,1,25000.0,1,4.93,67.2,3,9.5,0,1,5.0,2.89,2.27,0,0,0,1,0,0,1,0,1,0,0
21.3,0,25000.0,1,4.17,83.3,1,17.9,1,0,7.8,1.71,1.65,1,0,0,1,0,0,1,0,1,0,0
17.9,0,31893.0,1,3.9,78.9,0,32.9,1,0,6.4,2.99,3.11,0,0,1,0,1,0,0,0,0,0,0
22.8,0,26285.0,1,4.23,83.6,3,43.6,0,1,6.8,1.47,1.27,1,0,0,0,1,0,0,0,1,0,0
21.5,0,97033.0,1,4.06,89.8,2,20.1,1,0,4.8,3.87,3.81,0,0,1,0,0,1,0,0,1,0,0
22.6,0,80818.0,1,1.69,71.2,1,34.4,1,1,6.9,2.17,2.4,0,0,1,0,0,0,0,0,1,0,0
17.0,1,49972.0,1,2.91,80.2,1,24.5,1,0,6.0,1.52,1.5,0,0,0,1,0,0,0,1,0,1,0
21.7,0,25000.0,1,4.28,80.7,1,51.0,0,0,5.9,3.57,3.13,0,0,0,0,0,0,0,0,0,0,0
18.4,0,44652.0,1,3.04,66.4,4,37.5,0,0,4.8,0.9,0.89,1,0,0,0,0,0,0,0,0,0,0
20.1,0,34857.0,1,5.15,86.6,1,27.7,0,1,5.9,2.33,2.47,0,0,0,0,0,0,0,1,1,0,0
22.2,0,34365.0,1,2.24,95.0,2,12.1,0,0,9.3,1.6,1.05,0,1,0,0,0,0,0,1,0,0,0
21.2,0,29740.5,1,4.0,87.4,2,17.3,0,1,5.5,2.21,2.04,0,0,0,0,0,0,0,1,1,0,0
19.1,0,56223.0,1,6.7,83.0,1,5.0,1,1,8.6,2.04,1.73,0,0,0,0,0,0,1,0,0,0,0
21.0,0,31719.0,1,3.63,89.1,3,33.3,0,1,2.1,2.8,3.01,0,0,0,0,1,0,0,0,1,0,0
17.6,1,27987.0,1,2.05,77.2,0,38.0,0,1,5.6,1.8,1.68,0,0,0,0,0,0,0,0,0,0,0
23.5,0,25000.0,1,3.3,74.9,4,38.6,1,1,7.0,2.4,2.84,0,0,0,0,0,0,0,0,0,1,0
20.5,0,25000.0,1,5.58,86.1,2,22.6,0,0,6.2,3.8,3.66,0,1,0,0,0,1,0,0,0,0,0
23.5,1,35967.0,1,3.56,83.8,2,45.4,1,0,6.4,2.89,2.79,0,0,0,1,0,1,0,0,1,0,0
19.8,1,25000.0,1,4.51,84.5,2,49.0,0,0,4.8,3.08,3.41,0,0,0,0,0,1,0,0,1,0,0
19.8,0,47748.0,1,4.07,75.1,3,22.0,0,0,7.7,0.95,0.46,1,0,1,0,0,0,1,0,0,0,0
19.3,1,25000.0,1,4.74,70.0,2,44.2,0,1,2.6,2.03,1.52,0,0,0,1,0,1,0,0,1,0,0
22.9,1,25000.0,1,4.65,73.7,3,31.7,0,1,5.2,1.2,0.89,1,0,0,0,0,1,0,0,0,0,0
19.4,0,29740.5,1,4.0,75.2,2,23.7,0,0,5.5,1.03,1.46,0,0,1,0,1,0,0,0,0,0,0
22.4,0,25000.0,1,5.89,65.7,3,44.8,0,0,4.5,1.12,1.35,0,0,1,0,0,0,1,0,0,1,0
20.2,0,25000.0,1,4.66,85.8,0,15.5,0,0,5.6,3.7,3.89,0,1,0,0,0,0,1,0,0,0,0
17.0,1,58731.0,1,5.54,71.7,0,12.2,1,0,2.0,2.01,1.65,0,1,0,0,0,0,0,1,0,0,0
19.7,1,90460.0,1,3.68,71.2,2,25.2,1,1,3.2,3.21,2.97,0,0,1,0,0,0,0,1,0,1,0
18.4,1,25000.0,1,3.78,79.9,3,27.3,1,0,7.8,1.35,1.62,1,0,1,0,0,1,0,0,0,1,0
21.1,1,25000.0,1,7.48,74.8,0,10.3,1,0,5.9,3.41,3.17,0,1,0,0,1,0,0,0,0,0,0
18.4,1,29740.5,1,4.0,54.400000000000006,1,35.9,1,0,5.5,4.0,4.0,0,0,1,0,0,0,1,0,0,1,0
23.0,0,52098.0,1,5.63,70.3,4,20.6,0,1,7.3,1.22,1.54,1,0,0,0,1,0,0,0,1,0,0
20.8,0,79497.0,1,2.11,86.3,2,14.3,0,1,8.0,0.85,0.8,0,1,0,0,0,1,0,0,1,0,0
20.6,1,25000.0,1,4.46,79.3,2,37.8,0,0,8.8,2.01,2.02,0,0,0,0,1,0,0,0,0,0,0
22.4,1,69484.0,1,3.47,69.9,0,24.8,1,0,2.1,3.16,3.19,0,0,1,0,0,0,0,0,0,0,1
23.1,0,25000.0,1,6.0,93.6,0,42.7,0,0,8.0,1.58,1.62,0,0,0,1,0,1,0,0,0,1,0
21.0,0,36376.0,1,3.12,76.3,1,35.5,0,1,3.4,4.0,3.86,0,0,1,0,0,1,0,0,0,0,0
19.3,1,25000.0,1,3.44,86.2,1,27.6,1,0,6.0,1.59,2.07,0,0,1,0,0,0,1,0,1,0,0
17.1,0,27635.0,1,4.75,81.1,5,43.2,0,0,6.6,2.83,3.04,0,0,0,0,1,0,0,0,1,0,0
19.5,1,27815.0,1,2.63,82.8,1,35.0,1,1,8.4,0.71,0.48,1,0,1,0,1,0,0,0,0,1,0
19.6,1,25000.0,1,4.17,82.2,4,29.8,0,0,6.3,1.53,1.54,1,0,1,0,0,0,0,0,0,1,0
21.2,1,37458.0,1,3.22,71.0,0,36.1,1,0,6.0,1.15,1.39,0,0,0,0,0,0,0,1,0,0,1
20.2,0,25000.0,1,4.18,100.0,2,36.5,0,1,4.0,3.92,4.0,0,1,0,0,0,0,1,0,0,1,0
22.5,1,25000.0,1,3.88,75.9,3,16.9,0,1,2.5,1.04,0.9,0,1,0,0,0,0,1,0,1,0,0
19.7,1,38666.0,1,6.39,88.6,1,58.3,0,0,3.9,1.83,1.44,0,0,0,1,0,0,0,0,1,0,0
20.9,1,66518.0,1,4.6,75.7,1,30.8,0,0,8.0,2.48,2.37,1,0,1,0,1,0,0,0,1,0,0
23.6,0,29328.0,1,2.3,73.2,1,31.1,0,1,5.6,1.91,1.83,1,0,1,0,0,0,0,1,1,0,0
21.8,1,40223.0,1,2.81,93.0,4,8.9,1,0,8.5,0.9,1.28,0,0,0,0,0,0,0,1,0,0,0
20.9,1,46857.0,0,3.43,94.5,1,31.5,1,0,4.2,1.35,1.33,0,1,0,0,0,0,1,0,1,0,0
19.7,1,29740.5,1,4.0,85.6,1,32.1,1,0,5.5,2.28,1.86,1,0,0,1,0,0,0,1,0,0,0
19.6,1,25000.0,0,5.85,88.5,0,16.2,1,0,5.8,2.36,2.65,1,0,0,1,0,0,0,0,0,1,0
19.1,1,25000.0,1,3.27,72.0,2,17.5,0,1,7.8,1.55,1.52,0,0,1,0,0,0,0,0,0,1,0
19.8,1,25000.0,1,3.95,87.3,3,19.2,0,0,5.1,4.0,4.0,0,0,0,0,0,0,0,0,0,0,0
22.7,1,94578.0,1,4.78,87.2,2,26.5,1,1,5.3,1.79,2.11,0,0,0,1,1,0,0,0,1,0,0
20.5,0,40333.0,1,7.63,85.5,1,32.6,0,0,7.7,1.16,0.75,0,0,0,0,0,0,0,1,0,1,0
18.0,1,39261.0,1,3.81,95.2,0,27.3,1,1,1.7,2.96,2.63,0,0,0,0,0,0,1,0,0,0,0
24.9,1,37040.0,1,6.16,63.8,2,33.6,1,0,5.2,3.09,2.96,0,0,0,0,0,0,0,0,0,0,0
21.7,1,25000.0,1,3.44,80.6,1,38.1,0,0,2.5,2.92,2.58,0,0,0,0,0,0,1,0,0,1,0
17.9,0,95122.0,1,5.27,93.9,2,36.5,1,0,5.4,3.98,3.95,0,1,0,0,1,0,0,0,0,1,0
20.0,0,39637.0,1,2.91,73.1,2,34.4,1,0,4.7,2.79,2.73,0,0,0,0,0,0,1,0,0,0,0
21.2,0,45885.0,1,5.04,87.2,0,33.4,0,0,6.6,0.85,0.71,0,0,0,0,0,0,0,1,0,0,1
24.8,0,25000.0,1,3.52,78.1,0,33.5,0,1,6.3,4.0,4.0,0,0,0,0,0,0,0,0,0,0,1
18.6,0,47467.0,1,5.19,82.7,2,28.2,0,1,5.0,2.9,2.32,0,0,0,1,0,1,0,0,1,0,0
23.1,0,25000.0,1,5.05,73.5,0,22.1,1,0,3.8,4.0,4.0,0,1,0,0,0,0,1,0,0,1,0
24.1,0,25000.0,1,4.81,100.0,0,28.9,1,0,5.6,1.83,2.12,0,0,0,0,0,0,0,1,0,0,0
19.6,1,25000.0,1,4.56,72.8,4,37.8,0,0,7.8,1.67,1.9,0,0,0,1,0,0,0,0,0,0,0
20.4,1,25000.0,1,3.38,81.0,3,37.8,0,0,3.7,2.41,2.53,0,1,0,0,0,1,0,0,0,0,1
18.7,0,25000.0,1,4.94,79.9,1,36.1,0,1,2.8,0.82,1.18,0,0,0,1,0,0,0,0,0,1,0
20.6,0,29740.5,1,4.0,90.6,1,24.3,0,1,5.5,1.93,1.61,0,0,0,1,1,0,0,0,0,0,0
20.9,1,25000.0,1,7.32,82.6,3,27.4,0,1,2.7,3.33,3.87,0,0,1,0,0,0,1,0,1,0,0
22.5,0,36332.0,0,4.84,69.4,2,27.4,0,1,5.5,2.62,2.67,1,0,1,0,0,0,0,1,1,0,0
23.4,1,81274.0,1,4.7,76.9,0,22.7,0,0,3.0,4.0,4.0,0,1,0,0,0,0,1,0,1,0,0
19.4,1,27510.0,1,4.61,64.7,1,40.7,0,0,4.8,1.8,2.03,1,0,1,0,0,0,0,0,0,0,0
17.0,1,25000.0,0,3.03,82.6,1,7.9,0,0,6.3,0.74,0.28,0,0,1,0,0,0,0,1,0,0,0
21.0,1,25715.0,1,3.22,96.2,1,54.3,1,1,1.7,3.56,3.4,0,0,0,0,0,1,0,0,0,1,0
21.6,1,60842.0,1,4.31,80.4,2,54.9,0,1,7.3,1.85,1.95,0,0,1,0,0,0,0,0,0,1,0
21.5,0,28238.0,1,3.37,84.7,2,30.6,1,0,8.1,3.3,3.46,1,0,1,0,0,0,0,1,1,0,0
20.3,0,74429.0,1,2.46,90.8,3,34.9,0,0,8.9,1.39,1.38,1,0,1,0,0,0,0,0,0,0,1
21.3,0,39017.0,1,3.9,76.5,3,40.2,1,1,8.2,1.65,2.24,1,0,1,0,1,0,0,0,1,0,0
24.3,1,25000.0,1,4.46,90.8,1,20.9,0,0,9.8,1.49,1.3,1,1,0,0,0,1,0,0,0,1,0
21.8,0,31753.0,0,3.98,97.3,2,36.8,1,1,5.9,1.46,1.2,1,0,0,1,0,0,0,1,0,0,0
20.2,1,35532.0,1,5.37,67.8,1,45.8,0,1,7.0,2.78,2.7,0,0,0,1,1,0,0,0,1,0,0
19.9,1,56852.0,1,4.21,91.1,0,8.4,1,0,5.0,1.91,1.74,0,1,0,0,0,1,0,0,1,0,0
20.6,0,88591.0,1,6.06,70.1,5,12.7,0,1,6.7,3.49,3.49,0,0,0,0,0,0,0,0,0,0,0
24.6,1,51258.0,1,7.0,75.8,0,39.0,1,0,5.7,3.58,3.65,0,0,0,1,1,0,0,0,0,0,0
20.6,1,38727.0,1,3.83,91.1,2,26.8,0,0,2.5,2.8,2.55,0,0,1,0,0,0,0,1,0,0,0
21.0,1,44610.0,1,2.55,84.6,1,25.4,1,0,2.8,3.58,3.73,0,1,0,0,0,0,0,0,0,0,0
19.9,0,26882.0,1,2.51,78.3,4,26.1,0,0,8.8,0.65,0.19,1,0,0,0,0,1,0,0,0,1,0
23.4,1,25000.0,0,3.94,99.9,3,16.5,0,0,5.8,1.7,1.46,0,0,1,0,0,1,0,0,1,0,0
25.3,0,30482.0,1,5.04,79.4,1,25.1,0,0,8.1,1.47,1.68,0,1,0,0,1,0,0,0,0,0,0
22.0,0,29740.5,1,4.0,90.8,1,14.2,1,0,5.5,3.89,3.9,0,0,0,0,0,0,1,0,0,0,0
21.2,0,25000.0,1,4.03,79.6,2,45.7,0,1,3.9,1.93,1.51,1,0,0,1,1,0,0,0,0,0,0
21.1,0,65905.0,1,3.32,85.7,2,31.6,0,1,5.3,1.53,1.71,1,0,1,0,1,0,0,0,0,0,0
17.0,1,54353.0,1,3.59,85.9,2,31.3,0,1,6.9,1.66,1.79,0,0,0,1,1,0,0,0,0,1,0
22.6,1,25000.0,1,4.14,82.6,3,38.0,1,1,8.0,1.53,1.44,1,0,0,0,0,1,0,0,1,0,0
21.3,1,67474.0,0,5.27,70.7,2,63.5,1,1,5.8,2.08,2.1,0,0,1,0,0,1,0,0,0,0,0
21.9,1,25000.0,0,5.21,84.2,2,17.4,0,0,6.7,1.9,2.03,1,0,0,0,1,0,0,0,0,0,1
19.4,0,25000.0,1,1.09,77.4,2,7.9,1,0,5.2,3.12,2.86,0,0,0,1,0,0,0,1,0,0,0
20.2,1,56816.0,0,4.88,78.3,2,29.6,0,0,8.1,1.58,1.15,1,1,0,0,0,0,0,1,1,0,0
20.1,1,28836.0,1,4.84,86.7,1,8.1,0,1,8.1,3.77,4.0,0,1,0,0,0,1,0,0,1,0,0
23.2,0,92922.0,1,3.89,86.2,3,25.9,1,1,4.1,3.51,3.57,0,0,0,0,1,0,0,0,0,0,0
20.2,0,25000.0,1,3.56,76.0,3,40.5,0,0,6.2,4.0,3.84,0,1,0,0,0,0,0,0,0,0,0
25.6,0,25000.0,1,4.79,83.7,1,48.3,0,0,3.7,2.29,2.19,0,0,1,0,0,0,0,0,1,0,0
21.9,0,25128.0,0,4.17,82.2,2,11.2,1,0,7.0,2.12,1.89,0,0,0,0,0,0,0,1,0,1,0
18.2,0,47740.0,1,3.7,75.1,2,18.7,1,0,4.8,1.48,1.89,1,0,0,1,0,0,0,0,1,0,0
20.7,0,25000.0,1,6.82,75.6,0,34.4,0,0,4.1,3.25,3.12,0,0,1,0,0,0,0,1,0,1,0
19.6,1,25000.0,1,4.66,75.7,3,39.0,1,0,1.8,3.69,3.64,0,0,0,1,0,0,0,1,1,0,0
17.0,0,34110.0,1,3.31,81.9,2,39.7,0,0,7.4,0.4,0.1,1,0,0,1,0,1,0,0,1,0,0
24.5,0,25000.0,1,4.97,79.6,2,47.7,0,1,5.8,2.23,2.79,0,0,0,0,0,1,0,0,1,0,0
22.5,1,35740.0,1,4.57,83.7,3,38.7,0,0,6.0,0.12,0.01,1,0,1,0,0,0,1,0,1,0,0
22.2,1,25000.0,0,4.49,75.0,2,28.6,0,0,7.0,2.4,2.25,0,0,1,0,1,0,0,0,1,0,0
21.4,0,40002.0,1,5.13,80.6,1,42.7,0,1,4.1,4.0,3.81,0,0,1,0,0,0,1,0,0,0,1
18.0,0,25000.0,1,3.39,81.2,0,30.8,0,0,3.8,3.18,3.46,0,0,0,0,1,0,0,0,0,0,0
19.9,1,64789.0,1,4.34,84.6,2,33.3,1,0,6.5,2.79,3.0,0,0,0,1,0,0,0,0,0,0,1
22.9,1,26640.0,1,2.9,93.8,2,24.1,1,1,7.6,2.84,2.68,0,0,0,0,0,0,0,1,0,1,0
18.7,0,47010.0,1,5.05,90.6,1,31.9,1,0,6.5,1.68,2.28,0,0,0,0,0,0,1,0,1,0,0
17.0,0,52888.0,1,4.02,81.4,0,10.4,0,0,8.4,1.6,1.77,1,0,0,1,1,0,0,0,0,0,0
20.5,1,25000.0,1,2.95,69.2,2,42.4,0,0,6.5,0.98,1.39,1,0,0,0,0,0,1,0,0,0,0
20.7,1,50481.0,1,3.94,77.9,0,17.9,0,0,6.4,0.93,0.83,0,1,0,0,1,0,0,0,0,0,0
21.3,0,25000.0,1,4.3,89.4,2,19.3,0,1,7.0,0.74,0.96,1,0,1,0,1,0,0,0,1,0,0
22.6,1,25000.0,0,5.17,81.6,4,5.0,0,0,5.1,3.35,3.2,0,1,0,0,0,0,0,1,0,0,0
22.4,0,96606.0,1,5.59,71.9,1,20.1,1,0,3.3,2.76,2.39,0,1,0,0,0,0,0,0,0,1,0
21.6,1,57937.0,1,5.21,80.4,4,18.5,0,0,5.5,1.97,2.32,0,0,1,0,0,0,1,0,1,0,0
23.6,1,103177.0,0,4.7,78.2,2,32.6,0,1,6.8,3.2,2.65,0,1,0,0,1,0,0,0,0,0,0
17.7,1,25000.0,1,4.96,92.1,0,14.5,0,0,4.0,4.0,4.0,0,0,1,0,1,0,0,0,1,0,0
22.1,1,31617.0,0,3.66,77.3,0,24.7,0,0,3.0,2.46,1.91,0,0,0,0,1,0,0,0,0,0,0
22.4,1,40799.0,0,2.58,85.3,0,21.8,0,0,4.2,2.29,2.29,1,0,0,0,0,0,0,0,1,0,0
18.3,1,29516.0,1,3.14,87.5,3,8.9,0,1,7.9,1.57,1.83,1,0,1,0,0,0,1,0,1,0,0
17.7,0,25000.0,1,4.06,72.1,1,32.9,0,1,6.4,2.51,2.83,0,0,0,0,1,0,0,0,0,0,1
19.4,1,25000.0,1,3.74,76.0,3,27.4,0,0,5.3,2.82,2.51,0,0,1,0,0,0,0,0,0,1,0
19.5,0,33803.0,0,3.68,78.6,2,30.5,0,1,3.8,0.55,0.54,0,1,0,0,1,0,0,0,0,1,0
22.7,1,25000.0,1,4.35,83.1,3,40.0,0,0,6.0,2.56,2.9,0,0,0,0,0,0,0,0,0,0,0
19.6,0,25000.0,1,5.29,77.2,1,30.1,0,0,5.8,2.26,1.69,0,0,0,1,0,0,0,0,1,0,0
19.1,1,37652.0,1,4.37,71.0,3,26.0,1,1,6.3,2.04,2.35,0,0,1,0,0,0,1,0,1,0,0
19.7,1,28083.0,1,3.37,73.9,1,41.1,1,0,10.0,0.0,0.0,1,0,1,0,0,0,1,0,0,0,0
23.5,0,52173.0,1,2.42,89.5,0,26.1,1,0,6.4,2.95,3.1,0,0,0,0,0,0,1,0,1,0,0
21.0,0,29740.5,1,4.0,83.6,0,23.9,1,1,5.5,3.09,3.71,0,0,0,0,0,0,0,1,1,0,0
20.6,0,25000.0,1,1.34,84.4,0,38.0,0,1,3.0,2.04,2.38,0,0,0,0,0,0,0,1,0,0,0
20.8,0,38336.0,1,5.42,90.6,1,20.6,0,0,4.5,4.0,3.77,0,0,1,0,0,1,0,0,1,0,0
23.8,0,25000.0,1,4.13,84.8,3,44.0,0,1,4.7,2.23,1.92,0,0,1,0,0,0,1,0,0,0,0
19.4,1,25000.0,1,6.3,87.6,3,31.9,1,0,7.0,2.47,2.15,0,1,0,0,0,0,0,1,0,1,0
23.9,0,25000.0,1,5.74,87.9,2,48.8,1,1,4.4,2.09,1.59,0,0,0,0,1,0,0,0,0,0,0
21.5,0,26217.0,1,4.72,87.4,1,29.3,0,0,3.7,1.29,1.25,0,0,0,1,0,1,0,0,1,0,0
20.6,0,86117.0,1,3.35,84.8,1,41.4,0,1,6.5,1.55,1.61,1,1,0,0,0,1,0,0,0,0,0
26.5,0,25000.0,1,3.52,83.1,1,10.3,0,1,4.4,4.0,3.98,0,0,0,1,0,0,0,0,0,0,0
18.7,1,64686.0,1,6.03,78.8,0,45.4,0,1,6.5,1.28,1.17,1,0,1,0,1,0,0,0,0,0,0
20.2,1,29740.5,1,4.0,86.2,1,38.3,0,1,5.5,2.73,2.57,0,0,0,1,0,0,0,0,0,0,0
18.3,0,76129.0,0,2.29,84.5,3,22.3,0,0,4.7,1.43,1.06,0,0,1,0,0,0,0,1,1,0,0
23.1,0,195245.0,1,3.57,74.7,4,40.4,0,0,4.5,0.52,0.35,0,0,0,0,1,0,0,0,1,0,0
24.7,0,70184.0,1,5.83,91.5,2,14.8,1,0,6.2,4.0,3.91,0,0,0,1,0,0,0,1,0,1,0
24.7,0,51813.0,1,5.43,89.9,0,24.0,1,0,5.2,2.05,2.07,0,1,0,0,1,0,0,0,0,0,0
23.7,1,25000.0,1,4.53,83.5,4,19.8,1,1,3.3,2.65,2.81,1,1,0,0,1,0,0,0,0,0,1
20.6,1,25000.0,1,5.77,91.4,1,41.0,1,0,3.2,2.3,2.23,0,0,0,1,0,0,0,1,0,0,0
20.2,1,36905.0,1,2.38,87.8,2,45.0,1,0,4.9,4.0,3.8,0,0,0,1,0,1,0,0,0,1,0
17.3,0,25000.0,1,3.23,78.5,1,24.6,0,0,3.0,2.95,2.83,0,0,0,1,0,0,0,0,1,0,0
25.5,0,43013.0,1,3.86,67.5,2,14.7,0,0,4.8,4.0,4.0,0,0,0,0,0,1,0,0,0,1,0
22.0,1,29740.5,1,4.0,52.2,2,18.3,0,1,5.5,1.69,1.68,0,0,1,0,1,0,0,0,0,0,0
19.9,0,59358.0,1,4.97,92.1,5,31.1,0,1,3.4,4.0,4.0,0,0,0,1,0,0,0,0,1,0,0
23.9,1,25000.0,1,5.04,81.8,0,30.4,0,1,7.0,1.81,1.99,0,1,0,0,0,1,0,0,1,0,0
18.9,1,32079.0,1,4.66,79.0,0,25.9,0,0,8.0,0.68,0.72,0,0,1,0,0,0,0,1,0,0,0
21.9,0,25000.0,1,2.67,76.7,3,20.0,0,1,7.5,0.36,0.01,1,1,0,0,1,0,0,0,0,1,0
20.6,1,25000.0,1,6.3,82.5,3,49.5,0,0,6.7,2.16,2.25,0,0,0,1,0,1,0,0,1,0,0
22.4,0,62369.0,1,4.44,89.3,2,22.6,0,1,6.3,1.43,1.46,0,0,0,0,0,1,0,0,1,0,0
20.9,0,66265.0,1,1.93,75.5,3,20.0,0,0,5.9,1.58,1.7,1,0,1,0,0,0,0,0,0,0,0
17.8,0,25000.0,1,2.44,82.8,4,43.8,0,0,6.2,0.89,1.22,1,1,0,0,0,0,0,1,0,0,0
21.2,1,44230.0,1,3.01,100.0,2,26.6,0,0,4.4,0.84,0.46,0,1,0,0,0,0,0,1,0,0,0
23.3,1,25000.0,1,6.15,96.5,1,36.1,0,1,5.5,2.42,2.18,0,0,0,0,0,0,1,0,1,0,0
20.9,0,35351.0,1,2.87,64.1,0,19.5,0,1,5.8,2.68,2.26,1,0,0,0,0,0,0,1,0,1,0
22.7,0,29740.5,0,4.0,67.5,3,36.1,0,0,5.5,2.42,2.21,1,0,0,1,0,0,0,1,0,0,0
18.7,0,41483.0,0,5.42,96.4,3,38.8,0,0,2.6,3.86,3.9,0,0,0,1,0,0,0,0,0,0,0
20.9,1,66475.0,1,5.16,89.2,4,16.6,0,1,5.9,4.0,3.83,0,0,0,0,0,1,0,0,1,0,0
19.6,1,40592.0,1,3.27,82.4,1,23.6,0,0,7.4,2.97,3.05,0,0,1,0,0,0,0,0,0,0,0
22.6,0,30238.0,1,4.66,86.2,1,19.1,0,1,4.4,3.96,3.98,0,0,0,1,1,0,0,0,0,0,0
21.1,0,25000.0,1,3.67,79.5,1,23.7,0,0,5.3,1.62,1.45,0,1,0,0,0,0,1,0,0,0,0
22.5,1,25000.0,1,4.81,76.7,1,49.2,0,0,2.1,4.0,3.58,0,0,0,1,1,0,0,0,1,0,0
23.4,1,48341.0,1,3.6,87.8,5,33.1,1,0,5.6,1.77,1.47,1,0,1,0,0,0,0,1,0,0,0
22.5,0,25000.0,1,4.69,81.2,5,53.4,0,0,2.8,4.0,3.85,0,0,0,1,0,1,0,0,0,0,0
21.6,1,57727.0,1,4.03,88.9,5,47.8,0,1,4.5,1.9,1.5,1,0,0,1,0,0,0,0,0,0,0
18.8,1,25117.0,1,3.23,77.6,5,43.6,0,0,5.4,4.0,4.0,0,0,0,1,0,1,0,0,0,0,0
21.0,1,25000.0,0,5.21,87.7,4,47.5,1,0,4.4,4.0,3.95,0,1,0,0,1,0,0,0,0,0,0
19.8,1,25000.0,1,4.09,84.5,1,43.9,1,0,5.2,2.19,2.05,0,0,1,0,0,1,0,0,0,0,0
20.2,0,29740.5,0,4.0,71.3,2,50.5,0,0,5.5,2.06,2.35,0,0,1,0,0,1,0,0,0,1,0
20.2,1,29473.0,1,4.67,93.8,1,36.5,1,1,5.4,1.52,1.0,0,0,1,0,0,1,0,0,0,1,0
18.8,1,77131.0,1,3.95,70.7,2,38.2,1,1,5.8,1.47,1.41,0,0,0,1,0,0,0,1,1,0,0
17.0,1,25000.0,0,5.53,92.6,0,37.9,0,0,2.1,4.0,3.81,0,0,1,0,0,0,1,0,0,0,0
19.5,1,25000.0,0,4.33,85.6,2,24.7,0,0,5.2,4.0,3.99,0,0,1,0,1,0,0,0,0,0,0
21.4,0,28132.0,1,4.61,87.1,4,40.2,0,0,1.5,3.77,3.99,0,1,0,0,0,0,1,0,1,0,0
18.0,1,25000.0,1,3.62,78.1,2,45.1,0,1,4.8,1.06,0.97,1,0,0,1,0,0,0,0,0,0,0
21.0,0,29842.0,1,3.4,79.0,3,22.8,0,1,8.8,0.0,0.38,1,0,0,1,0,0,1,0,0,1,0
25.2,1,36015.0,1,4.24,82.0,2,19.7,0,0,7.2,0.24,0.49,0,1,0,0,0,0,0,1,1,0,0
23.3,1,39763.0,1,2.84,71.7,2,23.4,0,0,2.9,1.35,1.52,1,0,0,1,0,0,0,1,1,0,0
24.6,1,73402.0,1,4.2,86.6,3,46.3,1,0,4.5,1.96,2.02,0,0,0,1,0,0,1,0,1,0,0
21.9,1,25000.0,1,4.27,79.1,3,27.2,1,0,5.2,2.67,2.65,0,1,0,0,1,0,0,0,0,0,0
23.6,0,36412.0,1,2.67,65.0,1,16.8,0,0,6.4,1.27,1.19,1,0,0,0,0,1,0,0,0,0,0
19.4,1,25000.0,1,5.68,97.1,2,17.5,0,1,7.0,3.34,3.24,0,0,0,0,0,0,0,0,1,0,0
19.6,0,38484.0,0,5.89,84.1,2,19.2,0,0,8.4,0.03,0.3,1,0,0,0,0,0,0,1,0,1,0
17.0,1,38515.0,1,5.78,84.6,1,21.4,1,1,3.8,1.46,1.79,1,0,1,0,0,0,0,1,0,0,0
23.6,1,25000.0,1,3.78,76.5,0,13.2,0,0,5.9,3.38,3.59,0,0,0,1,0,0,0,1,0,0,0
24.4,1,29740.5,1,4.0,69.7,1,37.3,1,0,5.5,4.0,4.0,0,1,0,0,0,0,0,1,1,0,0
19.8,0,40416.0,1,3.56,87.9,3,27.7,1,0,6.2,2.52,2.29,0,0,0,1,0,0,1,0,0,1,0
20.4,1,30153.0,1,4.97,70.4,2,36.4,0,0,6.4,4.0,4.0,0,0,0,0,0,1,0,0,1,0,0
19.3,1,26062.0,1,3.78,86.8,2,5.0,0,1,5.5,2.92,3.86,0,0,0,1,0,0,0,0,1,0,0
21.8,1,44125.0,1,4.29,73.5,0,42.9,1,1,6.7,0.97,0.92,1,0,0,1,0,1,0,0,0,0,0
23.5,1,46121.0,1,4.48,71.7,3,29.0,1,0,3.9,1.64,1.16,1,0,0,1,0,0,0,1,1,0,0
17.2,0,25000.0,1,2.58,75.0,2,36.0,1,0,3.1,1.03,0.66,1,1,0,0,1,0,0,0,1,0,0
21.9,0,25000.0,1,3.96,98.8,1,48.3,0,1,3.8,4.0,4.0,0,1,0,0,0,0,0,1,0,1,0
20.4,0,25000.0,1,5.2,88.3,1,34.4,0,0,6.2,3.52,4.0,0,0,0,0,0,0,1,0,0,1,0
21.2,0,30335.0,1,8.98,81.9,1,55.3,1,1,7.9,1.9,1.46,1,0,0,0,0,1,0,0,0,0,0
22.0,0,25000.0,1,1.71,95.6,2,7.4,0,0,4.0,2.18,1.41,0,0,0,1,0,0,1,0,1,0,0
20.6,1,31560.0,1,3.18,74.6,1,26.2,1,0,4.3,0.36,0.3,1,1,0,0,0,0,1,0,0,0,0
20.8,0,61704.0,1,3.23,73.8,0,8.4,1,1,5.7,3.28,3.5,0,1,0,0,1,0,0,0,1,0,0
20.5,1,25000.0,1,2.39,74.7,1,33.8,1,1,10.0,1.35,1.0,0,0,0,0,0,1,0,0,0,1,0
23.1,1,25000.0,1,6.55,97.0,1,30.9,1,0,4.7,3.6,3.17,0,0,1,0,0,0,1,0,1,0,0
21.9,0,98588.0,1,3.96,88.9,4,16.9,1,0,7.2,2.68,2.86,0,0,0,1,0,0,0,0,1,0,0
21.5,0,73557.0,1,3.79,75.5,3,56.1,1,0,5.2,2.76,2.83,1,0,0,1,0,0,0,1,0,1,0
18.2,0,25000.0,1,4.82,76.5,1,25.7,0,1,4.5,2.5,2.82,0,1,0,0,0,0,0,1,0,1,0
20.2,0,32319.0,1,3.24,84.3,1,5.0,1,0,3.1,4.0,3.7,0,0,0,1,0,0,1,0,0,0,0
23.0,1,36214.0,0,4.96,72.9,2,38.2,1,0,5.0,2.06,1.56,1,0,0,0,0,0,0,0,1,0,0
21.1,1,33597.0,1,3.25,80.6,1,38.3,1,1,7.0,3.23,2.86,0,1,0,0,1,0,0,0,0,0,0
22.5,1,88327.0,1,5.81,74.1,4,24.2,1,0,3.9,1.93,2.19,0,0,0,0,0,0,1,0,0,0,0
24.9,0,31330.0,1,4.18,81.4,1,39.5,1,0,5.7,3.53,3.57,0,0,0,1,1,0,0,0,1,0,0
23.3,0,34281.0,1,5.81,88.5,3,18.6,1,1,4.0,3.83,3.44,0,0,0,0,1,0,0,0,0,0,0
21.2,1,44945.0,1,4.81,95.9,1,25.0,0,0,4.7,2.67,2.5,0,0,0,1,0,0,0,0,0,0,0
19.9,1,60715.0,1,0.97,69.5,1,34.7,0,1,2.8,2.13,2.27,0,0,0,0,1,0,0,0,0,0,0
17.0,1,52164.0,1,2.42,86.8,2,41.1,0,0,9.7,3.03,3.14,0,0,1,0,0,0,0,0,1,0,0
20.6,0,41063.0,1,6.14,87.4,1,27.3,0,1,6.1,1.71,1.92,0,1,0,0,0,1,0,0,0,1,0
20.3,0,25000.0,1,3.6,80.1,2,24.2,0,1,4.9,3.26,3.49,0,0,0,0,0,0,0,0,0,0,0
21.9,1,25000.0,1,1.7,77.3,1,29.5,0,0,7.8,1.53,1.62,0,0,0,1,0,1,0,0,0,0,0
20.7,0,48613.0,0,3.36,77.3,2,5.4,0,0,5.3,2.71,2.4,0,0,0,0,0,0,1,0,0,1,0
20.3,0,34553.0,1,3.54,67.2,3,26.6,0,0,6.3,1.9,1.82,0,0,0,1,1,0,0,0,1,0,0
17.1,1,48809.0,1,5.66,88.2,2,6.2,0,0,8.3,1.5,1.59,1,0,0,0,0,1,0,0,0,1,0
18.9,0,92254.0,0,2.93,75.9,0,19.9,1,0,8.2,1.82,1.86,0,0,0,0,0,0,0,1,0,1,0
22.0,1,25000.0,1,3.86,68.7,1,12.9,1,0,3.4,1.98,1.95,0,1,0,0,1,0,0,0,0,0,0
24.8,1,58850.0,1,5.44,84.6,3,36.3,1,0,5.5,3.24,3.31,0,0,1,0,0,1,0,0,1,0,0
20.8,1,25000.0,1,3.4,84.5,4,21.2,0,0,7.8,1.2,1.76,0,0,0,0,0,0,1,0,0,0,0
21.7,0,52115.0,1,2.91,88.8,0,44.9,0,1,3.6,3.8,3.75,0,0,0,0,1,0,0,0,0,0,0
23.1,0,29006.0,1,4.5,96.5,1,7.8,0,0,5.0,1.75,1.62,0,0,0,0,1,0,0,0,0,0,0
19.2,1,106532.0,1,5.03,82.3,3,27.1,0,0,5.0,2.86,2.77,0,0,0,0,0,0,1,0,0,0,1
21.8,0,32146.0,1,3.92,79.6,0,31.0,0,0,6.4,2.4,2.55,1,1,0,0,0,0,1,0,1,0,0
19.4,1,25000.0,1,4.83,78.9,1,35.9,0,1,6.9,2.67,2.74,0,1,0,0,0,0,1,0,0,1,0
22.9,0,38251.0,1,3.32,79.6,2,55.8,0,1,7.6,0.6,0.32,1,0,0,1,0,0,0,0,1,0,0
21.3,0,36111.0,1,1.45,76.1,1,6.4,0,0,5.6,0.1,0.26,1,0,0,0,0,1,0,0,0,1,0
21.7,1,58857.0,1,5.15,78.5,3,20.9,1,0,3.6,2.97,3.0,1,1,0,0,0,0,0,1,0,1,0
19.3,1,38903.0,1,2.7,76.2,1,54.0,0,0,4.9,2.23,3.08,0,1,0,0,0,0,1,0,1,0,0
22.6,0,29740.5,1,4.0,73.7,1,18.9,1,0,5.5,2.5,2.28,0,0,0,1,0,0,1,0,0,0,0
25.6,1,27810.0,1,4.31,95.9,2,35.3,0,0,4.3,3.9,3.83,0,0,1,0,0,0,0,0,1,0,0
18.8,0,28008.0,1,5.26,93.1,0,18.7,0,0,6.8,2.42,2.61,1,0,1,0,1,0,0,0,0,0,1
20.3,1,25000.0,1,3.9,67.1,4,13.3,0,0,2.9,2.7,2.42,0,0,0,0,0,1,0,0,0,1,0
21.5,0,31301.0,1,3.35,84.5,2,20.2,0,1,4.5,2.16,2.46,0,0,0,1,0,1,0,0,0,0,1
22.7,1,34154.0,1,5.93,81.5,2,53.7,0,0,7.1,3.9,3.91,1,0,0,0,0,0,0,0,0,1,0
19.8,1,35197.0,1,3.6,83.2,1,16.0,1,0,6.7,0.71,0.78,0,0,1,0,0,1,0,0,1,0,0
17.0,1,30956.0,1,3.67,70.4,1,26.4,0,0,4.1,2.27,2.87,0,0,0,0,0,0,1,0,0,1,0
24.0,0,25000.0,1,1.95,67.2,0,26.9,1,1,3.9,0.81,0.46,0,1,0,0,0,0,0,1,0,0,1
22.7,1,25000.0,1,4.15,81.6,1,41.0,0,0,8.3,1.65,1.51,0,0,0,1,0,0,1,0,0,0,0
17.2,1,25000.0,1,5.88,79.0,3,43.5,1,0,6.2,2.57,2.17,0,0,0,0,0,0,0,1,0,0,1
19.7,0,58978.0,0,2.11,77.6,1,31.3,1,0,4.0,3.77,3.57,0,0,0,0,0,0,0,1,0,0,0
24.5,0,67109.0,1,3.08,80.3,0,5.0,0,0,5.4,2.84,3.51,0,0,1,0,1,0,0,0,1,0,0
24.2,1,28391.0,1,3.95,86.8,3,19.3,1,0,7.5,2.13,2.57,0,0,0,0,0,0,0,0,1,0,0
23.1,0,25000.0,1,4.7,89.1,2,15.6,0,1,3.9,4.0,3.73,0,0,0,1,1,0,0,0,0,1,0
20.6,0,28319.0,1,4.39,74.2,4,43.9,0,0,3.9,1.33,1.17,1,0,1,0,0,0,0,0,0,0,0
21.2,1,104297.0,1,4.05,74.9,2,18.9,0,0,5.9,3.74,3.99,0,0,1,0,0,0,0,0,1,0,0
20.7,1,54143.0,1,3.14,83.2,2,50.2,1,0,3.1,2.93,2.46,0,0,0,1,0,0,0,1,0,0,0
23.5,0,29740.5,1,4.0,76.8,0,34.9,1,0,5.5,2.68,2.3,0,0,1,0,1,0,0,0,0,0,0
19.1,0,52977.0,1,1.26,80.3,2,43.6,0,0,4.7,2.68,2.55,0,0,0,0,0,0,0,0,0,0,0
19.2,1,74932.0,1,5.48,83.2,0,57.1,0,0,1.0,4.0,3.97,0,0,1,0,0,0,0,0,1,0,0
23.2,1,25000.0,1,6.63,71.1,1,18.7,0,0,5.6,2.27,2.58,0,0,0,1,0,0,1,0,0,0,0
20.9,1,25000.0,1,4.96,64.4,0,10.6,0,0,6.6,1.54,1.87,1,0,0,1,0,0,1,0,1,0,0
24.0,0,25000.0,1,3.23,100.0,1,32.2,0,0,9.0,2.08,2.55,0,0,0,1,1,0,0,0,0,0,0
19.5,1,42288.0,1,4.38,84.2,0,41.4,0,0,6.6,4.0,3.67,0,0,1,0,0,1,0,0,1,0,0
20.9,1,32731.0,1,2.49,73.9,5,22.0,0,0,3.7,3.24,3.28,0,1,0,0,0,1,0,0,0,1,0
19.0,0,46807.0,1,2.76,64.9,2,30.4,0,0,4.7,0.0,0.26,1,0,0,1,0,0,0,0,0,0,0
21.0,0,29740.5,1,4.0,93.6,1,44.6,0,0,5.5,1.58,1.82,1,1,0,0,0,0,1,0,0,0,0
17.7,1,67722.0,1,4.76,74.4,1,43.4,0,0,6.3,2.13,1.76,0,1,0,0,0,1,0,0,0,1,0
19.9,1,28521.0,1,4.48,74.4,5,23.0,1,1,7.4,1.57,1.74,1,0,0,0,0,0,1,0,1,0,0
17.8,1,29740.5,1,4.0,76.3,1,33.3,0,1,5.5,1.39,1.96,0,0,1,0,0,0,0,1,0,0,0
22.5,1,60916.0,1,7.06,83.1,0,18.8,0,0,5.1,0.21,0.62,1,0,0,1,1,0,0,0,0,0,0
22.6,0,58051.0,1,4.74,87.1,1,12.6,1,0,5.4,2.06,2.17,1,0,0,1,0,0,0,0,0,0,0
17.2,0,36920.0,1,3.85,79.6,2,46.3,0,0,7.2,2.63,2.49,0,0,1,0,0,0,0,0,0,0,0
23.9,1,48611.0,1,4.11,73.6,2,5.0,0,0,4.7,2.12,2.36,0,0,0,0,0,0,0,1,0,0,0
26.5,1,84541.0,1,3.21,100.0,2,32.3,0,0,6.6,1.76,1.44,0,0,0,1,1,0,0,0,1,0,0
21.1,0,40464.0,1,2.88,78.1,0,25.6,0,1,5.5,2.49,3.08,0,0,0,1,0,0,0,1,0,0,0
19.6,0,25000.0,1,7.21,82.1,3,36.6,0,0,3.3,4.0,3.47,0,1,0,0,0,0,0,1,0,0,0
27.2,1,42185.0,1,2.9,70.0,2,21.8,1,0,5.5,1.74,1.77,0,0,0,1,0,0,0,1,0,0,0
18.1,0,29740.5,1,4.0,86.6,1,43.7,0,0,5.5,1.89,2.03,1,1,0,0,0,0,1,0,0,1,0
21.0,0,25000.0,1,3.57,90.7,2,27.3,0,0,5.5,3.27,3.38,0,1,0,0,0,0,1,0,0,0,0
21.4,1,39230.0,1,3.08,75.1,1,47.4,1,0,4.9,0.12,0.0,0,0,0,1,1,0,0,0,0,1,0
24.0,0,31888.0,1,4.02,67.3,0,32.6,1,0,8.1,1.91,1.64,0,0,1,0,0,0,0,0,0,0,0
21.8,0,59507.0,1,3.45,78.9,1,17.4,1,0,6.2,3.82,3.67,0,0,0,0,0,0,1,0,0,1,0
19.9,0,25000.0,0,3.83,97.2,0,36.5,1,0,3.0,3.71,3.94,0,0,1,0,0,0,0,0,0,0,0
18.9,0,25000.0,1,3.58,76.9,1,35.0,0,0,5.0,1.99,2.25,0,0,1,0,0,1,0,0,0,0,0
20.2,1,32899.0,1,3.7,100.0,3,28.7,1,0,6.0,2.48,2.18,0,0,1,0,0,1,0,0,1,0,0
18.8,1,37351.0,1,2.0,77.5,1,21.0,1,1,5.9,1.25,0.75,1,0,1,0,1,0,0,0,0,0,0
21.1,0,31455.0,1,3.59,67.4,5,40.3,1,0,6.4,0.49,0.71,1,0,0,1,0,0,0,0,0,0,0
19.8,0,30104.0,0,3.84,77.9,0,18.4,0,0,5.2,3.34,3.35,0,1,0,0,0,0,0,0,0,0,0
17.7,0,25000.0,1,3.65,67.0,1,19.7,1,0,5.1,3.85,4.0,0,1,0,0,0,0,1,0,0,1,0
23.8,1,27355.0,0,3.66,76.2,1,36.3,1,1,5.5,2.73,2.84,1,0,1,0,0,0,0,0,1,0,0
19.9,0,25000.0,1,5.2,85.1,1,27.5,1,1,6.9,1.78,1.92,0,0,0,1,1,0,0,0,0,1,0
18.2,1,56592.0,0,3.34,78.3,2,6.4,1,0,4.3,3.46,3.26,0,0,0,0,0,0,0,1,1,0,0
20.6,1,37332.0,1,5.32,90.8,3,18.5,1,0,5.4,2.92,3.21,0,0,1,0,1,0,0,0,1,0,0
21.2,1,25165.0,1,6.62,77.7,5,34.9,0,0,5.9,2.48,1.97,1,0,1,0,0,1,0,0,0,1,0
17.2,1,83644.0,1,3.16,70.1,4,26.8,1,0,4.5,0.99,1.37,0,0,1,0,0,0,0,1,0,1,0
21.7,1,25302.0,1,4.49,83.2,0,28.8,1,0,6.3,3.25,2.77,0,0,0,1,1,0,0,0,0,0,0
18.7,0,41551.0,1,4.31,80.8,3,33.1,1,0,6.1,3.74,3.39,0,0,0,0,1,0,0,0,0,0,0
24.8,1,26899.0,0,4.07,81.8,3,35.5,0,1,1.8,4.0,3.95,0,0,1,0,0,0,1,0,1,0,0
22.2,1,79118.0,1,1.9,71.8,5,31.4,1,0,5.6,1.6,1.09,0,0,0,0,0,0,0,0,1,0,0
20.1,1,31323.0,1,5.15,84.1,0,5.0,0,0,8.1,3.5,3.24,0,0,0,1,0,0,0,0,0,0,0
19.4,1,31884.0,1,3.51,93.1,2,29.3,0,1,8.2,2.63,2.4,0,0,0,0,0,1,0,0,1,0,0
20.8,0,27339.0,1,5.51,71.5,3,23.8,0,1,6.7,0.97,0.87,0,0,0,1,0,0,1,0,0,1,0
22.3,1,33453.0,1,3.98,66.7,1,30.4,0,1,7.8,1.28,1.69,0,0,0,0,0,1,0,0,1,0,0
20.9,1,61067.0,1,5.48,69.6,5,42.8,0,1,5.2,1.78,2.04,0,0,0,1,0,0,0,0,0,0,0
20.5,0,49390.0,1,4.67,81.8,3,17.1,0,0,6.5,2.15,2.17,0,0,1,0,0,0,0,1,1,0,0
21.1,0,30238.0,1,4.99,69.1,2,30.8,0,0,5.8,2.71,2.89,1,0,0,0,0,1,0,0,1,0,0
19.7,0,29740.5,1,4.0,84.6,3,35.7,0,1,5.5,3.19,3.26,0,0,1,0,0,1,0,0,0,0,0
20.2,0,50201.0,1,3.82,84.9,6,26.3,1,1,8.8,2.14,1.53,1,0,0,1,1,0,0,0,0,1,0
17.0,0,25000.0,0,3.53,84.9,1,14.3,0,1,7.3,1.61,1.56,0,0,0,0,0,1,0,0,0,0,0
23.1,1,25000.0,1,4.58,100.0,3,15.6,0,0,4.9,2.65,2.75,0,1,0,0,0,1,0,0,0,0,0
21.7,0,25000.0,1,4.91,67.1,1,29.6,1,0,8.3,0.5,0.32,1,0,0,1,0,0,0,1,0,0,0
19.3,0,38102.0,1,3.99,68.3,0,22.6,0,1,5.9,0.95,0.98,1,0,0,1,1,0,0,0,1,0,0
25.2,0,42545.0,1,5.01,92.2,1,6.9,1,0,6.7,2.01,1.77,0,0,1,0,0,0,0,1,0,1,0
21.2,0,67204.0,0,3.04,86.3,3,20.4,0,0,5.1,1.89,2.67,0,1,0,0,1,0,0,0,0,1,0
18.7,0,25000.0,0,4.33,91.2,0,14.4,0,0,6.8,1.91,2.0,0,0,0,0,0,0,0,0,0,0,0
22.9,1,25000.0,0,5.49,65.7,4,39.0,0,1,6.2,1.9,2.16,1,0,1,0,0,0,0,0,0,0,0
21.9,1,25000.0,1,4.33,71.1,5,12.2,0,0,7.5,1.28,0.96,1,1,0,0,0,1,0,0,0,1,0
21.9,0,25000.0,1,3.85,89.8,3,47.0,0,0,4.6,0.88,0.77,1,0,0,1,0,0,0,0,1,0,0
20.1,0,25000.0,1,5.18,80.7,4,55.9,1,0,7.2,3.59,3.32,0,0,0,1,0,0,0,1,0,0,0
22.0,1,37048.0,1,6.05,92.5,1,21.1,0,1,1.1,4.0,2.96,0,0,0,1,0,0,0,1,0,0,0
20.4,0,47232.0,1,4.78,78.7,3,22.6,1,0,4.4,1.28,1.47,0,0,0,0,0,0,0,1,0,0,0
22.2,0,25000.0,1,1.95,80.3,0,41.3,0,0,3.1,2.42,2.55,1,1,0,0,0,0,0,1,1,0,0
17.0,1,25000.0,1,3.0,100.0,0,43.0,0,1,6.1,2.76,2.41,0,0,0,0,0,0,1,0,0,1,0
20.0,0,25000.0,1,5.33,73.7,0,24.1,1,0,7.2,2.35,2.64,0,0,0,1,1,0,0,0,1,0,0
24.8,0,33813.0,1,3.38,87.9,3,24.7,1,0,5.5,3.19,3.14,0,0,0,0,0,0,0,0,0,0,0
19.3,1,25000.0,1,4.11,69.5,3,24.8,0,1,7.9,0.0,0.24,0,0,1,0,1,0,0,0,0,0,0
19.7,0,80646.0,1,3.33,75.1,4,19.8,1,1,4.1,1.3,1.23,0,0,0,1,0,0,0,0,0,0,0
20.0,1,38021.0,1,5.13,87.9,0,40.9,1,1,3.0,3.72,3.87,0,0,0,0,0,0,1,0,0,0,0
18.3,1,26826.0,0,4.69,70.7,0,31.9,0,1,6.8,1.66,1.99,1,0,0,0,0,0,1,0,0,0,0
17.0,1,25000.0,1,3.18,89.0,0,21.3,0,1,7.6,1.27,0.87,0,0,0,1,0,1,0,0,1,0,0
20.5,0,25000.0,1,5.12,80.2,2,30.8,0,0,5.7,1.42,1.57,0,0,0,1,0,0,1,0,0,0,0
21.3,1,25000.0,1,5.19,74.2,0,25.5,0,0,8.8,1.35,1.15,0,0,0,0,1,0,0,0,0,1,0
20.9,1,25000.0,1,4.78,81.1,3,60.0,0,1,6.4,2.36,2.15,0,0,1,0,1,0,0,0,0,0,0
20.7,0,25000.0,1,4.32,77.3,4,27.0,0,0,6.2,2.54,2.15,0,0,0,1,1,0,0,0,0,0,0
21.1,1,25000.0,1,8.82,76.3,2,38.9,0,1,4.7,3.44,3.47,0,1,0,0,0,0,0,1,0,1,0
23.3,0,37282.0,1,2.17,78.0,3,35.2,1,0,3.2,2.42,2.85,0,0,1,0,0,1,0,0,0,1,0
20.6,0,40480.0,1,3.63,70.9,1,28.2,1,1,5.0,2.6,2.54,0,0,0,1,0,0,0,1,0,0,0
19.7,0,25000.0,1,4.01,67.9,2,35.3,0,0,8.3,1.75,1.67,1,1,0,0,0,0,0,0,0,1,0
20.4,0,94949.0,1,5.65,65.0,4,32.5,0,1,5.8,1.55,1.68,1,0,1,0,0,0,0,0,0,0,0
22.3,1,25000.0,1,3.67,86.0,3,59.8,0,0,4.8,2.71,3.22,0,0,0,0,0,0,0,1,1,0,0
24.1,1,30789.0,1,5.49,85.5,1,28.8,0,0,3.9,1.68,1.2,0,0,0,1,0,0,0,0,0,0,1
19.6,0,26078.0,1,3.27,75.7,2,5.0,0,0,6.5,1.24,1.31,0,0,0,1,0,0,0,1,0,0,0
21.2,0,25000.0,1,4.62,81.0,1,56.3,1,0,3.5,3.71,4.0,0,0,0,0,1,0,0,0,0,1,0
21.7,1,25000.0,1,5.15,93.1,2,23.9,0,1,6.1,1.68,1.29,0,0,0,1,0,0,0,0,0,1,0
18.8,0,29740.5,1,4.0,77.0,4,31.0,0,0,5.5,2.46,2.56,0,0,0,0,0,0,0,0,0,0,0
21.0,1,25970.0,0,5.03,79.9,1,23.5,0,0,5.0,3.75,3.71,0,1,0,0,1,0,0,0,1,0,0
17.8,0,25000.0,1,5.89,97.5,2,22.8,0,1,6.7,2.82,2.83,0,0,0,1,0,0,0,1,0,0,0
17.1,0,25000.0,1,3.9,85.1,0,16.6,1,0,3.8,3.54,3.52,0,1,0,0,1,0,0,0,1,0,0
21.8,0,25000.0,1,2.75,89.2,3,6.0,0,0,5.5,3.65,3.65,0,0,0,1,1,0,0,0,0,0,0
20.2,0,25006.0,0,3.63,87.7,1,21.4,0,1,2.8,1.84,1.73,1,0,0,0,0,0,1,0,0,0,0
21.4,0,25000.0,1,3.92,86.0,1,36.2,1,0,5.3,3.44,3.33,0,0,0,0,0,0,0,1,1,0,0
21.0,1,26417.0,1,5.28,76.2,3,10.2,0,0,6.4,0.92,1.12,0,0,0,0,0,1,0,0,0,0,0
18.9,0,27857.0,0,2.87,74.2,1,36.1,0,1,6.9,2.76,3.06,0,0,0,0,0,0,0,0,0,0,0
20.9,0,25000.0,1,4.87,87.4,1,57.8,0,1,7.5,3.4,3.25,0,0,0,0,0,1,0,0,1,0,0
18.3,0,26175.0,1,4.76,86.2,0,33.4,0,0,6.7,0.77,0.97,1,0,0,1,0,0,0,1,1,0,0
24.1,0,25000.0,1,4.65,83.9,1,13.3,0,1,4.8,3.74,3.97,0,0,0,1,1,0,0,0,0,0,0
18.0,1,74189.0,1,5.61,84.3,1,34.8,0,0,2.2,4.0,4.0,0,0,0,0,1,0,0,0,0,1,0
20.6,0,25000.0,1,4.38,75.8,2,41.5,1,1,7.3,2.9,3.29,1,0,0,1,1,0,0,0,0,0,0
18.7,0,25000.0,1,3.31,72.6,3,45.7,0,1,4.6,2.99,2.73,1,0,0,0,1,0,0,0,1,0,0
22.3,1,25000.0,1,3.95,76.1,3,32.3,1,1,2.9,0.0,0.0,1,1,0,0,0,0,0,0,0,0,0
20.3,1,25000.0,1,4.09,80.0,1,37.3,1,0,8.9,3.55,3.48,1,0,1,0,0,0,0,1,0,0,0
19.9,0,30175.0,1,3.38,77.2,3,40.2,1,1,5.4,2.87,2.48,0,1,0,0,1,0,0,0,1,0,0
22.9,1,27964.0,1,2.13,94.5,1,37.2,1,1,6.4,1.8,1.92,0,0,0,1,0,1,0,0,0,0,0
21.1,1,25000.0,0,4.17,93.8,3,33.8,1,0,5.9,2.27,2.54,0,1,0,0,0,1,0,0,0,0,0
22.1,1,25082.0,1,4.33,88.8,1,22.3,0,1,5.5,4.0,4.0,0,0,0,0,0,0,0,1,0,0,0
18.8,0,25000.0,1,3.95,91.8,3,41.5,1,0,4.8,3.08,2.96,0,0,0,1,0,1,0,0,1,0,0
17.9,0,37837.0,1,4.07,71.6,1,23.6,1,0,4.4,3.77,3.41,0,0,0,1,0,0,0,1,0,0,0
21.2,1,102040.0,1,2.84,87.7,3,61.2,0,1,9.5,1.97,2.22,0,0,1,0,0,1,0,0,1,0,0
20.3,0,25000.0,0,0.89,81.7,0,22.3,0,0,2.9,1.46,1.74,0,1,0,0,1,0,0,0,0,0,0
22.4,0,29740.5,1,4.0,78.3,4,39.6,0,1,5.5,2.12,2.1,0,1,0,0,0,0,1,0,0,1,0
20.8,1,30545.0,1,2.26,79.7,2,14.7,1,0,3.9,3.22,3.38,0,0,1,0,0,0,1,0,0,0,0
21.5,1,44408.0,0,4.48,79.8,5,24.3,0,0,6.4,1.96,1.43,0,0,1,0,0,0,1,0,0,0,0
17.4,0,45165.0,1,2.61,79.0,2,22.9,0,0,4.8,2.35,1.51,1,0,0,1,0,0,0,1,0,0,0
25.2,1,33632.0,1,3.94,77.1,0,13.6,0,0,4.6,1.66,1.57,1,0,0,1,0,0,0,0,0,0,0
20.6,0,29031.0,1,3.62,71.3,0,23.1,1,0,6.7,0.31,0.26,0,0,0,1,0,1,0,0,0,0,0
22.5,1,25000.0,1,3.04,69.4,2,34.3,0,0,9.0,1.8,1.74,1,1,0,0,0,0,0,1,0,0,0
19.2,1,25000.0,1,5.3,85.2,4,27.0,0,0,4.0,1.79,1.58,0,0,0,0,0,1,0,0,1,0,0
21.7,0,28054.0,1,2.52,59.5,2,44.3,0,0,2.7,3.02,3.28,0,0,1,0,0,0,0,1,0,1,0
18.1,1,25000.0,1,0.94,97.6,3,18.8,1,1,5.6,2.94,2.55,0,1,0,0,0,0,1,0,0,1,0
22.0,0,25000.0,0,2.41,77.0,3,38.4,0,0,7.0,1.98,1.73,1,1,0,0,0,0,1,0,0,0,0
20.2,1,57763.0,1,5.99,67.6,0,22.9,1,1,5.1,2.38,2.43,1,0,0,0,0,0,0,0,0,0,0
21.1,1,31543.0,1,3.65,86.2,1,43.6,0,1,6.6,2.16,2.41,0,0,1,0,0,0,0,0,0,1,0
22.5,1,50797.0,1,5.41,80.9,1,39.4,0,0,4.5,3.98,3.92,0,0,0,1,1,0,0,0,0,1,0
18.3,1,71811.0,1,3.98,74.4,1,42.2,0,0,9.8,0.75,1.21,0,1,0,0,0,0,0,1,0,0,0
19.5,1,26736.0,1,5.56,77.4,1,28.1,0,1,6.6,2.5,1.72,0,0,0,1,1,0,0,0,0,1,0
22.0,1,33671.0,0,2.93,81.3,3,46.0,0,1,4.6,2.63,2.79,0,0,0,0,0,0,0,0,1,0,0
25.6,0,25000.0,1,4.37,90.7,1,10.1,0,1,4.1,2.54,2.72,0,0,1,0,0,0,1,0,0,0,0
20.7,0,25000.0,1,5.04,60.8,3,35.4,1,1,6.0,0.61,0.68,1,1,0,0,1,0,0,0,0,0,0
22.3,1,25000.0,1,2.35,84.5,1,31.7,0,0,6.7,0.0,0.03,0,0,1,0,0,1,0,0,0,0,0
20.8,0,49310.0,1,2.66,95.2,1,40.0,0,1,3.1,1.21,1.49,0,0,0,1,0,1,0,0,0,1,0
25.3,1,33697.0,1,3.67,75.5,0,29.1,1,0,5.5,0.96,0.45,0,1,0,0,0,0,0,0,1,0,0
17.2,1,90036.0,0,4.62,88.0,2,18.2,1,1,6.8,0.92,1.42,1,0,1,0,0,1,0,0,0,0,0
21.2,0,53275.0,1,2.97,87.4,1,16.9,0,1,6.1,1.25,0.92,0,0,1,0,0,1,0,0,1,0,0
17.4,1,25000.0,1,5.48,97.1,2,29.9,0,0,6.6,1.91,1.56,0,0,0,0,0,0,0,0,1,0,0
17.0,1,49227.0,1,5.24,83.9,3,26.9,0,0,8.2,1.59,1.5,0,0,0,0,0,0,0,1,0,1,0
21.7,1,25000.0,1,3.92,87.6,3,40.3,0,1,1.0,3.52,3.05,0,0,0,1,1,0,0,0,0,1,0
21.3,0,61705.0,1,4.58,90.5,2,41.4,0,0,5.9,2.2,2.65,0,1,0,0,0,0,0,1,1,0,0
20.4,0,29740.5,1,4.0,71.9,2,30.6,0,1,5.5,3.0,2.85,0,0,0,0,0,0,0,0,0,0,0
20.8,1,29740.5,1,4.0,74.9,1,30.3,1,0,5.5,1.26,0.74,0,0,0,1,0,0,1,0,0,1,0
27.8,1,25000.0,1,4.65,76.2,2,42.8,1,1,7.8,1.04,1.25,1,0,0,1,0,0,1,0,0,0,0
20.4,0,25000.0,1,3.24,84.1,2,27.1,0,0,5.3,1.88,1.72,0,0,1,0,0,0,0,1,1,0,0
22.1,0,25000.0,1,1.86,88.9,1,27.6,1,1,3.8,3.15,3.04,0,1,0,0,0,0,0,0,0,0,0
19.6,1,25000.0,1,4.21,84.7,0,14.1,0,0,7.0,2.64,3.02,0,0,0,0,0,0,1,0,0,1,0
21.6,1,49713.0,1,5.62,73.7,2,40.5,0,0,5.8,1.01,1.16,0,1,0,0,0,0,1,0,0,0,0
20.5,1,87345.0,1,5.73,80.0,2,28.9,0,1,5.8,4.0,4.0,0,0,1,0,0,0,0,1,1,0,0
20.1,0,25000.0,1,4.41,70.9,4,43.6,0,0,9.4,2.03,1.69,1,1,0,0,0,1,0,0,0,0,1
25.0,0,63456.0,1,3.41,86.7,2,15.5,1,0,2.8,3.44,3.84,0,0,0,0,0,0,1,0,0,0,0
23.6,1,25000.0,1,5.2,97.8,0,24.1,0,0,4.4,4.0,3.98,0,0,0,1,0,0,0,1,0,0,0
21.3,1,36634.0,0,2.57,86.2,1,41.4,0,0,6.2,1.98,1.7,0,0,0,0,0,0,1,0,1,0,0
17.0,0,25000.0,0,3.2,66.4,4,33.9,1,0,7.7,1.5,1.24,0,0,0,0,0,0,1,0,0,0,0
20.2,0,40718.0,1,2.14,82.8,1,15.8,0,1,3.8,2.67,2.27,0,0,0,0,0,1,0,0,0,0,0
26.9,0,25000.0,0,5.3,81.9,1,41.1,0,0,4.8,4.0,3.97,0,0,0,1,0,1,0,0,0,0,0
20.5,1,35895.0,1,1.87,77.8,3,14.3,0,0,5.4,3.04,3.27,0,0,1,0,0,0,1,0,0,1,0
23.4,0,34695.0,1,4.53,65.6,0,39.9,0,1,5.2,2.63,2.52,0,0,0,0,0,1,0,0,0,0,0
24.2,0,33343.0,1,7.02,85.8,4,18.2,0,1,6.8,1.84,2.16,0,1,0,0,1,0,0,0,0,1,0
21.5,1,25000.0,1,4.52,89.6,4,44.5,0,0,5.4,2.41,2.32,0,0,0,1,0,1,0,0,1,0,0
19.1,0,41345.0,1,2.74,74.9,0,31.4,1,0,6.7,0.14,0.17,1,0,1,0,1,0,0,0,1,0,0
17.0,0,37596.0,0,3.46,74.9,2,34.1,1,0,3.3,1.34,1.72,1,1,0,0,1,0,0,0,1,0,0
22.5,0,26213.0,1,2.04,79.5,1,29.0,0,1,5.8,2.8,2.97,0,1,0,0,0,0,0,1,0,0,0
19.2,0,44494.0,1,2.84,95.9,3,31.1,0,1,5.6,1.81,1.5,0,0,0,0,0,1,0,0,0,0,0
21.4,1,28075.0,1,3.07,79.7,4,31.0,0,0,7.0,1.33,0.89,1,0,0,0,0,0,0,0,0,0,0
18.3,1,40834.0,1,2.92,75.9,2,38.5,0,1,10.0,3.17,2.62,1,1,0,0,0,0,1,0,0,0,0
20.4,1,27570.0,0,4.18,78.8,0,29.2,0,0,7.2,1.8,1.37,0,0,0,1,1,0,0,0,0,0,0
21.1,0,33861.0,1,0.5,86.6,1,47.5,1,0,4.2,0.43,0.25,0,0,0,1,0,0,0,1,1,0,0
21.6,1,41975.0,1,2.38,65.8,3,21.2,0,1,6.6,2.72,3.1,0,1,0,0,0,0,0,0,1,0,0
18.5,0,25000.0,1,4.75,80.1,3,40.3,0,0,5.4,2.89,3.29,0,1,0,0,0,1,0,0,1,0,0
23.6,1,25000.0,1,6.73,79.2,1,36.8,1,0,4.9,2.73,3.39,0,1,0,0,0,0,0,1,0,0,0
19.7,1,35089.0,1,4.56,81.1,1,44.8,0,0,4.5,2.16,1.95,0,1,0,0,0,0,0,1,0,0,0
17.3,0,60696.0,1,2.91,76.4,1,31.5,0,0,4.5,0.38,0.43,0,0,0,1,0,0,0,1,0,0,0
20.8,0,35578.0,1,5.1,71.4,2,34.0,1,0,3.4,4.0,3.86,0,1,0,0,0,0,0,0,0,1,0
21.1,0,35986.0,0,5.42,89.5,0,33.8,0,0,3.2,4.0,4.0,0,0,0,0,0,0,1,0,0,0,0
21.4,0,28990.0,1,3.02,67.3,1,15.4,0,1,6.7,0.84,0.88,0,0,0,0,0,0,0,1,0,0,0
24.0,1,46327.0,1,2.88,94.5,1,34.7,0,0,4.9,3.16,3.18,0,0,1,0,0,0,0,0,0,0,0
20.5,1,26594.0,1,6.1,84.8,0,69.2,0,0,5.8,2.16,2.1,0,0,1,0,1,0,0,0,1,0,0
20.7,1,25000.0,1,2.6,87.4,1,49.3,0,0,3.9,2.41,2.22,0,0,0,1,0,1,0,0,0,0,1
18.6,0,57710.0,1,6.28,82.5,3,20.6,1,0,6.5,2.0,1.6,0,0,0,1,0,0,0,1,0,1,0
22.8,1,25000.0,1,4.73,91.4,3,8.4,0,0,4.2,3.13,3.27,0,0,0,0,0,0,0,0,0,0,0
21.4,0,50700.0,1,5.67,86.3,2,30.6,1,0,3.1,1.78,2.19,0,0,0,0,0,1,0,0,0,0,0
20.1,1,57732.0,0,5.32,92.4,0,43.0,0,0,8.3,0.96,0.98,0,0,0,1,1,0,0,0,1,0,0
17.0,0,41777.0,1,5.36,88.8,2,29.5,0,1,5.9,3.36,4.0,0,0,0,1,0,0,0,1,0,0,1
24.2,0,25000.0,1,2.51,90.9,1,52.7,0,1,4.9,3.64,3.54,0,0,1,0,0,0,0,1,1,0,0
18.3,0,30221.0,0,4.94,76.3,0,20.6,0,0,5.2,1.92,2.01,0,0,0,0,0,0,1,0,1,0,0
19.7,0,26339.0,1,5.65,79.0,1,32.7,1,0,4.9,1.61,1.6,1,0,0,0,1,0,0,0,0,0,0
21.8,1,25000.0,1,3.69,82.1,2,28.7,0,0,6.4,1.79,1.53,1,0,1,0,0,1,0,0,0,0,0
18.4,1,32391.0,1,1.42,82.0,1,38.8,1,0,2.7,1.32,1.51,1,0,1,0,0,0,1,0,0,1,0
17.7,0,47170.0,0,2.3,86.6,2,39.6,1,0,2.3,4.0,4.0,0,0,1,0,0,0,0,1,0,0,0
17.0,1,25000.0,1,1.95,76.0,2,44.3,0,0,5.7,3.67,3.83,0,0,0,1,0,1,0,0,0,0,1
22.6,0,26827.0,1,3.5,81.9,1,28.5,1,0,2.4,4.0,3.87,0,0,0,1,0,1,0,0,0,0,0
19.8,0,25729.0,1,2.18,87.0,1,45.1,1,1,2.1,2.08,1.89,0,0,0,1,0,1,0,0,0,0,0
27.4,0,59774.0,1,3.18,66.7,0,34.1,0,0,7.1,0.37,0.78,1,0,0,0,0,0,1,0,0,0,1
18.8,1,25482.0,0,6.63,90.5,2,46.3,0,0,5.8,0.36,0.92,1,0,0,0,0,1,0,0,0,0,0
19.0,0,25000.0,1,5.1,98.4,6,48.0,0,0,5.8,2.55,2.75,0,1,0,0,0,0,0,0,0,0,0
19.8,1,25000.0,1,4.8,74.7,0,30.2,0,0,3.5,1.81,1.57,1,0,0,0,0,0,0,0,0,0,0
21.5,1,36962.0,1,5.47,93.8,3,21.9,1,1,8.0,1.56,1.72,0,1,0,0,0,0,0,1,0,1,0
20.0,1,25000.0,1,2.33,83.8,4,32.4,1,1,7.3,1.76,2.16,0,0,1,0,0,0,0,0,0,0,0
22.3,1,44411.0,1,2.77,74.9,1,41.9,0,1,3.1,2.57,2.65,1,1,0,0,0,0,0,0,0,0,0
18.8,1,29740.5,1,4.0,88.6,1,11.9,1,1,5.5,2.38,2.94,0,0,0,1,1,0,0,0,0,0,0
18.0,1,25000.0,1,3.13,97.5,0,24.1,0,0,4.8,3.51,3.6,0,1,0,0,0,1,0,0,0,0,0
17.0,0,25000.0,0,3.52,78.8,3,38.2,1,0,5.4,2.25,2.46,0,0,0,0,0,1,0,0,0,0,0
17.0,1,38591.0,1,4.81,73.5,0,5.0,0,1,7.5,2.55,2.68,0,0,0,0,0,0,1,0,0,0,0
19.9,0,43884.0,1,5.23,64.1,2,17.6,1,0,4.8,1.68,1.71,0,0,0,0,0,0,1,0,0,1,0
20.3,1,36431.0,1,4.7,80.8,5,22.6,1,0,7.3,3.1,3.5,0,0,0,1,0,1,0,0,1,0,0
19.6,1,25000.0,1,5.49,83.3,3,29.0,0,1,2.4,3.82,3.96,0,1,0,0,1,0,0,0,1,0,0
23.7,0,25000.0,1,0.54,96.5,1,26.1,1,1,4.4,4.0,3.96,0,0,1,0,0,0,0,0,0,0,0
23.7,0,29740.5,1,4.0,81.9,2,26.4,0,0,5.5,3.91,4.0,0,0,0,1,0,0,0,1,0,0,0
20.3,1,25000.0,0,5.06,76.7,7,14.0,0,0,4.5,1.46,1.13,0,0,0,0,0,0,0,1,0,1,0
17.1,1,25728.0,0,3.54,88.5,0,51.2,0,0,5.5,3.01,2.81,0,0,0,0,1,0,0,0,1,0,0
19.8,1,73876.0,1,2.08,72.8,3,22.7,1,0,5.8,0.0,0.0,1,0,1,0,1,0,0,0,0,0,0
19.7,1,26690.0,1,3.77,82.6,0,7.2,0,0,5.9,0.33,0.34,0,0,0,0,0,0,0,1,0,0,0
19.6,0,25000.0,0,2.96,81.0,3,43.6,0,0,7.1,3.88,4.0,0,1,0,0,0,0,1,0,1,0,0
19.5,0,25000.0,1,5.57,75.0,3,20.7,0,0,6.8,2.88,2.69,0,0,0,1,0,0,0,1,0,1,0
19.6,1,25000.0,1,4.88,81.0,2,15.5,0,1,2.8,3.75,3.6,0,1,0,0,0,0,0,0,0,0,0
20.1,0,107386.0,1,3.16,88.7,2,38.1,0,1,5.8,3.02,3.55,0,1,0,0,0,1,0,0,0,0,0
19.6,1,80774.0,1,2.18,90.8,0,23.8,0,1,4.4,2.48,2.84,0,0,1,0,0,0,0,0,1,0,0
21.5,0,46100.0,1,3.68,80.8,0,32.0,1,1,7.0,4.0,3.79,0,0,1,0,0,0,0,1,0,0,1
21.8,0,25000.0,0,5.3,81.3,0,22.4,0,1,7.8,2.61,2.59,1,0,0,0,0,0,0,0,1,0,0
19.0,0,61107.0,0,4.71,67.3,4,24.4,1,0,7.0,1.02,1.01,0,0,1,0,1,0,0,0,0,1,0
23.8,1,25000.0,1,2.18,84.2,2,18.1,0,1,8.9,0.71,0.75,1,0,1,0,0,0,1,0,0,0,0
18.8,0,56724.0,0,3.32,79.9,2,15.4,1,1,6.9,2.08,2.17,0,0,0,1,1,0,0,0,0,0,0
17.4,1,51885.0,0,5.27,81.3,4,71.7,0,0,7.3,2.09,1.81,1,0,0,0,0,0,1,0,1,0,0
21.8,0,27152.0,1,3.83,78.1,2,20.1,0,0,4.1,4.0,3.81,0,1,0,0,0,0,1,0,1,0,0
19.2,1,58895.0,1,3.93,74.4,1,12.4,1,1,5.5,2.1,2.49,1,0,0,1,0,1,0,0,0,0,0
21.7,1,25000.0,1,6.46,75.0,0,43.6,1,0,6.7,4.0,3.89,0,0,0,0,0,0,0,1,1,0,0
17.0,0,25000.0,1,2.61,76.6,2,33.2,0,0,6.0,1.72,1.67,1,1,0,0,0,0,0,0,0,0,0
24.1,1,53465.0,1,5.46,71.4,3,30.2,0,0,3.9,3.91,3.87,0,0,0,1,0,0,0,0,0,0,0
22.5,0,28250.0,1,3.45,84.3,2,24.1,1,0,3.8,0.99,0.62,0,0,0,0,0,0,0,1,1,0,0
17.7,0,42662.0,0,3.52,86.5,2,25.1,0,1,2.2,2.57,2.29,1,0,1,0,1,0,0,0,1,0,0
17.7,1,88657.0,0,4.24,80.9,1,26.4,0,0,6.2,2.98,2.84,0,0,0,1,0,1,0,0,0,1,0
24.7,1,29740.5,1,4.0,83.4,3,43.6,1,1,5.5,2.36,2.64,1,0,1,0,0,0,0,1,0,0,0
19.4,1,27282.0,1,4.8,80.2,1,27.0,0,1,6.7,3.56,3.86,0,0,1,0,0,0,0,0,0,1,0
19.2,0,76251.0,1,3.79,91.1,2,43.7,1,1,6.8,1.28,1.44,0,0,0,0,0,0,0,0,0,0,0
17.0,1,44411.0,1,4.88,82.4,1,29.4,1,0,5.9,2.65,2.55,0,0,0,0,0,0,0,0,0,0,0
20.2,0,25000.0,1,4.18,84.2,3,27.5,0,0,6.2,2.15,1.91,1,0,0,0,0,1,0,0,1,0,0
20.5,0,25000.0,1,3.29,88.4,2,17.7,0,0,7.3,1.91,1.82,0,0,1,0,1,0,0,0,0,1,0
22.6,0,25000.0,1,2.38,81.8,2,55.7,0,0,7.6,1.29,1.56,1,0,1,0,0,0,1,0,0,0,0
17.9,0,25000.0,1,4.82,93.1,3,30.2,1,0,1.5,2.96,3.1,0,1,0,0,0,0,1,0,0,0,0
17.7,0,34283.0,0,4.4,76.7,0,30.0,0,1,6.8,0.49,0.8,0,0,0,1,0,0,0,0,0,0,0
22.0,1,31165.0,1,3.14,95.8,0,52.3,0,1,6.4,1.32,1.17,0,0,1,0,1,0,0,0,0,1,0
23.2,1,35156.0,1,2.16,80.4,4,35.0,0,0,6.0,1.08,1.19,0,0,0,0,1,0,0,0,1,0,0
17.5,1,25000.0,1,3.24,76.8,0,36.3,0,0,6.4,1.43,1.44,0,1,0,0,1,0,0,0,0,0,0
23.4,0,28495.0,1,1.46,69.4,3,30.7,0,1,4.9,0.94,1.23,1,0,1,0,0,1,0,0,1,0,0
21.1,0,25000.0,1,5.27,89.0,1,20.7,0,0,1.2,2.64,2.64,0,0,0,0,0,1,0,0,0,0,0
23.4,0,32435.0,1,3.86,79.1,4,44.6,0,1,4.4,2.33,2.51,0,0,0,1,0,0,1,0,0,0,0
20.8,0,60190.0,1,4.34,83.1,0,13.0,0,0,2.2,3.4,3.58,0,0,0,1,0,0,0,0,0,1,0
17.0,1,25000.0,1,3.47,84.1,1,18.3,1,0,2.5,3.2,3.14,0,0,1,0,0,0,1,0,0,0,0
20.7,1,39738.0,1,6.3,78.1,3,20.7,1,0,7.4,1.26,1.05,0,0,1,0,0,1,0,0,0,1,0
23.3,1,29740.5,1,4.0,90.6,0,33.0,0,0,5.5,3.04,3.42,0,0,1,0,0,0,1,0,0,0,0
19.0,1,48122.0,1,3.52,85.6,1,29.8,0,0,6.0,1.33,1.39,0,0,1,0,1,0,0,0,0,0,0
20.1,0,32702.0,1,3.55,75.2,2,7.6,0,0,5.5,1.87,1.97,1,1,0,0,0,0,1,0,0,0,0
20.6,1,37904.0,1,3.19,71.2,1,57.8,1,0,7.9,0.0,0.34,1,0,0,1,0,0,1,0,0,1,0
17.0,0,30912.0,1,3.81,88.2,2,39.1,0,0,5.6,3.16,3.19,0,0,0,1,0,0,0,1,0,0,0
24.7,0,29740.5,1,4.0,80.1,5,24.1,0,0,5.5,2.36,2.5,1,0,1,0,0,0,0,0,0,0,0
19.0,1,36624.0,0,4.45,87.6,1,35.2,0,0,8.2,1.99,2.21,0,0,0,0,0,0,1,0,0,0,0
22.1,1,29740.5,0,4.0,80.0,2,35.4,0,0,5.5,1.98,1.63,0,0,0,0,0,1,0,0,0,1,0
20.8,1,31547.0,1,5.89,83.7,3,26.0,1,0,6.3,1.67,1.22,0,1,0,0,1,0,0,0,0,1,0
23.8,1,25000.0,1,1.39,88.4,0,34.7,0,0,6.4,3.03,3.24,0,1,0,0,0,1,0,0,1,0,0
21.9,0,32776.0,1,3.24,70.0,1,34.9,0,0,3.3,2.97,2.86,0,0,1,0,1,0,0,0,1,0,0
20.5,1,25000.0,1,4.9,95.5,0,43.1,0,0,7.2,2.75,2.46,0,0,1,0,1,0,0,0,1,0,0
19.0,0,25000.0,1,5.83,85.0,1,30.8,0,0,7.9,1.61,2.01,0,1,0,0,1,0,0,0,1,0,0
22.8,0,33509.0,1,4.26,65.6,3,33.9,0,1,3.5,1.78,2.0,0,1,0,0,0,0,0,0,1,0,0
17.0,1,30745.0,1,5.95,92.8,2,27.5,1,0,5.6,1.93,1.9,0,0,0,0,0,0,0,0,0,0,0
22.4,0,56296.0,1,6.22,89.9,3,24.8,1,0,7.9,1.42,1.0,1,0,0,1,0,0,1,0,1,0,0
18.6,0,25000.0,1,3.54,80.5,1,20.8,0,0,2.6,3.59,3.6,0,0,0,1,1,0,0,0,0,0,0
23.8,0,25000.0,0,2.9,93.2,3,20.4,1,0,6.6,1.64,1.87,0,0,0,0,0,0,0,0,0,1,0
21.4,1,25000.0,1,2.88,76.9,1,24.4,1,0,3.3,0.62,0.29,1,0,0,1,0,0,0,1,0,0,0
22.4,1,25000.0,1,2.15,81.0,2,27.2,0,1,4.9,2.92,3.03,1,0,0,0,0,1,0,0,1,0,0
21.2,1,38155.0,0,2.4,100.0,2,42.1,1,0,5.1,4.0,4.0,0,0,0,0,1,0,0,0,0,0,0
17.1,1,25000.0,1,2.77,86.2,2,25.4,0,1,3.4,4.0,3.98,0,0,1,0,0,1,0,0,1,0,0
19.1,0,25000.0,1,2.48,90.7,3,26.0,0,0,3.9,0.66,0.93,1,0,0,1,1,0,0,0,0,0,0
22.5,0,25000.0,1,5.33,88.5,3,26.5,1,0,5.4,2.45,2.56,0,1,0,0,0,0,0,1,0,0,0
21.4,0,75085.0,1,3.42,70.9,1,29.4,1,1,8.0,0.86,1.0,1,0,0,0,0,1,0,0,1,0,0
23.6,1,25000.0,1,2.2,84.4,0,50.4,1,0,6.4,2.75,2.63,0,0,0,0,0,1,0,0,1,0,0
21.9,1,29955.0,1,3.49,83.7,2,25.5,0,1,2.5,3.66,3.76,0,0,0,1,0,0,1,0,0,1,0
18.9,0,42108.0,1,4.33,91.5,0,36.7,0,1,6.3,3.61,3.33,0,1,0,0,0,1,0,0,1,0,0
19.2,1,72434.0,1,3.66,94.0,1,34.2,1,1,5.6,1.62,1.54,0,0,1,0,0,0,0,0,1,0,0
21.2,1,47414.0,1,3.72,92.3,0,30.7,0,0,4.4,3.67,3.73,0,0,0,1,0,0,0,0,1,0,0
17.0,0,57317.0,1,1.62,78.2,4,18.5,0,0,4.7,2.87,2.69,0,0,0,1,0,1,0,0,1,0,0
24.7,1,49940.0,1,5.18,70.5,1,36.3,1,0,6.4,0.3,0.48,1,1,0,0,0,0,1,0,0,0,0
22.0,0,25000.0,1,3.54,86.0,3,6.9,0,1,2.7,2.37,2.36,0,0,0,0,0,0,0,1,0,1,0
23.7,1,36894.0,1,2.31,81.3,3,17.8,0,1,4.3,3.29,3.34,0,0,1,0,1,0,0,0,0,0,0
17.5,0,49474.0,1,3.86,73.6,3,23.5,0,0,3.4,2.1,2.17,1,0,1,0,0,1,0,0,1,0,0
23.7,0,29740.5,1,4.0,76.4,2,27.3,0,0,5.5,1.96,1.87,0,0,0,1,0,0,0,0,0,0,0
25.9,1,25000.0,1,4.16,81.5,4,31.0,1,0,6.1,1.99,2.11,1,0,0,0,0,0,0,0,0,0,0
18.1,0,29740.5,1,4.0,84.1,0,46.7,1,0,5.5,3.72,4.0,0,0,1,0,0,0,1,0,0,0,1
22.7,0,47267.0,1,3.03,77.6,1,37.6,0,0,6.7,1.6,1.84,0,0,0,1,0,0,0,0,0,1,0
21.0,0,28522.0,1,4.97,81.9,1,32.0,1,1,1.4,3.59,2.97,0,0,0,1,0,0,1,0,0,0,0
17.6,1,25000.0,1,3.57,81.4,1,26.0,1,0,5.0,3.16,2.87,0,0,0,1,0,0,1,0,1,0,0
22.1,0,25000.0,0,3.49,84.2,2,26.1,0,1,5.3,1.93,1.92,1,1,0,0,0,0,1,0,0,1,0
22.8,1,28554.0,1,5.63,74.2,2,16.4,0,0,2.6,3.33,3.39,0,1,0,0,1,0,0,0,0,1,0
19.7,0,25000.0,1,4.24,76.4,1,5.0,0,0,4.3,2.48,2.65,0,0,0,0,0,1,0,0,0,1,0
23.6,0,34407.0,1,6.1,92.8,1,14.7,1,0,5.5,3.99,4.0,0,0,0,0,0,0,0,1,0,0,1
17.3,1,25000.0,0,3.93,79.9,4,44.1,1,1,6.1,1.28,1.56,1,0,1,0,0,0,0,0,0,1,0
17.7,0,33082.0,1,5.78,85.8,3,21.5,1,1,6.1,4.0,3.97,0,0,1,0,0,1,0,0,0,0,1
21.3,1,25000.0,1,3.56,72.3,1,23.7,0,0,2.0,2.48,3.0,0,0,0,1,0,0,0,1,0,0,0
21.1,1,25000.0,1,3.11,91.5,0,42.3,0,0,4.4,1.18,1.17,1,0,1,0,0,0,1,0,1,0,0
19.4,0,25000.0,1,4.57,91.2,3,5.0,0,0,2.7,4.0,3.96,0,1,0,0,0,1,0,0,1,0,0
22.8,0,25000.0,1,4.15,84.4,3,23.0,1,0,5.5,2.95,2.86,1,0,1,0,0,0,1,0,1,0,0
22.2,1,26269.0,1,2.26,77.1,0,16.8,0,1,4.7,3.45,3.74,0,0,0,1,0,0,0,1,0,1,0
22.9,1,31971.0,1,4.26,70.5,2,33.5,0,0,4.4,2.22,2.04,0,0,1,0,0,1,0,0,0,1,0
20.7,0,34958.0,1,3.01,100.0,1,36.7,0,1,10.0,1.88,2.26,0,0,1,0,1,0,0,0,0,0,0
22.3,0,35758.0,1,5.06,78.8,3,36.9,0,0,3.6,2.6,2.92,0,0,0,1,0,0,0,0,0,1,0
20.0,1,25000.0,1,3.14,70.5,3,48.1,0,0,5.5,0.28,0.29,1,0,0,0,0,0,0,1,1,0,0
25.5,1,56108.0,1,3.53,77.2,2,36.6,0,0,6.4,0.0,0.48,1,0,0,1,1,0,0,0,0,1,0
19.2,0,25000.0,1,2.67,85.2,4,33.0,1,0,6.1,2.89,2.77,0,0,0,1,1,0,0,0,1,0,0
25.6,0,38952.0,0,5.31,72.0,1,59.2,0,0,6.5,1.33,1.33,1,1,0,0,0,0,1,0,0,0,0
21.1,0,26944.0,1,4.56,77.3,0,5.0,0,0,6.1,1.37,1.41,0,1,0,0,0,0,0,1,1,0,0
18.0,1,37249.0,1,6.96,70.5,1,56.4,0,0,4.9,1.92,1.73,0,0,1,0,0,0,0,1,0,0,1
24.0,0,26145.0,1,5.64,93.5,2,50.9,0,1,5.5,2.41,2.38,0,0,0,0,0,1,0,0,1,0,0
21.3,0,37653.0,1,3.43,81.3,3,28.2,0,0,4.3,2.61,2.26,0,1,0,0,0,0,1,0,0,0,0
22.9,1,29601.0,1,1.98,70.4,1,21.5,0,0,4.2,0.92,0.3,0,0,0,0,1,0,0,0,1,0,0
23.7,0,48451.0,0,3.18,74.8,4,22.1,1,0,3.1,2.6,2.47,0,0,0,0,0,0,0,0,0,0,0
21.7,0,25000.0,1,3.8,76.8,4,26.5,0,0,6.9,1.41,1.21,0,1,0,0,1,0,0,0,0,0,0
19.7,1,25000.0,1,1.66,82.2,3,44.4,0,1,7.5,0.32,0.37,1,1,0,0,1,0,0,0,0,0,0
23.1,0,29740.5,1,4.0,59.7,1,5.0,0,0,5.5,2.14,2.68,0,0,1,0,0,0,0,0,0,1,0
21.0,0,56464.0,1,5.32,79.1,1,54.1,1,1,5.4,2.42,2.79,0,0,1,0,0,0,1,0,0,0,0
22.5,0,27099.0,1,2.88,76.9,3,30.0,0,0,8.4,0.51,0.63,1,1,0,0,0,0,0,0,0,0,0
17.0,0,31421.0,1,2.86,70.5,4,44.1,0,0,7.5,3.83,3.59,0,0,0,1,0,1,0,0,0,1,0
22.0,1,25000.0,1,4.67,74.7,5,15.2,0,0,7.1,2.34,2.24,0,0,0,0,1,0,0,0,0,0,0
19.6,1,30925.0,1,3.3,75.8,2,38.7,0,0,6.0,1.17,0.89,1,0,0,1,0,0,0,1,0,0,0
24.6,0,25000.0,1,4.02,72.2,3,34.6,0,1,4.4,1.33,1.47,0,0,0,1,0,0,0,0,0,0,0
22.4,1,25000.0,0,4.51,70.5,2,36.8,0,0,4.6,2.17,2.38,1,0,0,1,1,0,0,0,0,1,0
21.5,1,25000.0,1,3.2,77.2,1,21.7,1,1,5.9,1.48,1.15,0,0,1,0,0,0,0,1,0,0,0
22.1,1,38834.0,1,5.0,88.9,0,25.4,0,0,6.3,2.04,2.0,0,0,0,1,0,0,0,0,0,0,0
18.8,1,41403.0,1,4.9,80.8,2,15.2,0,0,3.8,3.52,3.45,0,0,1,0,0,0,1,0,1,0,0
24.6,0,42084.0,1,4.42,56.5,2,39.2,1,0,7.7,0.59,0.63,0,0,0,1,0,1,0,0,0,1,0
25.4,1,25000.0,1,5.96,90.1,0,46.1,0,0,8.0,4.0,4.0,0,0,1,0,0,0,0,0,0,1,0
21.9,1,29614.0,1,5.14,76.5,2,33.4,0,0,6.9,0.6,0.31,1,0,0,0,0,0,0,0,0,0,0
24.5,0,26421.0,1,3.65,93.5,2,5.0,1,0,8.2,3.19,2.83,0,0,1,0,0,0,0,1,1,0,0
19.7,0,25000.0,1,3.01,88.5,2,46.3,1,0,6.6,2.0,1.41,0,1,0,0,1,0,0,0,0,0,0
19.2,0,30019.0,1,4.2,79.5,0,31.4,0,0,6.0,2.69,2.59,0,0,0,0,0,0,1,0,0,0,0
21.1,0,25585.0,1,3.91,80.4,4,5.0,0,0,5.6,2.6,2.52,0,0,0,0,0,0,0,1,0,0,0
22.0,0,40413.0,1,3.92,72.9,4,9.6,1,0,4.9,0.42,0.34,1,0,0,1,0,0,1,0,0,0,0
20.1,0,31218.0,0,3.27,87.2,2,17.4,0,0,5.5,0.65,0.46,1,0,0,0,0,1,0,0,0,0,0
22.2,0,25000.0,1,4.05,94.9,2,30.0,0,0,3.6,4.0,3.98,0,1,0,0,0,1,0,0,0,0,1
21.7,0,51816.0,1,6.03,76.2,1,17.7,0,0,5.3,3.84,3.64,0,0,1,0,0,0,0,0,0,1,0
18.8,1,25000.0,1,4.9,77.2,1,19.3,1,1,3.4,3.64,3.52,0,1,0,0,0,1,0,0,0,0,0
22.1,0,28608.0,1,4.18,97.8,2,41.0,0,0,4.1,2.72,2.6,0,0,0,1,1,0,0,0,0,0,0
22.9,1,25000.0,1,5.61,82.7,2,44.2,0,0,7.7,4.0,3.76,0,1,0,0,0,0,0,0,0,0,0
21.4,0,25000.0,1,4.95,69.8,3,41.4,0,1,7.6,2.27,2.51,0,1,0,0,0,0,1,0,0,0,0
23.5,1,40737.0,1,3.57,71.1,5,10.4,0,0,4.0,3.74,3.83,0,0,0,0,0,1,0,0,0,0,0
18.3,0,25000.0,0,3.93,95.6,2,41.3,1,0,7.1,0.54,0.11,0,0,0,0,1,0,0,0,0,0,0
22.0,0,29740.5,1,4.0,85.8,3,24.3,1,1,5.5,2.85,3.03,1,0,0,0,0,0,1,0,1,0,0
18.4,0,124140.0,1,4.31,73.6,2,53.6,0,0,4.3,2.48,2.19,0,1,0,0,0,0,0,0,0,0,0
18.5,0,25000.0,1,4.55,84.7,5,33.1,0,1,8.0,0.49,0.35,1,0,0,1,1,0,0,0,1,0,0
19.6,0,80042.0,1,2.37,75.3,1,44.6,0,0,3.5,0.6,0.83,1,0,1,0,0,0,0,0,0,0,0
18.9,1,26814.0,1,3.32,66.6,1,36.7,0,1,2.3,2.87,3.2,0,0,0,0,0,1,0,0,1,0,0
19.8,0,25000.0,1,3.93,79.2,5,35.2,1,1,4.3,2.21,2.0,0,0,0,0,0,1,0,0,1,0,0
20.5,1,29740.5,1,4.0,81.9,1,25.6,0,1,5.5,3.91,3.56,0,0,1,0,0,1,0,0,1,0,0
22.8,0,29740.5,1,4.0,69.5,5,44.5,0,1,5.5,0.76,0.48,1,0,0,1,1,0,0,0,0,1,0
20.3,1,25000.0,1,2.83,71.9,1,41.2,0,0,2.4,3.99,3.89,0,1,0,0,0,0,0,1,1,0,0
17.5,1,25000.0,0,3.19,74.0,2,26.0,0,0,6.1,1.93,1.54,0,0,0,0,1,0,0,0,0,1,0
23.5,0,49421.0,1,4.58,80.4,4,24.7,0,1,8.9,1.63,1.64,0,0,0,0,0,0,1,0,0,1,0
19.2,0,35341.0,1,6.76,83.0,1,21.5,0,0,6.0,1.34,1.44,0,1,0,0,1,0,0,0,0,0,0
20.9,0,57593.0,1,2.7,70.5,0,39.8,1,1,5.1,3.32,3.6,0,1,0,0,0,0,0,1,1,0,0
22.0,0,40500.0,1,1.45,77.3,3,32.8,1,0,6.7,1.78,2.18,0,0,0,1,0,0,0,1,1,0,0
21.4,1,87986.0,1,4.21,78.2,2,33.5,1,1,5.6,2.0,2.27,0,0,1,0,0,0,0,1,1,0,0
23.4,0,33096.0,1,2.25,68.1,1,25.7,0,0,5.6,3.01,3.02,0,1,0,0,0,0,1,0,0,0,0
22.1,0,33965.0,1,4.74,83.8,2,47.5,0,0,5.4,1.24,0.98,0,0,0,0,0,0,0,1,0,0,0
19.1,1,36063.0,1,5.02,86.8,0,12.1,1,0,5.9,3.99,3.93,0,1,0,0,0,0,0,0,1,0,0
25.8,1,27296.0,1,3.71,84.5,0,39.4,0,0,4.8,2.88,3.02,0,1,0,0,0,0,1,0,0,0,0
21.4,1,49457.0,1,3.42,71.4,2,41.8,0,1,2.6,2.28,2.7,0,0,0,0,0,0,0,1,0,0,0
20.7,0,34277.0,0,3.07,86.8,2,26.2,0,0,8.8,3.01,2.95,0,0,1,0,0,0,1,0,0,0,0
23.1,1,47711.0,1,4.08,81.2,0,12.6,1,0,6.5,1.73,1.92,0,0,0,1,0,1,0,0,0,0,0
21.5,1,52402.0,1,2.29,89.9,3,34.6,0,0,4.2,3.18,3.11,0,0,0,0,0,0,1,0,0,0,0
21.9,1,38448.0,1,3.4,85.8,3,44.4,1,1,6.1,0.64,0.89,1,0,0,1,0,0,0,1,1,0,0
26.5,0,40176.0,1,3.05,84.5,1,51.3,1,0,3.5,3.51,3.34,0,0,0,1,0,0,0,1,1,0,0
20.4,0,25000.0,1,4.36,79.7,4,37.9,0,1,6.2,1.66,1.5,1,0,0,0,1,0,0,0,0,0,0
20.3,0,25000.0,0,4.45,89.6,0,22.6,1,0,6.8,3.32,3.17,0,0,1,0,0,0,1,0,1,0,0
21.3,0,49317.0,1,5.83,72.9,3,38.3,0,1,7.4,2.29,2.75,1,0,0,0,1,0,0,0,1,0,0
23.4,1,69855.0,0,2.73,71.9,3,36.0,0,0,6.5,0.92,1.24,1,1,0,0,0,0,1,0,0,1,0
17.7,1,25000.0,1,3.55,100.0,2,33.9,0,1,5.2,3.63,3.77,0,0,0,0,0,0,1,0,0,0,0
17.0,0,25000.0,1,5.22,66.5,4,19.4,1,0,7.3,0.96,0.88,1,0,0,1,0,0,1,0,0,1,0
19.7,1,30157.0,1,4.62,72.5,2,37.2,0,0,4.5,0.69,0.45,0,0,0,0,1,0,0,0,0,1,0
17.4,1,25000.0,1,3.14,88.4,2,35.6,0,0,6.0,2.31,2.21,0,0,0,1,0,0,1,0,1,0,0
20.1,0,25000.0,1,2.28,69.0,3,59.1,1,0,4.2,2.38,1.96,0,0,1,0,0,0,0,0,0,0,0
22.1,1,39535.0,1,6.41,87.9,2,31.1,1,0,5.9,1.88,1.92,0,1,0,0,0,0,1,0,0,0,0
19.0,0,29740.5,0,4.0,76.8,4,50.3,1,0,5.5,0.49,0.47,1,1,0,0,0,1,0,0,1,0,0
17.9,1,25000.0,1,2.38,92.8,2,46.7,1,1,6.9,1.21,0.98,0,0,1,0,0,0,1,0,0,0,0
21.2,0,26842.0,1,4.24,82.5,2,30.6,0,0,7.2,1.56,2.09,0,0,1,0,0,1,0,0,0,0,0
22.9,1,39260.0,1,5.25,72.6,0,44.8,0,1,7.5,0.98,0.99,0,0,1,0,0,1,0,0,0,0,1
17.3,1,47483.0,1,2.86,74.7,1,20.6,1,0,5.4,1.79,1.76,0,0,0,1,0,0,1,0,1,0,0
22.8,1,36007.0,1,4.89,92.1,1,27.7,1,0,3.9,2.28,2.19,0,0,0,1,0,0,1,0,1,0,0
22.8,0,29740.5,1,4.0,67.1,2,23.6,1,0,5.5,3.35,3.24,0,0,1,0,0,0,0,1,1,0,0
23.1,0,30253.0,1,5.04,88.6,0,28.1,0,0,3.5,2.72,2.57,0,1,0,0,1,0,0,0,0,0,0
23.7,1,65329.0,1,5.06,69.1,3,5.9,1,1,5.7,2.74,2.35,0,0,0,0,0,1,0,0,0,0,0
25.8,0,25000.0,1,2.86,81.2,3,51.6,1,0,1.8,3.95,4.0,0,0,0,0,0,1,0,0,1,0,0
20.2,0,30785.0,1,5.14,77.0,2,26.3,1,0,5.8,1.86,1.61,0,0,0,0,0,0,0,1,1,0,0
21.2,0,25000.0,1,2.72,78.5,2,39.4,0,0,6.4,1.33,1.37,0,0,0,1,0,0,0,0,0,0,0
20.1,0,51048.0,1,0.78,92.7,3,32.9,0,0,2.7,2.14,2.15,0,1,0,0,0,0,1,0,0,0,0
21.0,1,27660.0,1,3.81,77.7,3,26.7,0,0,7.1,1.76,1.95,0,0,0,1,0,0,0,1,1,0,0
24.4,0,36853.0,1,4.5,90.3,5,14.7,0,0,4.7,3.67,3.7,1,0,0,1,0,0,0,0,1,0,0
18.0,0,25000.0,1,4.99,76.2,2,19.0,1,1,2.6,4.0,4.0,0,0,0,0,0,0,0,1,0,0,1
19.1,1,42271.0,1,5.4,84.1,4,27.2,0,1,2.5,3.44,3.28,0,0,0,0,1,0,0,0,1,0,0
24.0,1,37739.0,1,2.65,81.0,2,24.3,1,0,5.4,0.0,0.09,0,0,0,0,0,0,1,0,0,0,0
23.2,0,25000.0,1,3.99,71.0,2,18.3,0,0,5.7,3.34,3.14,0,1,0,0,0,0,0,1,1,0,0
20.2,0,25000.0,1,3.43,71.2,3,21.8,1,0,5.5,1.11,0.93,1,0,1,0,0,1,0,0,1,0,0
22.9,0,29241.0,1,3.98,79.9,1,35.5,1,0,7.4,3.18,3.52,0,0,0,0,0,0,1,0,0,1,0
21.8,0,44167.0,1,6.99,78.9,2,40.5,0,1,5.6,3.72,3.99,0,1,0,0,0,1,0,0,0,0,0
24.3,0,90920.0,1,3.75,87.4,1,16.0,1,0,4.5,1.5,1.49,0,0,0,1,0,0,1,0,0,0,0
21.2,1,35660.0,0,2.73,67.2,1,19.4,1,0,4.9,1.8,1.46,1,0,0,0,0,0,0,1,0,0,1
23.3,1,54422.0,0,3.67,75.4,2,32.6,1,0,7.4,1.75,1.44,1,0,0,0,1,0,0,0,1,0,0
26.8,1,25000.0,1,5.1,85.4,2,28.0,0,0,3.5,4.0,3.28,0,0,0,0,1,0,0,0,0,0,0
22.3,1,99486.0,1,4.63,80.0,2,25.6,1,1,5.8,1.6,1.82,0,1,0,0,0,0,0,0,0,0,0
21.1,1,42762.0,1,5.35,70.4,1,41.1,0,1,5.9,1.01,1.53,0,1,0,0,0,0,1,0,1,0,0
22.6,1,28861.0,1,6.4,84.9,3,32.2,0,0,7.3,1.32,1.2,1,0,0,0,0,0,0,0,1,0,0
20.2,0,26935.0,0,6.35,88.8,1,10.5,1,0,5.7,1.32,1.41,0,0,0,0,0,1,0,0,0,0,0
26.3,0,25000.0,1,2.96,74.0,2,20.4,0,0,3.8,3.65,3.65,0,0,1,0,0,0,0,1,0,0,0
21.4,0,25000.0,1,4.97,89.7,0,10.1,0,0,5.8,4.0,4.0,0,0,0,1,0,0,0,1,0,0,0
20.4,0,93551.0,0,1.73,77.2,2,27.8,0,1,6.8,1.57,1.34,1,0,1,0,1,0,0,0,0,0,0
19.2,1,25000.0,1,5.42,79.1,4,14.1,0,1,5.8,2.91,2.66,1,0,0,0,0,1,0,0,0,0,1
23.4,0,25000.0,1,1.99,77.7,4,8.9,1,1,7.5,0.34,0.75,1,0,1,0,0,0,0,1,0,0,0
22.9,1,25000.0,1,1.99,90.1,1,5.3,0,0,3.1,2.92,2.38,0,0,0,0,0,0,0,1,0,0,0
19.9,1,25000.0,1,3.75,80.7,2,53.8,1,0,5.2,3.18,3.5,1,1,0,0,0,0,0,1,0,0,0
22.3,0,29740.5,1,4.0,88.2,1,13.6,1,0,5.5,3.08,3.05,0,0,0,0,0,0,1,0,1,0,0
17.7,1,57145.0,1,2.78,78.1,1,26.2,1,0,6.9,3.18,2.68,0,0,1,0,0,1,0,0,0,1,0
21.4,1,25000.0,1,3.31,84.9,2,30.7,0,1,7.1,1.48,1.74,0,0,0,0,0,1,0,0,0,0,0
22.0,1,25000.0,1,2.91,73.3,3,31.4,1,1,5.5,0.71,0.13,1,0,0,1,0,0,1,0,0,0,0
24.8,0,35423.0,1,4.19,90.0,5,37.5,0,0,4.9,3.75,3.43,1,0,0,0,0,0,1,0,0,0,0
19.3,0,28754.0,1,5.2,79.5,3,29.4,1,0,5.8,0.58,0.7,1,0,0,1,0,1,0,0,0,0,0
18.2,1,54265.0,1,4.02,92.0,1,24.6,0,1,3.4,4.0,4.0,0,1,0,0,0,0,0,1,0,0,0
19.0,0,29740.5,1,4.0,66.6,0,32.6,0,0,5.5,2.46,2.14,0,0,1,0,1,0,0,0,1,0,0
18.1,1,25436.0,1,5.99,82.8,2,32.5,1,1,6.5,3.07,2.93,0,0,0,1,0,1,0,0,0,0,0
23.9,1,27181.0,1,5.32,100.0,1,30.6,1,0,6.1,2.84,2.07,1,1,0,0,0,0,0,0,0,1,0
24.4,1,31364.0,1,2.98,88.0,4,37.7,1,0,4.3,2.79,3.42,1,0,0,1,1,0,0,0,0,0,0
21.7,0,25000.0,1,2.84,83.6,0,22.5,1,1,4.1,4.0,3.97,0,0,1,0,0,0,0,1,0,0,0
23.7,1,25000.0,1,3.47,72.2,2,27.6,0,0,4.1,2.42,2.42,0,1,0,0,1,0,0,0,0,0,0
21.3,0,25000.0,1,5.27,76.0,4,14.1,0,1,4.2,1.31,1.25,1,0,0,0,1,0,0,0,0,1,0
20.8,1,25000.0,1,0.63,88.3,1,27.1,0,0,5.8,1.81,1.73,0,0,0,0,1,0,0,0,1,0,0
20.3,1,45667.0,1,5.7,79.3,1,22.3,0,1,7.7,2.68,3.2,0,1,0,0,0,1,0,0,1,0,0
20.3,0,49521.0,1,3.53,80.3,2,42.7,0,0,7.9,2.51,2.39,0,0,1,0,1,0,0,0,1,0,0
17.6,1,25000.0,1,2.41,73.3,0,12.5,0,1,3.8,1.65,1.71,0,1,0,0,0,0,1,0,0,1,0
21.6,1,64841.0,0,4.18,85.2,2,24.3,1,0,6.1,4.0,3.99,0,0,0,1,0,0,0,0,0,0,0
20.9,1,29225.0,1,4.37,82.8,1,23.7,0,1,6.0,2.94,2.97,0,0,0,0,1,0,0,0,0,0,1
22.6,0,25000.0,1,5.13,87.7,2,38.0,0,0,5.9,0.98,0.77,0,0,0,1,1,0,0,0,0,1,0
21.2,0,25000.0,1,5.49,91.9,1,14.7,0,1,3.7,3.51,3.62,0,0,0,0,0,1,0,0,0,0,0
20.6,1,61757.0,1,4.45,85.6,0,30.0,0,0,4.2,1.54,1.59,0,0,0,0,1,0,0,0,0,1,0
19.1,1,25000.0,1,4.66,72.6,2,30.9,0,0,6.1,3.44,2.93,0,0,1,0,0,0,1,0,0,0,0
21.2,1,25000.0,0,4.08,69.9,2,41.1,0,1,4.8,1.89,1.44,0,0,1,0,0,0,0,0,1,0,0
22.6,1,25000.0,1,4.86,87.8,2,19.7,0,0,5.7,1.13,0.95,0,0,1,0,0,0,1,0,1,0,0
18.5,0,25000.0,1,3.21,83.0,2,14.3,0,0,3.7,1.93,2.05,1,0,0,1,0,0,0,0,0,0,0
21.2,0,37905.0,1,3.49,96.0,1,35.7,0,0,4.6,1.86,1.38,0,0,0,1,0,0,0,0,0,0,0
21.5,0,25000.0,0,1.96,82.2,1,13.3,0,0,3.1,3.45,3.69,0,0,0,0,0,1,0,0,0,0,0
19.4,1,25000.0,1,6.15,68.2,1,23.7,0,0,6.0,3.54,3.59,0,1,0,0,1,0,0,0,0,0,0
19.7,0,25000.0,1,3.18,71.9,1,27.1,1,0,4.9,1.58,1.24,0,1,0,0,0,1,0,0,0,1,0
21.5,0,62687.0,1,5.4,76.0,2,37.4,0,0,6.0,2.77,2.82,1,1,0,0,0,1,0,0,1,0,0
18.5,0,25000.0,1,5.64,95.9,2,11.5,0,1,4.8,2.5,2.78,0,0,0,1,0,0,0,0,0,0,0
21.8,0,25000.0,0,1.99,91.4,0,26.4,1,0,5.9,2.13,2.04,0,1,0,0,0,0,1,0,1,0,0
19.0,0,61479.0,1,4.18,77.7,0,30.3,1,1,8.7,0.0,0.0,0,0,0,0,0,0,1,0,0,0,0
23.3,0,39995.0,1,4.85,80.5,0,19.7,1,0,4.6,1.94,2.28,0,1,0,0,0,0,0,1,1,0,0
26.1,1,33106.0,1,3.28,71.1,2,25.7,0,1,6.4,2.82,2.66,0,0,0,0,0,1,0,0,0,0,0
19.1,0,25000.0,1,2.22,70.8,1,40.7,1,0,4.3,3.03,2.81,0,0,0,1,0,0,1,0,0,1,0
22.2,1,30282.0,0,5.93,91.0,2,23.9,0,0,5.3,3.36,3.5,0,0,0,1,0,0,1,0,0,0,0
19.4,0,25000.0,1,4.84,89.5,1,25.6,0,0,6.4,2.57,2.71,0,0,0,0,1,0,0,0,0,0,0
23.3,0,25000.0,1,4.05,79.8,0,40.6,1,1,6.0,1.69,1.75,1,0,1,0,0,0,0,1,1,0,0
18.2,0,25000.0,1,2.64,96.7,1,27.4,1,0,6.7,2.12,1.52,0,0,0,0,0,0,1,0,1,0,0
22.1,1,47594.0,1,2.68,85.5,1,46.1,0,1,7.2,1.08,0.19,0,0,0,0,0,1,0,0,1,0,0
19.1,1,28674.0,1,4.22,83.7,1,10.3,0,0,6.7,2.53,3.15,0,0,1,0,0,0,1,0,0,1,0
20.5,1,35908.0,1,3.4,83.7,1,26.7,1,0,7.2,0.69,0.56,0,0,1,0,0,1,0,0,0,0,0
18.7,0,32565.0,1,4.28,73.5,3,39.3,0,0,5.9,2.15,1.98,0,0,0,0,1,0,0,0,0,0,0
22.8,0,38737.0,0,4.48,89.6,2,21.4,0,0,4.2,1.16,0.96,0,1,0,0,0,0,1,0,0,0,0
19.2,0,25519.0,1,3.41,89.6,1,27.2,0,0,6.9,2.44,2.4,0,0,0,1,1,0,0,0,0,0,0
22.2,1,25000.0,1,6.2,83.9,2,45.2,1,0,4.8,0.94,0.89,1,1,0,0,0,0,0,1,1,0,0
20.2,0,25000.0,1,3.02,73.1,1,20.7,0,0,6.7,0.0,0.27,1,0,0,0,0,0,1,0,0,1,0
20.7,0,25000.0,1,2.77,90.7,0,35.8,0,0,3.2,2.23,2.41,0,0,1,0,0,0,1,0,1,0,0
21.3,1,25000.0,1,4.55,67.6,2,39.0,1,0,4.9,1.46,1.62,0,0,0,0,0,0,0,0,0,0,0
19.3,0,25000.0,1,4.63,75.8,0,30.9,1,0,4.3,1.65,1.86,0,0,0,1,1,0,0,0,0,0,0
21.5,0,25000.0,1,2.7,86.6,4,30.5,1,0,6.2,3.39,2.77,0,0,0,0,0,1,0,0,0,0,0
24.4,0,25000.0,1,3.55,78.7,3,17.7,0,1,4.5,0.84,0.68,0,0,0,1,0,1,0,0,0,0,0
19.3,0,55564.0,1,2.0,74.1,2,38.8,1,1,5.5,2.97,2.98,1,0,0,1,0,0,1,0,1,0,0
23.6,1,34013.0,1,3.27,93.1,2,14.9,1,0,5.2,2.56,3.0,0,0,0,0,0,0,1,0,0,0,1
24.3,0,25000.0,1,5.04,91.1,3,34.7,0,0,7.3,1.26,1.64,0,0,1,0,0,0,0,0,1,0,0
19.2,0,116186.0,1,2.32,90.5,0,23.8,0,1,6.3,2.43,3.16,0,0,0,0,0,0,0,0,0,1,0
17.8,0,25000.0,1,2.58,84.7,1,25.3,1,1,6.0,1.78,1.97,0,1,0,0,0,0,0,1,1,0,0
21.7,0,53389.0,0,2.92,82.3,4,27.6,0,0,5.5,2.28,2.5,0,0,0,0,0,0,0,1,0,1,0
19.8,0,27809.0,1,5.48,95.9,1,36.0,0,1,4.1,4.0,3.98,0,1,0,0,0,0,1,0,0,0,1
25.1,0,47621.0,1,5.3,93.5,2,48.7,0,0,3.9,2.97,2.81,0,0,0,1,0,0,0,1,0,0,0
21.1,0,31741.0,1,1.27,81.3,1,31.3,1,0,6.0,0.69,1.6,1,1,0,0,0,0,0,1,0,0,0
19.2,1,25000.0,1,1.68,100.0,1,21.4,1,0,3.0,4.0,3.97,0,1,0,0,1,0,0,0,1,0,0
18.5,1,31485.0,1,4.11,81.0,1,12.7,0,0,5.4,1.89,1.71,0,0,0,0,0,0,0,0,1,0,0
23.4,1,36364.0,0,1.91,85.1,2,43.9,0,1,5.7,1.11,0.88,1,0,0,0,0,0,0,0,0,1,0
19.7,0,25000.0,1,5.57,93.1,1,32.1,1,1,3.0,4.0,3.99,0,1,0,0,0,0,0,1,0,0,0
21.1,0,95457.0,0,1.14,85.0,1,27.2,0,1,5.4,3.54,3.59,0,1,0,0,0,0,0,1,0,0,0
23.1,1,35837.0,0,3.02,79.9,2,30.7,1,0,5.5,1.48,1.4,0,0,1,0,1,0,0,0,0,0,0
19.9,1,44498.0,1,4.27,85.1,1,39.2,1,0,9.2,0.93,0.86,1,0,0,0,0,1,0,0,0,1,0
20.9,0,25000.0,1,5.92,82.0,1,25.1,1,1,5.5,1.92,1.79,0,0,1,0,0,0,1,0,1,0,0
21.0,0,44998.0,1,3.99,65.0,3,22.0,0,0,7.1,2.87,2.45,0,0,0,1,1,0,0,0,0,0,1
22.5,0,57165.0,1,4.41,90.0,3,14.3,1,1,6.3,1.71,1.93,0,0,0,0,0,0,0,0,0,0,0
22.3,1,34618.0,1,4.23,77.0,2,17.0,1,0,6.0,1.98,1.61,0,1,0,0,0,1,0,0,0,0,0
20.5,1,29566.0,1,5.22,72.8,2,25.9,0,1,7.0,1.22,1.22,0,1,0,0,0,0,1,0,1,0,0
21.1,1,25000.0,1,4.4,91.6,2,42.9,1,1,2.9,2.7,2.31,1,1,0,0,0,0,0,0,1,0,0
20.2,1,26115.0,0,4.96,85.0,1,23.9,1,1,5.3,2.63,3.16,0,1,0,0,0,1,0,0,0,0,0
17.7,1,25000.0,0,4.98,87.4,1,33.1,1,1,6.0,0.03,0.0,1,0,1,0,0,0,0,0,0,0,0
21.6,1,29740.5,1,4.0,81.0,0,43.5,0,0,5.5,1.75,1.78,0,0,0,1,0,1,0,0,0,0,0
25.2,1,25000.0,1,1.17,83.8,2,34.6,1,0,5.4,1.69,1.41,0,0,1,0,0,1,0,0,0,0,0
19.1,1,41722.0,1,2.02,79.6,1,53.7,0,1,5.7,1.42,1.44,0,0,1,0,0,0,0,0,1,0,0
19.3,0,25000.0,1,4.88,75.1,0,30.8,1,0,5.2,0.0,0.0,1,0,0,0,0,0,1,0,0,1,0
19.1,1,25402.0,1,6.55,87.5,1,28.1,1,1,3.9,2.92,3.32,0,1,0,0,0,0,0,0,0,0,0
22.6,1,43029.0,0,4.42,83.9,5,25.4,0,0,4.1,3.82,3.58,0,0,1,0,0,0,0,0,0,0,1
22.0,0,25000.0,1,3.66,95.8,3,53.9,0,1,4.9,2.06,2.7,0,0,0,1,0,0,1,0,0,0,0
20.7,0,43929.0,1,5.28,64.1,2,44.6,1,1,6.2,1.35,1.22,0,0,0,0,0,0,0,1,0,1,0
19.0,0,41431.0,1,5.72,91.4,1,12.5,0,1,5.7,1.04,0.69,0,0,0,1,0,0,1,0,0,0,0
21.2,0,25271.0,1,4.88,78.9,1,55.3,1,0,5.9,1.4,1.49,1,0,1,0,0,1,0,0,0,0,0
17.6,0,59699.0,1,3.95,78.1,3,36.0,0,0,5.1,2.44,2.29,0,0,1,0,0,0,1,0,1,0,0
21.3,0,31153.0,0,4.06,86.7,2,31.5,0,1,4.0,1.62,2.26,0,0,0,0,0,1,0,0,1,0,0
22.9,0,57605.0,1,4.34,74.9,2,36.2,1,1,4.9,3.02,3.08,0,1,0,0,0,0,0,1,0,1,0
18.2,0,87210.0,1,5.72,78.4,4,18.5,0,1,4.0,3.79,3.96,0,0,0,0,0,1,0,0,1,0,0
17.6,0,29740.5,1,4.0,86.8,2,32.4,0,0,5.5,3.65,3.98,0,0,1,0,1,0,0,0,1,0,0
24.5,1,43782.0,0,4.56,77.7,3,26.3,1,1,5.5,1.39,0.8,0,0,0,0,0,0,1,0,0,1,0
19.7,0,25000.0,1,5.24,76.4,1,25.7,1,1,5.0,2.5,2.52,0,0,0,0,1,0,0,0,0,1,0
23.5,0,25000.0,1,3.94,76.3,2,41.5,0,0,7.7,2.52,2.18,0,0,1,0,0,0,0,1,0,0,0
20.7,0,26442.0,1,4.34,84.8,4,26.8,1,1,6.7,1.49,1.65,1,0,0,0,0,0,0,1,1,0,0
20.6,1,25000.0,1,6.55,72.4,5,31.2,0,0,6.4,2.52,2.49,1,1,0,0,0,0,1,0,0,0,0
22.0,1,25000.0,0,3.17,88.0,2,33.9,0,1,3.7,4.0,4.0,0,0,0,0,0,1,0,0,0,0,0
19.1,0,42398.0,1,3.26,98.9,1,41.3,0,1,7.3,3.88,4.0,0,0,0,0,0,0,0,1,0,0,0
21.3,1,25000.0,1,2.88,82.0,0,45.2,0,0,5.8,1.68,2.17,0,0,1,0,1,0,0,0,1,0,0
20.2,0,45538.0,1,4.41,85.5,1,30.2,1,0,4.9,3.68,3.23,0,0,1,0,0,0,1,0,1,0,0
18.1,0,35584.0,1,4.49,84.1,3,25.5,0,1,4.1,2.79,2.75,0,0,0,0,0,0,0,0,0,0,0
21.7,0,90282.0,1,1.51,74.5,1,52.8,1,1,4.3,2.21,2.26,0,0,1,0,1,0,0,0,1,0,0
20.4,0,40725.0,0,5.25,84.5,2,5.0,0,0,5.0,3.17,3.28,0,0,1,0,0,0,0,1,0,0,0
20.7,0,29740.5,1,4.0,83.8,1,40.4,1,1,5.5,2.77,2.94,0,0,0,1,1,0,0,0,0,0,0
18.3,0,37840.0,1,4.59,96.2,2,28.3,1,0,5.6,2.87,3.02,0,0,0,1,1,0,0,0,1,0,0
24.5,0,35841.0,1,4.17,84.0,2,36.8,1,0,5.2,1.42,1.03,0,0,0,0,1,0,0,0,1,0,0
22.9,0,59805.0,1,0.5,91.9,1,30.5,1,0,6.7,4.0,3.93,0,1,0,0,0,0,0,1,0,1,0
23.1,0,44413.0,1,0.92,85.4,2,45.4,1,0,5.2,1.25,0.96,0,0,0,1,0,1,0,0,1,0,0
20.3,0,33726.0,1,2.54,77.9,1,35.0,0,0,2.2,3.08,2.57,0,0,1,0,1,0,0,0,0,1,0
17.2,0,33637.0,1,5.53,72.5,2,12.9,0,1,4.9,1.52,1.09,1,0,1,0,1,0,0,0,0,0,0
25.3,1,41066.0,1,1.56,84.5,2,12.4,0,0,3.5,1.67,1.35,1,0,0,1,0,0,0,1,0,0,0
20.9,1,25000.0,1,5.45,88.1,0,27.4,1,1,4.4,1.09,1.52,0,0,0,0,0,0,1,0,1,0,0
19.4,1,25000.0,1,1.7,81.3,4,37.3,1,0,3.8,4.0,3.98,1,0,0,1,0,0,0,0,0,0,0
21.9,1,69930.0,1,1.16,76.9,1,45.7,0,0,9.3,0.35,0.29,1,0,0,1,0,0,0,1,0,0,0
23.6,0,91003.0,1,4.39,93.3,1,22.0,1,0,4.9,4.0,3.74,0,0,1,0,0,0,0,1,1,0,0
20.9,1,25000.0,1,3.95,78.5,3,5.0,0,0,6.8,1.13,1.63,1,0,1,0,0,0,0,1,0,1,0
23.8,0,25000.0,1,1.71,72.8,1,35.2,1,0,4.9,1.64,2.03,0,0,0,1,0,0,0,0,0,0,0
23.4,1,59013.0,1,2.44,81.5,0,30.5,0,1,5.1,0.48,0.54,1,0,0,1,0,1,0,0,0,0,0
18.6,1,40950.0,1,4.4,82.6,2,31.7,1,0,4.6,2.97,2.91,1,0,1,0,1,0,0,0,0,0,0
19.5,1,44616.0,0,3.52,76.1,3,16.8,1,0,4.2,1.55,1.54,0,0,0,1,1,0,0,0,0,0,0
23.1,0,50917.0,1,4.81,81.3,3,44.3,0,1,4.3,2.36,1.82,0,1,0,0,0,0,0,1,1,0,0
17.0,1,25734.0,1,3.56,68.4,1,20.2,1,0,6.2,1.89,1.91,0,0,1,0,1,0,0,0,0,1,0
20.7,1,36242.0,1,5.28,85.4,5,33.7,0,0,5.4,1.65,1.35,0,0,0,0,0,1,0,0,0,0,0
17.9,0,34590.0,1,2.51,73.6,2,33.3,1,0,7.9,1.02,0.99,1,0,0,0,1,0,0,0,0,0,1
20.0,1,25000.0,1,4.76,78.9,4,36.6,0,1,5.1,2.71,2.43,0,1,0,0,0,0,1,0,1,0,0
20.3,1,35920.0,1,2.35,76.6,0,21.1,1,0,5.0,2.17,1.8,1,0,0,1,0,1,0,0,0,0,0
20.2,0,62482.0,0,4.4,93.2,3,18.9,0,0,5.6,3.56,3.92,0,0,0,0,0,0,0,1,0,0,0
19.8,1,25000.0,1,4.83,79.6,1,40.2,0,1,6.6,0.32,0.12,1,0,1,0,0,0,1,0,0,0,1
18.6,1,32583.0,1,2.62,75.3,4,36.6,0,0,5.7,0.68,0.71,1,0,0,1,0,1,0,0,0,1,0
26.0,1,33659.0,1,4.49,98.7,1,34.0,0,0,7.9,3.01,2.86,0,1,0,0,0,0,1,0,0,0,0
25.1,1,25064.0,1,4.73,96.4,2,43.5,0,0,10.0,2.39,2.22,0,1,0,0,0,1,0,0,0,0,0
18.4,0,44629.0,1,4.65,88.7,0,34.1,0,0,7.0,1.88,2.05,0,1,0,0,0,0,0,0,1,0,0
24.5,1,25000.0,1,3.03,86.5,2,25.6,1,0,6.2,1.65,1.76,0,0,0,1,1,0,0,0,0,0,1
20.1,0,66144.0,1,3.53,75.1,0,36.2,0,1,1.9,3.28,3.52,0,0,1,0,0,0,0,0,0,0,0
21.3,0,43292.0,1,6.22,90.7,5,35.4,1,1,8.0,4.0,4.0,0,0,0,1,0,0,0,1,1,0,0
20.9,1,25000.0,1,2.85,84.9,1,35.7,1,0,7.7,1.95,1.78,0,0,0,1,0,0,0,0,0,1,0
19.5,0,82356.0,1,4.18,76.9,0,19.4,0,1,8.3,1.74,1.71,0,0,1,0,1,0,0,0,0,0,0
23.2,1,32888.0,1,3.73,83.1,3,18.3,0,0,6.9,1.87,2.37,0,0,0,0,0,1,0,0,1,0,0
21.3,1,25000.0,1,4.44,78.3,4,40.6,1,1,3.8,2.85,2.87,0,1,0,0,0,0,1,0,0,0,0
20.0,1,57684.0,1,5.83,69.8,3,28.2,0,0,3.8,2.45,2.39,0,0,1,0,0,1,0,0,0,0,0
18.1,1,40007.0,1,3.23,92.9,1,6.7,0,0,3.5,3.4,3.44,1,0,1,0,0,1,0,0,0,0,0
19.0,0,25000.0,1,4.47,67.5,2,13.5,0,0,5.6,3.51,3.33,0,1,0,0,0,0,1,0,1,0,0
17.4,1,25000.0,1,4.92,99.3,3,14.2,0,0,4.2,3.61,3.76,0,1,0,0,0,0,1,0,0,0,0
21.0,0,35153.0,1,3.57,80.3,1,42.8,1,0,7.0,1.55,1.72,1,0,1,0,0,0,1,0,1,0,0
18.4,0,25000.0,1,2.9,85.6,4,29.4,0,0,4.5,3.72,4.0,0,1,0,0,0,0,0,0,0,0,0
20.4,1,31290.0,1,4.13,86.3,2,30.4,1,1,4.9,2.88,3.13,1,0,0,0,0,0,0,1,0,0,0
24.0,0,32689.0,0,4.03,74.1,1,25.8,0,0,6.0,2.4,2.41,0,0,0,1,0,0,1,0,0,1,0
23.6,0,25000.0,1,1.87,80.3,2,17.3,0,1,4.6,0.9,0.61,0,0,1,0,0,0,1,0,0,0,0
20.9,1,34975.0,1,2.98,81.2,2,39.1,0,1,3.9,1.33,1.52,1,1,0,0,0,0,0,0,0,1,0
20.8,1,29866.0,1,4.94,77.2,3,37.8,0,0,2.2,4.0,4.0,0,0,0,0,1,0,0,0,1,0,0
25.1,1,25000.0,0,3.41,90.3,5,21.5,0,1,7.2,0.46,0.13,0,0,0,1,0,0,0,0,0,1,0
22.1,1,51624.0,1,4.6,72.3,2,46.8,0,1,3.8,3.32,3.06,0,1,0,0,0,0,0,1,0,0,0
20.3,0,49154.0,1,2.63,83.6,1,38.9,0,1,4.8,0.89,1.29,1,0,0,0,1,0,0,0,1,0,0
17.9,1,25000.0,1,4.16,68.3,2,19.8,1,0,4.8,1.85,1.58,1,0,0,1,0,0,0,1,0,0,0
21.9,0,26393.0,1,4.16,83.9,0,26.6,1,1,1.8,3.28,2.93,0,0,0,1,0,0,0,0,0,0,0
22.8,0,45971.0,1,4.39,83.4,1,25.6,0,1,6.0,3.39,3.17,1,0,1,0,0,0,0,0,1,0,0
19.6,0,26360.0,1,3.51,97.3,3,33.7,0,0,8.0,2.3,2.67,1,1,0,0,0,0,1,0,0,1,0
21.6,1,25000.0,1,4.21,77.1,0,12.9,0,1,7.2,2.74,3.18,0,0,1,0,0,1,0,0,1,0,0
20.2,1,29740.5,1,4.0,65.6,0,21.5,0,1,5.5,3.7,3.95,0,0,1,0,0,0,1,0,0,1,0
20.6,1,25000.0,1,4.55,80.1,2,39.5,1,0,7.4,2.91,3.09,0,0,0,0,0,0,1,0,0,0,0
17.0,1,25000.0,1,5.91,95.5,0,11.0,0,0,2.4,2.43,2.92,0,0,0,0,0,1,0,0,0,0,0
20.5,0,71305.0,1,3.78,77.4,2,27.6,0,0,7.0,1.36,1.29,0,1,0,0,0,0,0,0,0,0,0
23.1,1,27436.0,1,0.63,83.8,3,15.3,0,1,4.2,2.47,2.42,0,0,0,1,0,1,0,0,0,0,0
19.6,1,29764.0,1,4.98,79.7,1,41.0,1,0,7.2,1.58,1.11,0,0,0,0,0,1,0,0,0,0,0
21.1,1,40368.0,0,6.55,80.8,2,34.1,0,1,5.6,2.17,1.86,1,1,0,0,0,0,0,1,0,1,0
19.3,0,40263.0,1,4.18,82.1,0,12.4,0,1,3.3,2.92,2.58,0,1,0,0,1,0,0,0,0,1,0
21.8,0,25000.0,1,3.26,90.8,2,17.5,0,0,5.9,1.31,0.98,0,0,1,0,0,0,1,0,0,0,0
20.5,0,28676.0,0,4.12,93.6,3,30.2,0,0,5.5,2.73,2.5,0,1,0,0,0,0,0,0,0,0,0
18.9,1,30385.0,1,5.52,70.9,2,5.0,0,0,5.9,3.33,3.29,0,0,0,0,1,0,0,0,0,1,0
23.9,1,35004.0,1,4.18,88.2,0,16.8,1,0,4.1,2.84,2.72,0,0,0,1,0,1,0,0,0,1,0
23.0,0,35367.0,1,3.12,92.0,6,20.1,0,0,3.4,1.68,1.53,1,0,0,1,0,0,0,0,1,0,0
19.7,0,140430.0,1,2.72,84.7,6,45.4,1,1,6.6,2.31,2.09,0,1,0,0,0,1,0,0,0,0,0
22.1,0,25000.0,1,4.93,91.5,1,23.1,0,1,5.4,2.38,2.37,0,0,0,0,0,1,0,0,0,0,0
22.2,0,53533.0,1,8.07,72.0,1,37.9,1,0,6.5,3.96,4.0,0,1,0,0,0,0,0,1,0,0,0
22.4,1,60477.0,0,2.48,86.1,1,24.3,0,1,6.5,0.81,0.86,0,1,0,0,0,0,1,0,1,0,0
17.3,1,39961.0,1,4.81,92.0,1,38.9,0,0,6.8,3.72,4.0,0,1,0,0,0,0,0,0,0,1,0
23.2,0,25000.0,1,4.89,77.0,4,11.4,1,0,8.4,0.66,0.74,1,1,0,0,0,0,1,0,1,0,0
19.7,1,80725.0,1,2.54,71.7,0,21.3,0,1,5.9,0.72,0.72,1,0,1,0,0,0,1,0,1,0,0
20.2,0,25000.0,1,5.05,91.1,1,28.7,1,0,3.7,2.98,2.76,0,1,0,0,0,0,0,1,1,0,0
26.8,1,29740.5,1,4.0,63.6,1,32.1,1,0,5.5,4.0,3.95,0,0,0,1,0,1,0,0,0,0,0
21.7,1,60055.0,1,5.24,77.4,0,33.9,0,0,5.0,1.93,2.04,0,0,0,0,1,0,0,0,0,0,0
20.2,0,25000.0,1,3.52,67.0,0,32.3,0,1,5.9,2.07,2.14,0,0,1,0,0,0,1,0,0,1,0
17.0,1,77488.0,1,2.23,77.9,4,36.1,1,1,8.0,0.82,0.83,0,0,0,0,0,0,0,0,1,0,0
24.1,1,25000.0,1,4.58,76.4,3,29.9,0,0,5.2,2.22,2.73,0,0,1,0,0,1,0,0,0,1,0
18.0,1,25000.0,1,3.81,67.6,2,32.1,0,0,8.5,1.35,1.53,1,0,0,1,0,0,0,0,0,0,0
18.8,0,25000.0,1,4.85,77.3,2,17.8,1,0,8.7,2.0,2.18,0,1,0,0,0,0,1,0,0,0,0
20.3,1,38194.0,1,3.61,91.5,0,10.6,0,0,6.3,2.86,3.19,1,1,0,0,0,1,0,0,0,0,0
24.1,1,26024.0,1,2.81,84.7,3,16.6,0,0,6.6,1.85,2.08,1,1,0,0,1,0,0,0,0,0,1
22.7,0,29740.5,1,4.0,68.9,4,9.8,1,0,5.5,2.98,2.65,0,0,0,1,0,1,0,0,0,1,0
20.7,1,69720.0,1,5.51,85.1,2,32.7,0,0,8.5,2.7,2.41,0,0,0,1,0,1,0,0,0,0,1
21.7,0,73723.0,1,5.06,87.8,3,41.3,0,1,4.4,4.0,3.76,0,0,1,0,0,0,0,1,0,1,0
19.7,1,25000.0,1,3.63,82.8,0,18.6,0,0,7.7,2.62,2.22,0,1,0,0,0,0,1,0,1,0,0
21.3,0,25000.0,1,2.47,81.7,4,42.1,0,1,3.6,3.87,3.5,0,0,0,0,0,0,0,0,0,0,0
21.2,1,29740.5,1,4.0,75.7,1,35.4,0,0,5.5,2.57,2.48,0,0,1,0,0,0,1,0,0,0,0
23.1,0,34323.0,0,3.59,85.3,1,23.4,1,0,7.5,3.03,3.38,0,0,0,0,0,0,1,0,0,0,0
23.1,0,44072.0,0,3.93,86.7,1,25.8,0,1,7.1,1.65,1.95,0,0,0,0,0,1,0,0,0,0,0
22.1,0,30878.0,0,6.57,84.2,3,43.4,1,1,4.7,1.99,2.29,0,0,0,1,0,0,0,0,0,0,0
20.2,1,28494.0,1,3.6,96.0,0,5.0,0,0,5.0,3.9,3.93,0,0,1,0,0,0,0,1,0,0,0
22.6,1,25000.0,1,4.17,80.4,0,43.3,0,0,8.3,2.02,1.58,0,1,0,0,0,1,0,0,1,0,0
20.8,0,44046.0,1,5.01,71.6,2,40.8,0,0,4.6,2.45,2.5,0,0,0,0,0,0,0,1,0,0,1
18.6,1,81382.0,1,4.66,95.4,2,22.9,1,0,4.7,2.68,3.09,0,1,0,0,0,0,0,0,0,1,0
20.1,1,25000.0,1,5.91,66.9,3,28.9,0,1,8.2,0.7,0.33,1,0,0,1,0,1,0,0,0,0,0
21.2,0,28382.0,1,3.29,78.8,3,49.5,0,1,5.4,2.96,3.05,1,0,0,0,0,1,0,0,1,0,0
23.0,1,25000.0,1,3.14,74.6,3,14.3,1,0,5.4,2.67,2.53,0,0,1,0,0,0,1,0,1,0,0
20.6,0,25000.0,1,3.52,81.2,3,27.8,0,1,8.8,1.47,1.08,1,0,1,0,0,0,1,0,0,0,0
18.3,1,25000.0,1,2.79,80.9,0,37.8,0,0,4.3,2.16,1.68,0,0,0,1,0,1,0,0,1,0,0
21.1,0,37339.0,1,4.07,74.3,2,32.5,0,1,4.2,2.03,2.03,0,0,0,1,0,1,0,0,0,0,0
21.2,0,37910.0,1,4.2,90.5,1,30.6,0,0,5.8,2.0,1.94,0,0,1,0,0,1,0,0,0,1,0
21.4,1,71409.0,1,3.57,80.9,3,51.8,1,1,5.6,0.79,0.53,1,1,0,0,0,1,0,0,0,0,0
23.0,0,29890.0,1,4.71,91.8,2,16.7,0,1,4.1,3.36,3.27,0,0,0,0,0,0,0,0,1,0,0
23.2,1,25000.0,1,4.75,72.6,2,17.2,1,0,7.0,2.6,2.46,0,1,0,0,0,0,0,1,0,0,0
19.7,0,25773.0,1,3.05,73.4,3,5.0,1,0,5.5,1.76,1.2,0,0,1,0,1,0,0,0,0,0,0
19.6,0,25000.0,1,4.75,73.1,0,17.1,0,1,5.6,3.27,3.71,0,0,0,1,0,0,0,1,1,0,0
18.7,1,25000.0,1,2.5,86.2,2,22.0,0,1,5.5,4.0,3.67,0,0,0,1,0,0,1,0,1,0,0
22.5,0,42122.0,1,2.79,96.0,0,33.8,0,1,3.6,4.0,3.98,0,1,0,0,0,0,0,1,0,0,0
24.2,1,33407.0,1,5.86,79.6,0,41.5,1,0,4.0,1.72,1.86,0,0,1,0,0,0,0,0,1,0,0
20.3,0,42300.0,1,3.7,63.5,1,18.4,1,0,2.7,2.02,1.97,0,0,0,0,1,0,0,0,1,0,0
20.5,1,25000.0,0,3.74,85.8,1,28.3,0,1,7.6,1.86,1.64,0,0,1,0,0,0,0,0,0,1,0
24.2,0,47778.0,1,6.17,87.3,1,46.8,0,1,5.5,4.0,3.81,0,0,0,1,0,0,0,1,0,1,0
22.1,0,29740.5,1,4.0,58.7,1,27.8,0,0,5.5,1.1,1.13,1,1,0,0,1,0,0,0,1,0,0
22.0,1,58105.0,1,3.66,86.5,3,36.2,0,0,4.7,3.42,3.33,0,0,0,1,0,0,1,0,0,1,0
18.4,0,36563.0,1,2.83,88.5,1,43.5,0,1,7.6,0.0,0.92,0,1,0,0,0,0,0,1,0,0,0
22.5,1,26260.0,1,4.6,65.6,0,18.8,0,0,2.6,3.67,3.65,0,0,1,0,0,0,0,1,0,1,0
19.0,1,33768.0,1,5.88,90.9,3,16.4,0,0,7.2,2.0,1.85,0,1,0,0,0,0,0,1,0,1,0
18.5,1,29416.0,0,3.91,91.4,2,49.5,0,0,5.4,3.48,3.79,0,0,0,1,1,0,0,0,1,0,0
20.2,1,77471.0,1,5.68,79.5,0,37.0,0,1,3.0,2.19,2.19,0,0,0,1,0,0,0,1,0,1,0
19.7,1,34450.0,0,3.81,87.2,1,14.1,0,0,1.0,2.14,2.07,0,0,1,0,0,0,0,0,0,0,1
20.5,0,29704.0,1,3.02,97.8,0,17.3,1,0,6.4,1.7,1.53,0,1,0,0,0,0,0,0,0,1,0
17.8,1,25768.0,1,3.37,76.7,1,27.6,0,0,7.3,1.13,1.05,1,0,1,0,1,0,0,0,1,0,0
23.1,1,49311.0,1,3.03,91.3,1,46.7,1,0,5.6,2.31,2.45,0,0,0,0,0,0,0,1,0,0,0
23.5,1,45467.0,1,5.79,84.0,1,41.8,0,1,6.6,3.71,3.63,0,1,0,0,0,0,0,1,0,1,0
17.0,0,25228.0,1,5.47,72.9,1,42.8,0,0,6.3,0.69,0.53,1,1,0,0,1,0,0,0,0,1,0
23.2,0,25000.0,1,4.51,67.4,2,24.8,0,0,5.6,1.36,1.49,1,0,0,0,0,0,0,1,0,0,1
19.2,1,25000.0,1,0.92,87.8,3,29.9,1,1,7.2,0.69,0.71,0,0,0,0,0,0,1,0,0,1,0
22.9,0,26622.0,1,5.92,71.5,2,20.4,1,0,2.8,2.27,2.92,0,0,1,0,0,0,1,0,1,0,0
20.8,0,66793.0,1,3.5,89.7,1,25.0,1,1,5.7,3.52,3.72,0,1,0,0,0,0,1,0,1,0,0
21.1,0,25588.0,1,3.19,64.5,1,16.5,0,0,6.7,1.73,2.37,0,0,0,0,0,0,0,0,0,0,0
20.6,1,25000.0,1,3.57,83.2,0,19.5,0,0,4.7,3.33,3.47,0,1,0,0,0,0,0,1,0,0,0
23.7,1,25000.0,1,4.05,79.4,1,21.3,0,0,6.0,2.89,2.76,0,0,0,0,0,0,0,1,0,0,0
18.3,0,73727.0,1,4.56,95.4,0,28.3,0,0,3.4,3.29,2.84,0,0,1,0,0,0,1,0,0,0,0
22.3,0,41832.0,1,5.41,83.8,3,35.0,1,0,5.6,1.78,1.93,0,0,0,1,0,0,0,1,0,0,0
23.4,1,47935.0,1,4.69,86.9,3,50.0,0,1,4.2,2.67,3.2,0,0,1,0,0,1,0,0,0,0,0
22.6,1,52945.0,1,4.04,78.6,0,25.6,0,0,4.6,2.79,2.49,0,1,0,0,1,0,0,0,0,0,0
26.1,0,26934.0,1,3.52,80.6,2,37.1,1,1,6.5,1.62,1.67,0,0,0,0,0,0,0,0,0,0,0
19.8,0,31281.0,1,2.86,90.4,0,27.8,0,1,2.3,3.99,4.0,0,0,0,1,0,0,0,0,1,0,0
23.1,0,72632.0,1,4.49,82.1,2,41.6,0,0,3.5,3.51,3.15,0,0,0,0,0,0,1,0,1,0,0
20.8,1,33115.0,1,4.69,74.6,5,14.9,1,1,6.8,2.94,2.61,0,0,1,0,1,0,0,0,1,0,0
23.7,1,42299.0,1,3.01,91.1,0,23.6,0,0,5.2,1.74,1.91,0,0,0,0,0,1,0,0,0,0,0
21.0,1,50128.0,1,2.63,95.5,1,38.0,0,0,4.2,3.11,3.28,0,0,0,1,0,0,0,0,0,0,0
20.1,1,43729.0,1,5.02,94.0,3,37.0,1,0,6.3,3.11,3.24,0,0,0,0,1,0,0,0,0,1,0
23.9,1,27532.0,1,3.45,92.3,1,37.2,0,0,3.5,2.96,2.65,0,0,0,0,0,1,0,0,1,0,0
19.9,0,29134.0,1,2.48,79.7,2,46.9,0,1,3.4,1.73,1.82,1,1,0,0,0,0,0,0,1,0,0
17.9,0,47410.0,1,2.77,74.1,3,9.2,0,1,5.1,3.97,4.0,0,0,0,0,0,1,0,0,0,0,0
19.9,0,47363.0,1,4.67,72.5,2,14.9,0,0,5.3,1.51,1.89,0,0,1,0,1,0,0,0,0,0,1
22.4,1,59930.0,1,6.04,71.5,3,36.7,1,0,4.2,2.13,2.33,1,0,0,1,0,0,0,0,0,1,0
24.1,1,29740.5,1,4.0,81.3,1,39.8,0,1,5.5,2.81,3.16,0,0,0,1,0,0,0,1,1,0,0
21.2,1,29740.5,1,4.0,96.2,3,37.9,0,0,5.5,1.23,1.02,1,1,0,0,0,0,0,0,1,0,0
23.9,1,25000.0,1,3.87,68.8,1,62.5,1,0,5.4,2.79,3.1,1,0,0,1,0,0,1,0,1,0,0
18.0,0,25000.0,1,5.06,82.1,4,19.0,0,1,3.4,2.7,2.82,0,0,0,0,0,0,0,1,0,0,0
20.0,1,47495.0,1,2.08,79.4,2,34.4,0,1,5.5,0.51,0.26,0,0,0,0,0,0,0,0,0,1,0
20.4,1,25000.0,1,6.1,72.6,0,29.1,0,1,1.7,2.94,3.06,0,0,0,0,0,0,1,0,1,0,0
20.7,1,29366.0,0,1.66,80.0,1,37.5,1,0,8.4,0.4,0.02,0,0,0,1,0,0,0,0,1,0,0
21.2,1,68010.0,1,4.79,92.3,0,34.5,1,0,3.4,1.86,1.76,0,1,0,0,0,0,0,1,0,0,0
22.5,0,61842.0,1,3.54,83.8,1,23.8,0,1,5.9,0.47,0.52,1,0,0,1,1,0,0,0,1,0,0
20.0,1,35635.0,1,4.28,87.0,1,34.7,0,0,5.8,2.53,3.36,1,0,0,1,1,0,0,0,1,0,0
21.3,0,25000.0,1,4.11,90.6,3,31.0,0,0,4.1,3.84,3.87,0,0,0,0,0,0,0,0,0,0,0
20.9,0,27611.0,1,2.86,85.1,7,31.5,1,0,7.8,1.65,1.25,1,0,0,0,0,0,1,0,1,0,0
19.0,1,29740.5,1,4.0,64.1,1,43.6,1,1,5.5,0.6,0.42,1,0,1,0,0,0,0,1,0,1,0
20.7,1,29089.0,1,3.71,82.8,1,59.8,0,0,4.2,3.11,2.7,0,1,0,0,0,0,0,0,1,0,0
20.7,0,25000.0,1,4.76,73.4,1,7.0,0,0,6.8,1.88,2.22,0,0,1,0,0,0,0,1,1,0,0
20.6,0,61665.0,1,3.15,82.5,1,45.5,0,0,3.7,2.78,2.27,0,0,1,0,0,0,0,0,0,0,0
21.1,1,33155.0,1,3.68,83.0,1,37.7,0,0,7.9,2.26,2.4,0,1,0,0,1,0,0,0,0,1,0
21.2,1,25000.0,1,4.72,92.5,2,21.1,0,0,7.8,2.27,2.51,0,0,0,1,0,1,0,0,0,0,0
20.0,1,39631.0,1,3.06,79.4,1,25.6,0,1,7.3,0.0,0.02,1,0,0,1,0,0,0,1,1,0,0
23.8,1,53249.0,1,5.52,79.4,2,40.6,0,0,2.5,1.85,2.27,0,0,0,0,0,0,0,0,0,0,0
18.4,1,25000.0,1,4.38,69.9,1,30.6,1,0,4.5,2.21,2.3,1,1,0,0,0,0,0,0,0,1,0
19.4,1,26363.0,1,6.58,87.2,1,29.4,0,0,4.5,3.85,3.9,0,0,1,0,0,0,0,0,0,0,0
27.1,1,25642.0,1,3.79,70.2,3,21.8,0,0,4.4,4.0,3.99,0,0,0,1,0,1,0,0,0,0,0
18.7,1,39002.0,1,4.36,78.0,2,20.9,1,1,7.9,1.53,1.27,1,1,0,0,0,0,0,0,1,0,0
18.0,1,43443.0,1,3.71,76.3,1,18.4,1,1,2.2,2.59,2.41,0,1,0,0,1,0,0,0,1,0,0
22.6,0,25000.0,0,4.01,89.1,2,23.9,1,0,6.2,4.0,3.99,0,0,1,0,0,0,0,0,0,1,0
17.0,0,25000.0,1,4.72,85.9,1,28.5,1,0,6.8,0.8,1.64,1,0,1,0,0,0,1,0,0,1,0
20.5,0,55220.0,1,6.1,87.7,2,34.3,1,0,4.2,3.9,4.0,0,0,0,0,0,0,0,1,1,0,0
25.7,1,25000.0,1,5.86,89.6,2,20.1,0,0,6.4,4.0,4.0,0,0,0,0,0,0,0,1,0,1,0
17.6,0,34986.0,1,5.02,76.9,4,39.1,1,1,6.3,1.84,2.15,0,1,0,0,0,1,0,0,0,0,0
17.0,1,27469.0,1,2.61,75.1,2,19.1,0,1,5.0,2.49,1.84,0,0,0,1,0,0,0,1,0,0,0
17.7,0,32776.0,1,3.52,68.5,0,39.2,1,0,7.5,0.28,0.1,1,0,0,1,1,0,0,0,0,0,0
23.0,1,80077.0,1,4.76,83.0,0,19.6,0,1,4.5,1.66,1.82,0,1,0,0,0,0,1,0,0,0,0
23.5,1,184051.0,1,2.97,75.7,1,54.2,0,0,7.5,1.54,1.64,1,0,0,0,0,1,0,0,0,1,0
19.9,0,25000.0,0,3.98,85.6,1,37.8,1,0,5.7,3.53,3.28,0,0,1,0,0,0,0,1,0,1,0
22.5,0,29740.5,1,4.0,76.3,1,40.1,0,0,5.5,4.0,3.94,0,1,0,0,0,0,0,0,1,0,0
24.1,0,27072.0,1,6.37,89.4,1,27.9,0,1,5.1,3.72,3.25,0,0,1,0,0,0,0,1,0,0,0
24.9,1,55754.0,1,3.8,83.0,0,37.3,0,0,3.0,2.99,3.13,0,0,0,0,1,0,0,0,1,0,0
20.5,1,52805.0,1,1.95,82.6,0,15.0,1,0,4.8,3.13,2.74,0,1,0,0,0,0,0,1,0,1,0
17.0,1,69276.0,1,5.0,81.9,1,18.3,0,1,3.5,4.0,3.59,0,0,0,1,0,0,0,1,1,0,0
19.2,0,35277.0,1,5.36,99.0,5,26.3,0,0,6.0,2.88,2.82,0,0,0,1,1,0,0,0,0,0,0
20.1,0,25000.0,1,6.96,77.3,3,48.2,0,1,7.1,1.81,1.96,0,1,0,0,0,0,1,0,1,0,0
20.4,0,51875.0,1,3.43,82.6,7,42.1,0,0,6.3,1.88,1.87,0,0,0,1,0,0,0,0,0,0,0
20.6,1,31914.0,1,2.22,80.6,6,5.0,0,0,4.2,2.63,2.89,0,0,1,0,0,0,0,1,0,0,0
23.5,0,25840.0,1,4.46,75.7,2,18.2,0,0,5.0,3.47,3.23,0,0,1,0,0,0,0,0,1,0,0
23.8,1,25000.0,1,4.68,79.0,1,29.0,0,1,6.0,2.31,2.09,0,0,0,1,0,0,0,1,1,0,0
20.6,1,54383.0,1,4.75,82.2,1,45.1,1,0,6.1,2.43,1.75,0,1,0,0,0,0,1,0,0,0,0
23.4,0,77810.0,0,3.48,72.5,5,32.9,0,0,8.4,1.18,0.93,1,0,0,0,0,0,1,0,1,0,0
21.8,1,25000.0,1,4.56,95.2,1,5.0,0,0,6.6,2.87,2.88,1,0,0,0,0,0,0,1,0,0,0
21.1,1,43182.0,1,4.14,87.8,0,15.9,1,1,5.8,1.62,1.42,0,0,1,0,0,0,0,1,1,0,0
23.0,1,25000.0,0,3.27,90.7,2,38.6,1,1,5.7,1.3,1.05,1,0,0,0,0,0,0,0,1,0,0
21.2,1,25000.0,1,2.57,80.7,1,32.4,1,1,4.9,2.89,3.22,0,0,0,1,0,0,1,0,1,0,0
25.5,1,32488.0,1,3.58,79.5,2,31.6,0,1,5.5,1.53,1.58,1,0,0,0,0,0,0,0,0,0,0
17.8,1,25000.0,1,3.91,80.3,1,43.3,0,0,6.8,0.94,0.93,1,0,0,0,1,0,0,0,0,1,0
19.9,1,25000.0,0,4.89,76.4,1,25.8,0,1,4.2,2.93,2.93,0,0,0,0,0,1,0,0,0,0,1
20.7,1,25000.0,1,3.96,92.4,2,38.4,0,0,6.2,1.96,2.08,1,0,1,0,0,0,0,1,0,0,0
22.0,0,25000.0,1,3.33,93.2,0,49.7,0,0,5.3,2.2,1.65,0,0,0,1,0,0,0,1,0,0,0
23.8,0,25000.0,1,4.7,86.4,2,32.7,0,1,8.6,1.22,1.68,0,0,0,1,0,0,0,0,0,1,0
20.9,1,25000.0,1,3.91,95.6,3,19.3,1,1,6.0,1.78,1.73,1,0,1,0,0,0,0,1,0,0,0
17.9,0,25000.0,1,3.1,100.0,1,24.9,0,1,6.1,1.61,1.41,0,0,1,0,1,0,0,0,1,0,0
22.9,0,25000.0,1,4.44,96.8,3,19.2,1,0,4.0,4.0,3.93,0,1,0,0,0,0,1,0,0,1,0
22.7,1,37249.0,1,4.87,78.2,3,5.0,1,0,8.1,3.08,3.96,0,0,0,1,1,0,0,0,0,1,0
17.0,1,42452.0,1,3.88,62.6,0,20.5,1,0,6.4,1.99,1.68,0,0,1,0,0,0,0,1,0,0,0
21.0,0,34755.0,1,6.14,87.9,6,37.6,0,0,8.0,3.59,3.98,1,0,1,0,0,0,0,0,0,0,0
17.5,0,25816.0,1,5.61,85.4,0,30.1,0,1,5.2,1.73,1.37,0,0,1,0,0,0,1,0,0,0,0
19.5,0,25401.0,1,4.68,82.9,4,46.3,0,0,5.5,1.28,1.14,1,0,0,0,1,0,0,0,0,1,0
19.0,0,25000.0,1,3.53,80.1,0,31.7,1,0,3.0,4.0,4.0,0,0,0,0,1,0,0,0,1,0,0
22.8,1,25000.0,1,1.63,92.8,1,40.6,0,1,8.8,1.55,1.57,0,0,0,0,0,0,0,0,0,0,0
21.3,1,45350.0,0,2.42,69.6,1,8.9,1,0,6.2,1.45,1.58,0,0,0,0,0,0,0,1,1,0,0
18.2,1,25000.0,1,5.16,94.3,2,24.7,0,0,8.8,1.39,1.36,1,0,0,1,0,0,1,0,0,0,0
22.9,1,28327.0,1,2.8,95.9,1,26.8,0,0,4.9,3.77,3.64,0,0,0,1,0,0,1,0,1,0,0
17.8,1,25000.0,1,4.53,83.2,1,20.1,0,0,6.3,2.85,2.58,0,0,0,0,0,0,0,1,0,1,0
21.7,1,42594.0,1,2.84,84.3,0,48.3,1,0,7.3,1.61,2.39,0,1,0,0,0,0,1,0,0,0,0
19.2,1,25000.0,1,3.76,72.5,0,6.8,0,0,6.1,0.65,0.51,0,0,0,1,0,1,0,0,0,1,0
20.2,1,29956.0,1,3.38,90.0,3,28.6,0,0,4.9,1.67,1.53,1,0,0,1,0,0,1,0,0,0,0
22.1,1,36526.0,1,5.09,92.2,1,43.6,0,1,4.6,3.62,3.49,0,1,0,0,0,0,0,0,0,1,0
22.1,1,25000.0,1,5.18,88.1,2,39.2,1,1,4.9,1.94,1.79,0,1,0,0,0,1,0,0,1,0,0
23.9,1,25000.0,1,1.9,72.1,0,25.4,0,1,10.0,0.24,0.4,1,0,0,0,0,1,0,0,0,1,0
20.8,1,28139.0,1,5.75,69.1,0,19.2,0,0,4.4,2.5,2.06,0,0,0,0,1,0,0,0,0,0,0
21.7,0,40477.0,1,3.66,80.1,0,43.1,1,0,1.9,2.4,2.44,0,0,1,0,0,1,0,0,0,0,0
20.0,0,33173.0,1,5.41,82.6,4,23.7,0,0,5.6,0.47,0.0,0,0,0,0,0,0,0,1,0,1,0
21.4,1,41617.0,1,5.71,90.1,0,20.0,0,0,5.5,3.91,3.89,0,1,0,0,0,0,1,0,1,0,0
22.0,1,25000.0,1,3.27,80.1,1,42.0,1,0,4.9,4.0,3.74,0,1,0,0,1,0,0,0,0,0,0
20.8,0,25000.0,0,6.11,90.5,3,33.7,1,1,4.4,3.6,3.69,0,1,0,0,1,0,0,0,1,0,0
17.0,1,31279.0,1,1.68,91.0,2,25.8,0,0,5.0,3.26,3.22,0,1,0,0,0,0,0,0,1,0,0
21.7,0,25000.0,1,2.65,85.8,3,33.9,1,0,3.1,1.6,1.92,1,0,0,0,0,0,0,0,1,0,0
21.8,1,25000.0,0,3.46,89.0,1,35.3,1,0,8.7,1.54,1.11,0,0,0,0,0,0,0,1,1,0,0
19.5,0,52019.0,1,2.66,78.7,2,29.4,0,0,5.9,1.94,1.99,1,0,1,0,0,0,0,0,0,1,0
18.2,0,33305.0,1,2.12,72.9,2,31.8,0,0,5.7,1.75,1.9,0,0,0,0,0,1,0,0,0,1,0
24.2,0,25000.0,0,5.33,77.4,2,5.0,1,0,7.4,1.55,1.66,1,0,0,1,0,0,0,1,0,1,0
22.1,1,25000.0,1,3.42,75.3,2,28.7,0,1,10.0,3.0,2.84,0,1,0,0,0,0,1,0,0,1,0
20.5,0,43155.0,1,4.1,91.7,1,22.3,1,1,4.8,4.0,4.0,0,0,1,0,0,0,0,1,0,1,0
18.5,0,33765.0,1,4.88,88.9,1,20.4,1,0,6.1,3.37,2.97,0,1,0,0,0,0,1,0,0,0,0
19.2,0,25000.0,1,5.42,65.8,4,21.8,1,0,6.9,0.48,0.76,1,0,1,0,0,0,0,0,0,0,0
23.9,1,25000.0,1,6.02,83.4,2,24.0,1,0,6.7,1.62,1.53,0,1,0,0,0,1,0,0,0,0,0
21.3,0,91957.0,1,2.87,67.7,2,26.4,0,1,7.1,0.0,0.31,1,0,0,1,0,0,1,0,0,1,0
19.8,1,25000.0,1,6.01,73.3,5,32.0,0,0,7.2,1.31,1.33,0,1,0,0,0,0,1,0,0,1,0
22.1,1,40807.0,1,4.21,88.7,1,21.2,0,0,4.8,2.54,2.39,0,0,0,0,0,0,0,1,1,0,0
19.2,0,73601.0,1,4.22,68.2,0,36.2,0,1,7.7,1.25,1.47,0,0,0,1,1,0,0,0,0,1,0
24.3,1,32486.0,1,3.64,71.1,2,38.8,1,1,5.3,3.18,3.35,0,0,0,1,0,1,0,0,0,0,0
24.0,0,29740.5,1,4.0,73.8,3,38.7,0,0,5.5,3.02,3.04,0,0,1,0,1,0,0,0,0,0,0
20.0,0,25000.0,1,6.01,69.3,1,41.2,1,0,6.6,2.2,2.69,0,0,0,1,0,0,0,1,0,0,0
19.6,1,25000.0,1,4.85,70.6,2,23.2,1,0,4.2,1.33,1.48,0,1,0,0,1,0,0,0,0,0,0
17.0,0,37273.0,1,5.43,81.6,3,26.8,1,1,6.3,3.22,3.15,0,0,0,1,0,1,0,0,0,1,0
17.7,0,71011.0,1,2.87,68.5,6,33.0,1,1,6.6,1.54,1.39,0,0,1,0,1,0,0,0,1,0,0
18.1,1,25000.0,1,3.44,80.0,2,24.9,0,0,2.1,3.56,3.64,0,0,0,0,0,1,0,0,1,0,0
21.3,0,25000.0,0,4.11,82.1,2,16.1,1,0,8.0,0.0,0.12,1,0,0,1,0,1,0,0,1,0,0
20.3,1,45184.0,1,4.66,88.0,1,24.0,0,1,4.0,2.99,3.15,0,0,1,0,0,1,0,0,1,0,0
18.0,1,25000.0,1,4.45,89.4,1,49.6,0,0,6.0,4.0,3.9,0,1,0,0,0,0,1,0,0,0,1
20.4,1,35056.0,1,6.34,71.0,1,21.1,1,1,8.3,0.25,0.25,1,0,0,0,0,0,0,0,0,1,0
22.1,1,30488.0,1,3.13,71.4,2,20.5,0,0,6.7,1.16,0.83,1,1,0,0,0,0,0,1,0,0,0
22.2,1,25000.0,1,4.61,71.0,3,23.4,0,0,7.4,0.28,0.16,1,0,0,0,0,0,0,1,1,0,0
17.0,0,29457.0,1,4.66,88.3,0,36.7,0,0,7.5,2.55,2.76,0,1,0,0,0,0,0,0,1,0,0
20.7,0,85639.0,1,3.48,84.8,1,34.2,1,0,4.6,3.34,3.14,0,0,0,1,0,1,0,0,0,0,0
18.0,1,29740.5,1,4.0,79.2,3,38.5,0,1,5.5,2.53,2.52,0,0,0,1,0,1,0,0,1,0,0
23.0,1,57268.0,1,3.14,72.5,3,60.4,1,0,6.2,0.51,0.59,1,1,0,0,0,0,1,0,0,0,0
22.7,0,25000.0,1,4.38,83.2,1,39.9,0,1,6.8,4.0,4.0,0,0,1,0,0,0,1,0,0,0,0
19.0,1,57386.0,1,2.29,93.0,4,40.8,1,0,7.5,2.51,2.24,0,0,1,0,0,0,1,0,0,0,0
19.3,1,43626.0,1,6.2,92.4,3,64.3,1,0,6.9,4.0,4.0,0,0,0,0,0,0,0,1,0,0,0
20.0,1,25000.0,1,3.68,70.2,1,35.9,1,0,4.6,1.39,1.35,0,0,1,0,1,0,0,0,0,0,0
17.0,1,41105.0,1,3.07,90.6,2,25.3,1,0,7.1,1.36,1.61,0,0,1,0,0,0,0,1,0,0,0
21.7,1,25000.0,1,1.74,70.1,5,26.4,1,1,1.7,2.0,2.49,0,1,0,0,0,1,0,0,1,0,0
20.4,0,25000.0,1,3.54,78.8,3,42.7,0,1,7.8,1.34,0.99,1,1,0,0,0,0,0,1,0,0,1
23.1,0,32140.0,1,3.69,77.8,2,15.0,0,1,3.9,3.29,3.29,0,0,0,1,0,1,0,0,0,0,0
18.6,1,41086.0,1,4.4,84.1,3,6.6,0,1,3.9,1.21,1.3,0,0,0,1,1,0,0,0,0,0,0
19.6,1,32564.0,1,3.73,74.0,1,20.1,1,1,10.0,1.4,1.61,1,0,1,0,1,0,0,0,1,0,0
17.7,1,27848.0,1,7.77,82.8,1,39.8,1,0,5.6,1.33,1.29,1,0,1,0,0,1,0,0,0,0,0
18.8,0,25000.0,1,2.35,73.4,3,37.1,0,1,5.0,2.61,2.4,1,0,0,1,0,1,0,0,0,0,0
18.4,0,130608.0,1,4.8,83.4,1,28.1,1,1,3.4,4.0,3.78,0,0,0,1,0,0,1,0,1,0,0
23.2,0,25000.0,1,4.53,71.5,3,42.8,0,0,6.3,2.87,2.95,0,0,1,0,1,0,0,0,0,0,0
19.5,0,50199.0,1,2.25,78.8,1,37.3,0,0,6.9,2.53,2.92,0,0,0,1,0,0,0,1,1,0,0
21.3,1,30009.0,1,3.58,82.0,2,34.1,1,0,4.9,2.44,2.19,0,0,0,1,0,0,0,0,0,0,0
20.2,0,25000.0,1,7.05,80.0,2,29.8,0,1,1.6,2.61,2.41,0,0,0,1,0,0,0,1,1,0,0
18.2,1,28882.0,1,3.32,88.8,2,40.8,0,0,8.4,0.97,0.99,1,0,0,1,0,0,0,0,0,0,0
20.6,1,25000.0,1,6.63,63.9,2,39.1,0,0,5.0,2.67,3.24,0,1,0,0,0,1,0,0,0,1,0
22.3,0,25000.0,1,3.86,83.4,2,26.7,0,0,4.9,0.99,1.19,0,0,1,0,0,0,0,0,1,0,0
18.3,1,28907.0,1,4.04,75.4,3,39.8,0,0,5.4,1.28,1.37,0,0,1,0,0,0,1,0,0,1,0
22.8,0,25000.0,1,3.51,86.7,3,22.2,0,1,4.1,1.1,0.89,0,0,0,0,0,0,0,1,0,1,0
19.1,1,40289.0,1,2.71,82.2,1,32.8,0,0,7.8,1.56,1.91,0,0,0,0,1,0,0,0,0,1,0
19.9,0,25000.0,1,2.42,90.7,1,34.8,0,0,6.8,2.3,2.13,0,1,0,0,0,0,0,0,0,1,0
22.2,1,25000.0,1,3.21,80.1,1,26.0,0,0,6.4,2.68,3.02,0,0,1,0,0,0,0,0,0,1,0
19.5,1,25000.0,1,4.98,91.9,0,31.6,1,1,9.7,1.39,1.89,1,0,0,0,0,1,0,0,1,0,0
21.1,0,109707.0,0,4.7,83.3,3,37.3,1,0,4.2,3.26,2.87,0,1,0,0,0,0,1,0,0,1,0
20.3,0,25000.0,1,3.52,71.7,3,17.0,0,0,7.8,2.92,2.77,1,1,0,0,0,0,0,0,0,0,0
21.3,0,29740.5,1,4.0,75.5,3,32.2,1,0,5.5,3.04,3.03,0,1,0,0,0,1,0,0,0,0,0
17.0,0,25000.0,1,2.9,77.3,2,56.6,0,0,6.7,0.0,0.0,1,0,0,1,0,0,0,0,0,0,0
17.0,0,25000.0,1,4.6,82.9,2,20.1,1,0,9.6,0.0,0.0,1,0,0,0,0,0,0,0,0,1,0
22.4,0,42717.0,1,2.3,89.2,5,42.4,1,0,3.6,2.11,1.92,0,0,1,0,0,0,0,0,0,1,0
23.3,1,41477.0,1,4.39,86.9,2,28.9,1,0,8.5,1.5,1.55,1,1,0,0,0,0,0,0,0,0,0
19.0,1,25000.0,1,4.67,87.3,2,44.2,1,0,3.0,3.85,3.98,0,0,1,0,0,0,0,1,1,0,0
20.5,1,25000.0,1,3.74,76.0,1,21.3,0,0,9.2,0.8,0.56,1,1,0,0,0,0,0,0,0,0,0
21.6,0,43187.0,1,4.06,89.1,1,30.1,0,0,4.7,3.27,2.6,0,0,1,0,0,0,0,1,0,0,0
22.5,1,41416.0,1,3.38,82.8,3,56.5,0,1,4.2,2.95,2.92,0,0,0,1,0,0,1,0,0,0,0
17.0,0,25060.0,1,5.21,88.4,2,27.9,0,1,4.5,3.99,3.99,0,0,0,1,0,0,0,0,1,0,0
19.1,0,38761.0,1,5.14,70.2,3,37.6,0,0,5.6,3.55,3.84,0,0,1,0,0,0,0,0,0,0,0
20.3,0,25000.0,1,4.57,85.6,3,37.1,0,0,5.2,2.85,2.99,0,0,0,1,0,0,0,1,0,0,0
22.5,1,25000.0,1,4.91,77.1,1,5.7,0,1,5.4,1.43,1.74,0,0,0,0,0,1,0,0,0,0,0
26.5,1,29803.0,1,4.72,71.9,5,35.4,1,0,6.1,1.86,1.8,1,1,0,0,0,1,0,0,0,1,0
20.5,0,40596.0,1,3.47,87.2,4,15.1,0,0,5.9,2.77,3.02,0,0,0,0,1,0,0,0,1,0,0
17.9,1,35795.0,1,4.46,78.6,1,37.6,0,0,5.5,3.82,3.89,0,0,0,1,0,0,0,0,1,0,0
21.9,1,40356.0,1,4.98,86.2,2,31.4,0,1,4.7,2.91,3.42,0,1,0,0,1,0,0,0,0,0,0
23.9,1,25000.0,1,3.73,74.2,4,16.6,0,1,6.3,1.05,1.09,0,0,1,0,1,0,0,0,0,1,0
21.2,1,76813.0,1,4.74,98.3,3,15.7,1,0,6.2,4.0,4.0,0,0,1,0,0,1,0,0,0,0,0
19.0,1,25000.0,0,2.28,81.0,2,29.1,0,0,6.1,2.36,2.59,0,0,0,1,0,1,0,0,0,0,0
23.1,0,27685.0,1,2.46,78.2,3,59.8,1,0,5.5,2.22,2.5,1,0,0,0,0,0,0,1,0,0,0
22.5,1,25000.0,1,4.11,89.9,0,49.5,1,0,4.3,4.0,4.0,0,0,0,0,0,0,0,1,0,1,0
18.7,0,26468.0,1,3.59,81.3,1,34.3,0,0,5.6,2.2,2.16,0,0,0,1,0,0,0,0,0,0,0
21.8,1,40919.0,0,5.43,100.0,4,36.2,1,1,5.0,3.1,2.81,0,0,0,1,0,0,0,1,0,0,0
23.2,0,46981.0,1,3.76,91.3,4,37.2,0,0,1.8,3.45,3.28,0,0,0,1,0,0,0,0,1,0,0
23.6,0,75899.0,1,5.49,78.2,2,23.6,0,0,7.3,1.58,1.92,0,0,0,1,0,0,0,1,0,1,0
20.9,1,40625.0,1,3.97,82.6,1,21.7,0,1,6.0,3.08,3.39,0,0,0,0,0,0,0,0,0,1,0
20.2,1,35107.0,1,4.46,82.5,3,40.2,0,1,5.5,1.87,1.45,0,0,1,0,0,0,1,0,0,0,0
23.7,1,25000.0,0,3.45,73.6,2,22.8,0,0,6.4,2.59,2.45,0,0,0,1,1,0,0,0,0,0,0
18.3,0,29740.5,1,4.0,92.3,2,47.3,0,1,5.5,1.08,1.3,0,0,0,1,0,0,0,1,1,0,0
22.0,0,53218.0,1,3.05,78.6,0,13.8,0,0,7.9,2.07,1.95,0,1,0,0,0,0,1,0,0,0,1
18.0,0,52609.0,1,2.62,80.0,0,19.2,0,1,7.7,0.15,0.2,0,0,0,1,0,0,1,0,0,0,0
23.3,1,25000.0,1,5.21,83.7,4,47.0,0,0,3.4,3.75,3.74,0,1,0,0,0,0,1,0,0,0,0
20.4,1,45883.0,1,5.4,74.7,2,26.6,1,0,4.4,2.07,2.02,0,0,1,0,0,0,1,0,1,0,0
23.8,1,43925.0,0,5.21,83.7,0,28.5,1,0,6.7,2.11,1.98,0,0,1,0,0,1,0,0,0,0,0
22.1,1,25000.0,1,5.44,78.0,3,37.7,0,0,5.9,2.59,3.18,0,0,1,0,1,0,0,0,0,0,0
18.3,0,41121.0,0,4.28,78.2,1,43.9,0,0,5.5,1.13,0.96,0,1,0,0,0,0,0,0,1,0,0
24.1,1,25000.0,1,3.43,80.7,2,37.3,0,0,6.3,2.83,2.62,0,0,1,0,0,0,0,0,0,1,0
24.4,0,25000.0,1,3.09,76.1,1,33.4,0,0,2.1,2.55,2.28,0,0,0,1,0,1,0,0,0,0,0
22.9,0,27009.0,1,1.72,69.5,0,39.6,1,0,3.8,0.12,0.01,1,0,0,1,0,0,1,0,0,0,0
19.3,0,34707.0,1,4.7,83.4,4,34.9,1,0,4.4,3.12,3.31,0,0,0,1,0,0,0,1,0,1,0
20.3,1,27749.0,1,4.17,63.7,2,43.0,0,0,6.9,1.32,0.94,1,0,0,0,1,0,0,0,1,0,0
21.3,0,166087.0,1,4.49,64.0,0,64.3,0,0,1.6,4.0,3.95,0,1,0,0,1,0,0,0,0,1,0
19.5,0,37321.0,0,4.78,82.4,0,36.1,0,0,5.8,3.94,4.0,0,0,0,1,0,0,0,1,0,0,1
24.7,0,32477.0,1,5.8,80.5,2,19.7,0,0,4.8,1.92,1.71,0,0,1,0,0,0,0,0,1,0,0
21.3,0,29740.5,1,4.0,69.1,3,42.5,0,0,5.5,3.26,3.28,0,0,0,1,0,0,1,0,0,0,1
17.0,0,25000.0,1,4.62,87.3,2,28.2,0,1,7.0,2.46,2.39,0,1,0,0,0,1,0,0,0,1,0
21.7,0,51932.0,1,3.35,66.2,2,34.0,0,0,8.6,1.39,2.11,1,0,1,0,0,0,1,0,0,0,0
20.2,1,36923.0,1,1.78,77.1,0,34.4,0,1,3.4,1.26,1.02,1,0,0,1,0,0,0,1,0,0,0
20.8,0,35922.0,1,3.77,78.4,2,23.0,1,0,4.0,1.98,2.14,0,0,0,1,0,0,0,1,0,1,0
20.2,0,25000.0,1,5.9,84.5,0,25.6,0,0,5.6,3.35,3.46,0,0,0,0,0,1,0,0,0,0,0
22.8,0,25000.0,1,3.76,83.8,1,5.0,1,0,8.0,2.86,3.02,0,0,1,0,0,0,0,1,0,1,0
23.5,0,25000.0,1,2.85,78.8,1,28.8,0,1,6.3,2.62,2.29,0,0,0,1,0,0,0,0,0,0,1
21.6,1,35227.0,0,4.5,82.4,2,36.7,0,1,5.7,2.99,2.76,0,0,0,1,0,0,0,0,1,0,0
20.3,0,25000.0,1,5.16,79.8,2,30.2,0,0,7.7,1.58,1.58,1,0,1,0,0,0,0,0,0,0,0
20.9,0,35420.0,1,4.67,74.7,1,24.5,1,0,4.8,3.35,2.95,0,0,0,0,0,1,0,0,0,0,0
21.0,1,25863.0,1,5.76,82.4,0,34.5,0,1,7.6,1.52,1.35,1,0,0,0,0,0,0,0,0,1,0
19.2,1,38497.0,1,2.78,64.8,0,18.7,1,1,8.6,2.61,2.98,0,0,1,0,0,0,0,0,0,0,0
22.3,0,25000.0,1,5.81,84.0,1,17.3,1,1,5.2,3.42,3.35,0,1,0,0,0,0,0,0,0,0,0
22.0,1,33381.0,1,1.33,93.3,3,36.3,0,0,2.7,2.98,2.37,0,1,0,0,1,0,0,0,1,0,0
24.4,1,25000.0,1,1.36,79.2,2,37.0,0,0,5.8,2.36,2.89,0,0,0,1,0,1,0,0,0,0,0
23.8,1,25000.0,1,2.1,98.5,0,36.1,1,0,8.5,2.88,2.66,1,0,0,1,0,1,0,0,0,1,0
19.5,0,26928.0,1,4.62,86.8,1,26.4,1,0,6.4,3.87,3.98,0,1,0,0,0,0,0,0,0,1,0
22.8,1,74741.0,1,2.04,93.7,1,43.1,0,0,3.0,3.85,4.0,1,0,0,0,0,0,0,1,0,0,0
18.9,1,25000.0,1,3.17,85.1,1,16.5,1,1,7.8,2.77,3.12,1,0,0,1,0,1,0,0,0,0,0
22.5,0,31941.0,1,3.45,86.4,3,26.4,1,0,6.9,2.02,1.74,1,0,0,1,0,1,0,0,0,0,0
19.9,0,47980.0,1,4.97,83.1,4,39.0,0,0,7.3,2.13,2.09,0,0,0,0,0,0,0,1,0,1,0
18.7,0,118186.0,1,5.66,69.5,4,40.3,0,0,7.5,1.42,1.3,0,0,1,0,0,0,0,0,0,1,0
21.6,1,25000.0,1,5.17,66.3,2,20.7,0,0,4.5,1.21,1.05,0,1,0,0,1,0,0,0,0,0,0
17.0,0,25000.0,1,2.14,80.1,1,55.7,1,0,7.4,1.26,1.16,1,0,0,1,0,0,1,0,0,1,0
17.1,1,25000.0,1,4.23,77.2,1,28.4,1,1,4.3,3.45,3.39,0,0,1,0,0,0,0,1,0,0,0
20.6,0,58942.0,1,3.52,77.4,2,31.1,1,1,3.4,2.13,2.44,0,0,0,1,0,0,1,0,1,0,0
21.2,0,25000.0,0,3.79,71.9,0,41.7,1,0,4.0,0.0,0.05,1,1,0,0,0,0,0,1,0,0,0
20.2,1,25000.0,1,3.91,90.9,4,48.6,1,1,6.7,1.81,1.97,0,0,0,0,1,0,0,0,0,1,0
17.5,1,25000.0,1,3.4,73.8,1,30.7,0,1,4.8,2.05,1.87,0,0,0,1,1,0,0,0,1,0,0
19.2,1,50533.0,1,3.06,73.2,1,44.1,1,1,8.2,1.83,1.78,1,0,1,0,0,0,0,0,0,0,0
21.9,0,59573.0,1,3.42,82.3,3,24.5,1,0,7.5,3.97,3.5,0,1,0,0,0,0,1,0,1,0,0
22.3,1,49388.0,1,3.1,90.7,1,50.0,1,1,6.7,1.66,1.75,0,1,0,0,1,0,0,0,0,0,0
21.0,0,29740.5,1,4.0,88.8,2,30.5,0,1,5.5,3.7,3.87,0,0,0,1,0,1,0,0,1,0,0
23.5,1,42800.0,1,3.92,76.8,1,33.8,1,0,3.4,4.0,3.63,0,0,0,1,1,0,0,0,0,0,0
21.9,1,29740.5,1,4.0,80.3,1,25.8,1,0,5.5,1.11,0.49,1,0,0,0,0,0,0,0,0,0,0
19.4,0,30786.0,1,5.42,95.1,1,32.6,1,1,6.5,3.02,2.68,0,1,0,0,1,0,0,0,1,0,0
20.4,0,33626.0,0,5.8,90.8,2,21.2,0,0,3.2,4.0,3.87,0,1,0,0,0,0,0,1,0,0,0
17.9,0,35815.0,1,2.36,89.0,1,29.3,0,1,4.2,1.59,2.16,0,0,0,1,0,0,0,1,1,0,0
20.8,1,40978.0,1,4.34,85.1,2,30.2,0,0,5.2,2.62,2.78,0,0,1,0,0,0,1,0,0,0,1
23.4,1,29590.0,1,2.39,82.8,1,17.3,1,0,5.2,2.07,2.18,1,0,0,0,0,0,0,1,1,0,0
22.5,1,25000.0,1,6.39,98.1,1,23.1,1,1,5.4,3.81,3.5,1,0,0,1,0,0,1,0,0,0,0
24.1,1,40990.0,1,4.77,91.0,0,5.0,0,0,4.4,3.24,3.5,0,0,0,1,0,0,1,0,0,0,0
20.3,1,31526.0,0,3.39,83.0,0,15.1,1,0,8.2,0.0,0.0,1,1,0,0,0,0,1,0,0,0,0
24.0,0,25000.0,1,3.59,87.8,2,29.8,0,0,3.3,2.51,2.75,1,0,1,0,0,1,0,0,0,1,0
20.6,1,25000.0,1,5.09,80.0,1,41.5,0,0,3.3,1.6,1.25,0,0,1,0,0,0,1,0,1,0,0
24.2,1,74908.0,1,3.52,69.2,3,25.7,0,1,3.8,2.39,2.15,0,0,1,0,0,0,0,1,0,0,0
21.0,1,62242.0,1,2.24,73.8,3,29.6,0,0,4.4,4.0,3.79,0,0,1,0,0,0,0,1,0,0,0
22.6,0,45414.0,1,4.58,78.3,1,43.9,1,0,4.2,3.8,4.0,0,0,0,1,1,0,0,0,0,0,0
24.2,0,25000.0,1,5.6,77.8,4,40.0,0,0,8.5,1.11,1.01,0,1,0,0,1,0,0,0,0,1,0
20.6,1,25000.0,1,3.9,76.2,4,39.8,0,0,4.3,3.31,2.72,0,0,0,0,0,0,0,1,0,0,0
21.5,0,47043.0,1,4.98,76.6,0,31.4,0,1,5.3,1.63,1.04,0,0,0,0,0,1,0,0,0,0,0
23.8,1,37050.0,1,3.23,92.4,0,24.1,1,0,3.2,3.75,3.81,0,0,1,0,0,0,0,0,0,0,0
20.7,0,25000.0,1,4.16,96.7,3,34.7,0,0,4.7,4.0,3.94,0,0,0,0,0,0,1,0,1,0,0
18.1,0,58389.0,1,4.13,92.5,1,45.4,0,1,6.6,2.02,2.13,0,0,1,0,1,0,0,0,0,0,0
25.7,0,49454.0,1,3.54,64.7,2,51.7,0,1,6.7,1.81,1.78,0,1,0,0,0,0,0,1,0,1,0
20.0,1,33046.0,1,2.77,90.6,0,58.9,0,0,7.3,2.49,2.44,0,0,1,0,0,0,1,0,1,0,0
21.3,0,30365.0,1,3.05,87.9,4,48.4,0,1,3.7,2.84,2.67,0,0,0,1,1,0,0,0,0,1,0
23.5,0,30656.0,1,3.11,81.7,5,30.5,0,0,4.3,2.01,2.48,0,0,1,0,0,0,1,0,1,0,0
19.7,0,44711.0,1,3.4,78.0,2,15.6,0,0,7.0,1.85,2.11,0,0,0,0,0,0,1,0,0,0,0
18.8,0,25000.0,1,3.82,79.6,1,37.2,0,1,5.5,3.28,2.98,0,0,0,1,0,0,0,0,1,0,0
21.6,0,38391.0,1,4.19,89.9,0,43.2,0,0,5.4,3.04,3.16,0,1,0,0,0,0,1,0,1,0,0
17.1,1,25000.0,0,4.19,85.1,2,5.0,0,0,6.6,4.0,4.0,0,0,1,0,1,0,0,0,1,0,0
20.4,0,66299.0,1,3.87,91.8,2,12.3,1,0,7.3,1.81,1.52,1,0,1,0,0,0,1,0,0,0,0
21.5,0,40916.0,1,4.02,88.5,1,24.5,0,0,4.2,3.47,3.49,0,1,0,0,0,0,1,0,0,1,0
20.4,0,25000.0,0,2.89,93.5,4,20.8,1,0,5.3,1.87,1.85,1,1,0,0,0,1,0,0,0,1,0
17.6,1,31206.0,1,4.25,87.1,3,10.7,0,1,5.3,3.11,2.47,0,1,0,0,0,0,0,0,0,0,0
24.5,1,25000.0,1,1.96,72.9,0,34.6,0,0,3.8,4.0,4.0,0,0,1,0,0,1,0,0,1,0,0
21.2,1,73311.0,1,2.69,69.2,1,44.9,0,0,6.0,2.46,2.27,0,0,0,1,0,0,1,0,0,0,0
24.1,1,78726.0,1,2.65,87.2,1,27.7,1,0,4.5,2.33,2.21,0,0,0,1,0,0,1,0,0,0,0
20.4,1,45149.0,1,3.26,86.8,1,10.1,1,0,5.5,3.24,3.47,0,1,0,0,0,0,0,1,0,0,0
19.1,0,75659.0,1,4.38,77.1,1,32.5,1,1,6.7,2.59,2.79,0,1,0,0,1,0,0,0,0,1,0
21.6,1,32568.0,1,4.23,84.0,3,16.7,0,1,6.0,2.0,1.85,0,0,0,1,1,0,0,0,0,0,0
20.5,1,29740.5,0,4.0,63.400000000000006,2,17.9,0,0,5.5,3.59,3.53,0,1,0,0,1,0,0,0,0,0,0
18.4,1,61997.0,1,5.05,78.1,1,41.5,0,0,5.9,0.74,0.99,1,1,0,0,0,0,0,1,0,0,0
24.2,1,29630.0,1,4.23,70.5,2,44.4,1,1,5.7,2.84,2.98,0,0,0,0,0,0,1,0,0,1,0
19.6,0,31029.0,1,2.69,82.4,2,26.5,1,1,4.5,3.27,3.4,0,1,0,0,0,0,1,0,0,0,0
17.0,1,52062.0,1,4.04,77.9,3,38.8,0,0,3.9,1.21,1.14,1,0,1,0,0,0,0,1,1,0,0
23.9,1,29740.5,0,4.0,85.0,1,17.1,1,0,5.5,3.25,3.29,0,0,0,0,1,0,0,0,1,0,0
19.9,0,25000.0,1,3.56,68.0,4,36.3,0,0,3.0,1.68,1.82,0,0,1,0,0,0,0,0,0,1,0
19.7,0,25000.0,1,4.52,86.8,3,25.4,0,0,3.6,4.0,3.28,0,0,1,0,0,0,0,1,1,0,0
17.1,1,26761.0,1,3.78,77.9,4,14.1,0,0,3.2,2.72,2.54,1,0,0,0,0,0,1,0,0,0,0
24.8,0,29740.5,1,4.0,73.5,1,19.1,0,1,5.5,2.85,3.39,0,0,0,0,0,0,1,0,0,1,0
18.2,0,25000.0,1,4.01,78.5,2,34.9,1,0,4.6,1.15,0.8,1,1,0,0,1,0,0,0,0,0,0
21.1,0,25000.0,1,2.03,69.2,0,12.2,0,1,7.4,2.16,2.23,0,1,0,0,0,0,0,0,1,0,0
23.0,1,25000.0,1,3.49,79.7,1,26.6,1,0,6.6,3.06,2.88,0,0,0,0,0,0,0,1,0,0,0
21.9,0,29740.5,1,4.0,83.0,1,42.8,1,1,5.5,0.91,0.85,0,0,0,0,0,0,1,0,0,1,0
20.9,1,55415.0,1,4.59,82.6,0,24.1,0,1,4.4,1.95,1.83,0,0,0,1,0,1,0,0,0,1,0
17.3,1,40346.0,1,2.61,85.7,6,11.5,1,0,1.9,3.19,2.92,0,1,0,0,0,1,0,0,0,1,0
19.2,1,43456.0,1,3.4,77.5,3,26.7,0,0,4.4,2.02,2.38,0,0,0,1,1,0,0,0,0,0,0
21.4,1,44076.0,0,4.27,88.2,1,38.1,0,0,7.5,1.83,1.89,1,1,0,0,0,0,0,1,0,0,0
19.3,0,25000.0,0,3.32,84.1,4,14.4,1,1,4.8,3.31,3.94,0,1,0,0,0,1,0,0,0,0,0
21.4,0,29915.0,1,3.56,88.5,1,44.2,1,0,5.5,0.64,0.77,0,1,0,0,0,0,1,0,1,0,0
22.5,1,25000.0,1,4.32,95.3,2,39.2,1,1,5.1,3.71,3.73,0,0,1,0,0,1,0,0,1,0,0
23.1,1,40356.0,1,6.38,69.6,2,34.2,1,0,6.8,3.03,3.11,0,1,0,0,0,1,0,0,1,0,0
18.3,1,25000.0,1,4.4,78.9,1,36.9,1,1,7.0,2.75,3.06,0,0,1,0,0,1,0,0,1,0,0
25.8,0,26682.0,1,4.9,75.9,0,31.5,0,0,2.7,3.09,2.72,0,0,0,1,0,0,1,0,0,1,0
22.7,0,41302.0,1,2.85,99.1,2,34.0,1,0,1.1,3.9,3.7,0,0,0,0,0,0,0,1,0,0,0
21.0,0,25000.0,1,2.38,86.8,2,30.9,1,0,6.7,2.16,2.08,0,0,0,1,0,0,0,1,1,0,0
23.4,0,52946.0,1,2.86,84.3,3,40.6,1,0,5.1,2.32,2.33,1,0,0,1,0,0,1,0,0,0,0
26.2,0,40295.0,1,3.77,91.6,3,45.5,0,1,6.7,1.85,1.81,0,0,0,1,1,0,0,0,0,0,0
17.8,0,37365.0,1,4.29,82.1,2,20.2,0,0,5.0,4.0,3.64,0,0,1,0,1,0,0,0,0,1,0
20.5,1,45198.0,1,4.62,85.7,1,21.6,0,1,6.4,2.13,1.85,0,0,1,0,0,0,0,0,1,0,0
17.0,0,25000.0,0,5.16,78.4,4,25.3,0,1,5.3,2.0,1.91,1,0,0,0,0,0,1,0,0,0,0
21.4,0,29740.5,1,4.0,71.1,4,22.7,1,1,5.5,0.88,0.85,1,0,0,0,0,0,1,0,1,0,0
21.8,0,29912.0,1,1.3,89.2,0,43.6,1,0,4.8,1.78,2.04,0,1,0,0,0,0,1,0,1,0,0
20.9,0,29510.0,1,2.72,74.3,1,12.0,1,0,5.2,0.6,0.58,1,0,0,1,0,0,0,0,1,0,0
19.6,0,25000.0,1,6.16,88.0,3,36.5,0,0,6.6,3.46,3.46,0,1,0,0,0,0,0,1,0,0,0
17.0,0,25000.0,1,4.45,90.7,1,46.6,0,0,5.2,2.9,3.09,0,1,0,0,0,0,0,0,1,0,0
21.8,0,25000.0,1,3.86,64.0,0,23.1,1,0,3.6,1.06,1.5,1,0,1,0,0,0,0,0,1,0,0
24.2,1,25000.0,1,1.1,90.4,0,47.7,0,0,8.5,0.03,0.17,1,0,0,1,0,1,0,0,0,0,0
19.7,1,25000.0,1,2.32,84.0,3,43.9,0,0,6.1,1.28,1.52,0,0,0,0,1,0,0,0,0,1,0
22.0,0,49575.0,1,5.15,74.2,1,25.8,0,0,7.9,2.17,2.62,0,0,1,0,1,0,0,0,1,0,0
17.6,1,29740.5,0,4.0,53.1,0,39.8,1,0,5.5,2.52,2.28,0,0,0,0,0,1,0,0,1,0,0
22.0,0,26825.0,1,4.71,81.4,1,20.1,1,1,5.0,2.64,3.05,0,1,0,0,0,0,1,0,1,0,0
20.1,0,59862.0,1,3.48,80.6,4,16.8,1,1,5.8,0.19,0.39,1,0,0,1,0,1,0,0,0,0,0
19.3,0,51302.0,1,6.84,90.7,1,24.4,0,0,6.7,2.83,2.33,0,0,0,1,0,0,1,0,0,0,0
19.3,0,61684.0,1,3.94,82.5,1,46.2,0,1,2.1,2.96,2.73,0,0,0,0,1,0,0,0,0,1,0
20.1,1,25000.0,1,2.06,73.3,1,24.5,0,0,2.2,2.66,2.47,0,0,0,0,1,0,0,0,1,0,0
21.8,0,47599.0,1,4.75,69.6,1,30.5,1,0,4.3,2.03,2.06,0,1,0,0,0,0,0,1,0,1,0
18.1,0,25000.0,0,4.1,83.2,1,17.9,0,0,6.5,2.94,3.01,0,0,1,0,0,1,0,0,0,0,0
20.1,1,25197.0,1,3.19,82.0,1,40.4,0,0,4.3,3.78,4.0,0,1,0,0,0,1,0,0,0,1,0
20.9,1,26661.0,1,4.26,92.6,4,40.0,1,0,5.3,1.34,1.85,0,0,0,1,0,1,0,0,0,0,0
18.6,0,25000.0,1,5.36,78.1,1,21.5,1,0,5.6,2.37,2.39,1,0,0,0,1,0,0,0,0,0,0
25.0,0,25000.0,1,3.69,85.3,1,5.0,0,1,4.0,2.92,2.92,0,0,1,0,0,0,0,1,0,0,0
19.1,0,25000.0,1,2.76,80.9,0,25.7,0,0,8.1,2.26,2.22,1,0,1,0,0,0,0,0,0,0,0
19.5,0,25000.0,1,4.27,60.4,0,35.3,0,0,4.1,2.35,2.17,0,0,0,0,0,0,0,0,1,0,0
18.8,1,49704.0,1,3.17,87.7,1,29.8,0,0,1.8,3.47,3.39,0,1,0,0,0,0,1,0,1,0,0
25.0,1,26650.0,0,4.43,78.6,2,31.0,0,0,3.7,4.0,3.72,0,1,0,0,1,0,0,0,0,0,0
22.2,1,33552.0,0,5.65,87.3,2,34.2,0,0,4.0,3.98,4.0,0,0,0,0,1,0,0,0,0,0,0
18.9,0,32803.0,1,2.52,83.4,1,23.9,1,0,5.8,2.24,1.97,1,0,0,0,0,0,0,1,1,0,0
23.4,1,30725.0,1,1.6,74.1,3,14.9,0,1,5.9,1.09,0.73,0,0,0,1,0,0,0,1,1,0,0
21.4,0,31435.0,1,6.98,80.6,2,38.9,0,0,6.6,3.06,2.56,0,0,0,1,0,0,0,1,1,0,0
21.6,0,25000.0,1,4.17,81.7,2,19.4,1,1,8.9,2.32,2.95,0,0,0,1,0,0,0,0,1,0,0
20.2,0,69636.0,1,2.38,83.5,3,15.6,1,1,5.6,2.89,3.59,0,0,1,0,1,0,0,0,0,0,0
19.4,1,46932.0,1,2.7,86.1,2,36.0,0,1,7.0,3.41,3.56,1,1,0,0,0,0,0,0,1,0,0
21.7,0,30062.0,1,3.38,82.2,3,16.7,0,0,4.7,2.67,2.39,0,0,1,0,0,0,0,0,1,0,0
19.8,1,25000.0,0,4.39,96.0,4,20.2,1,0,6.0,0.94,0.14,1,0,0,1,0,0,0,1,1,0,0
25.0,1,27687.0,1,0.86,88.7,4,49.0,0,0,4.9,2.72,2.68,0,0,0,0,1,0,0,0,1,0,0
18.2,1,38199.0,1,4.91,90.0,0,49.1,0,1,5.2,3.01,2.97,0,0,0,1,0,0,0,1,0,0,0
24.4,0,73128.0,1,3.11,88.6,1,44.3,0,1,5.8,2.88,2.41,0,0,1,0,0,0,0,1,0,0,0
20.8,1,25000.0,0,5.93,82.6,1,39.1,0,0,7.3,2.4,2.38,0,0,1,0,0,0,0,0,0,0,0
21.7,0,44173.0,1,4.5,87.9,2,43.9,0,1,5.4,4.0,3.53,0,1,0,0,1,0,0,0,0,0,0
22.8,1,58456.0,1,5.16,92.0,3,53.6,1,0,5.4,4.0,4.0,0,0,1,0,0,0,0,0,0,1,0
19.6,1,25000.0,1,3.7,83.0,2,43.1,1,0,6.1,4.0,3.87,0,1,0,0,0,0,0,0,1,0,0
22.9,1,26670.0,1,4.32,90.4,2,33.0,1,1,7.1,1.97,2.47,0,0,0,1,0,0,0,0,0,0,0
17.0,0,25000.0,0,5.8,71.6,1,40.5,1,0,3.0,2.14,1.92,0,1,0,0,0,1,0,0,0,0,0
19.4,0,38496.0,0,2.89,90.8,0,24.4,1,0,5.9,1.48,1.03,0,0,0,1,0,0,0,0,1,0,0
19.0,0,25000.0,1,4.57,75.8,0,31.8,1,0,3.1,2.7,2.22,0,0,0,1,0,1,0,0,0,0,0
18.2,0,27499.0,1,4.7,71.6,4,32.3,0,0,7.9,1.23,0.96,1,0,0,1,0,0,0,1,0,0,0
20.5,0,25000.0,1,5.77,79.8,3,28.3,0,1,6.1,2.51,2.62,0,1,0,0,1,0,0,0,0,1,0
21.8,1,45803.0,0,3.17,83.7,2,26.2,0,1,7.7,0.76,0.56,1,0,0,0,0,0,0,0,1,0,0
22.5,0,34113.0,1,2.9,84.7,2,45.5,1,1,2.5,0.75,0.29,0,0,0,1,0,0,1,0,1,0,0
21.5,0,34151.0,1,5.55,92.3,2,18.6,1,1,5.2,2.78,3.3,1,0,0,0,0,0,1,0,0,0,0
19.5,1,32741.0,1,3.71,77.5,1,31.8,1,1,7.1,1.37,1.75,0,0,1,0,0,0,1,0,1,0,0
21.8,0,41919.0,1,2.83,95.2,1,14.5,1,1,8.0,2.75,2.97,0,1,0,0,0,0,0,0,0,0,0
21.3,0,25408.0,1,3.36,95.2,0,5.9,1,0,6.1,1.98,1.58,0,1,0,0,0,0,0,1,0,0,0
23.1,0,82493.0,1,2.2,83.8,0,44.3,1,0,4.7,3.88,3.9,0,0,0,1,1,0,0,0,1,0,0
22.7,0,25000.0,1,3.96,75.4,1,45.4,0,1,5.0,1.4,1.59,0,0,1,0,1,0,0,0,0,0,0
21.1,1,25000.0,0,0.5,100.0,4,24.2,1,1,3.6,3.36,3.07,0,0,0,0,1,0,0,0,0,0,0
19.0,0,25000.0,1,4.35,95.8,0,30.6,1,0,8.1,2.73,2.76,0,0,1,0,0,0,0,0,0,0,1
19.6,1,25000.0,1,2.0,83.5,0,26.5,1,0,6.7,1.32,1.52,0,0,0,1,0,1,0,0,0,0,1
19.8,0,44529.0,1,5.65,71.1,4,26.5,0,0,5.2,3.36,2.95,0,0,1,0,0,0,1,0,0,1,0
20.3,0,41391.0,1,3.08,87.0,2,24.1,1,1,6.5,3.06,2.93,0,0,1,0,0,0,0,0,0,1,0
21.6,0,29740.5,1,4.0,62.3,1,35.5,1,0,5.5,2.32,2.16,0,0,1,0,0,1,0,0,0,1,0
22.6,1,25000.0,1,4.05,89.0,0,25.4,1,1,5.0,2.78,2.91,0,0,1,0,1,0,0,0,0,0,0
20.9,1,46503.0,1,4.51,83.8,3,35.0,0,0,4.1,3.74,3.54,0,0,1,0,0,0,0,0,1,0,0
21.0,1,30764.0,1,4.05,69.2,2,50.0,0,0,4.2,2.7,2.31,0,0,1,0,1,0,0,0,0,1,0
21.3,1,32858.0,1,1.89,72.6,0,34.7,1,0,6.2,0.0,0.1,1,0,0,0,0,0,1,0,0,0,0
19.9,0,43277.0,1,4.15,75.9,2,31.5,0,1,7.4,2.34,2.45,0,0,1,0,0,0,1,0,0,0,0
19.0,0,29740.5,1,4.0,80.1,4,23.1,0,0,5.5,2.04,1.54,0,0,0,1,0,0,0,1,0,0,0
17.1,0,140414.0,1,3.85,76.8,3,29.8,1,0,4.1,2.69,2.98,0,0,0,0,0,0,1,0,0,1,0
19.5,0,66113.0,0,4.75,63.8,0,10.0,1,1,7.2,1.73,2.0,1,0,0,1,0,0,1,0,1,0,0
22.0,1,29740.5,1,4.0,80.4,0,48.5,0,1,5.5,2.36,3.02,0,1,0,0,0,0,1,0,0,1,0
19.5,1,25000.0,1,2.53,79.9,1,18.5,0,0,1.5,3.14,3.16,0,0,1,0,0,0,1,0,0,1,0
20.5,1,28205.0,1,4.8,94.7,2,7.0,0,0,4.2,3.51,3.5,0,1,0,0,0,1,0,0,0,1,0
22.0,0,33168.0,1,1.47,94.1,3,28.7,1,0,6.3,3.51,3.58,0,0,0,1,0,1,0,0,0,1,0
22.1,0,56352.0,1,4.37,71.5,2,34.3,0,0,4.1,4.0,4.0,0,0,0,1,0,0,1,0,0,0,0
18.6,0,25000.0,1,2.42,85.1,0,45.9,1,1,5.6,2.45,2.63,0,1,0,0,1,0,0,0,0,0,0
23.2,1,35288.0,1,5.82,88.3,2,32.9,1,0,3.3,4.0,3.94,0,0,0,1,0,1,0,0,0,1,0
23.5,1,25000.0,1,2.11,81.0,3,41.1,0,1,4.8,2.69,2.96,0,0,1,0,0,1,0,0,0,1,0
18.5,0,38631.0,1,2.14,83.4,2,41.2,0,1,3.5,3.12,2.95,0,0,1,0,1,0,0,0,1,0,0
19.2,1,27875.0,1,7.03,90.8,0,40.0,0,1,3.3,4.0,4.0,0,0,0,0,0,0,0,1,0,1,0
23.6,0,95036.0,1,5.64,84.3,1,16.4,1,0,4.1,3.57,3.55,0,0,0,1,0,0,0,1,0,0,1
20.7,1,25000.0,1,2.95,87.4,1,36.1,0,0,7.1,1.08,1.16,1,1,0,0,0,0,1,0,0,1,0
17.0,1,67668.0,1,2.39,93.3,1,13.4,1,1,6.3,2.42,2.44,0,0,0,1,1,0,0,0,0,1,0
17.9,0,25000.0,0,2.8,78.4,1,53.9,0,0,9.2,0.4,0.59,1,0,0,0,0,1,0,0,0,0,0
20.5,1,25000.0,1,4.47,88.4,1,38.4,1,0,4.4,2.63,2.74,0,0,0,0,1,0,0,0,1,0,0
18.4,0,25000.0,1,4.37,78.4,2,22.5,0,1,7.3,0.73,1.05,0,0,1,0,0,0,1,0,1,0,0
20.1,0,34552.0,1,3.48,90.6,2,34.5,1,1,8.8,1.65,1.23,0,0,0,1,0,1,0,0,0,0,0
21.1,0,25000.0,1,6.23,77.0,2,17.9,0,1,7.5,0.11,0.0,1,0,1,0,0,1,0,0,1,0,0
24.2,0,25000.0,1,2.98,85.5,1,11.3,0,0,7.5,2.17,2.32,0,0,0,1,0,0,0,0,1,0,0
20.4,0,33579.0,1,1.54,80.2,1,40.5,1,0,5.7,2.33,2.39,1,0,0,0,0,1,0,0,0,0,0
23.4,1,38990.0,1,7.47,86.7,0,18.2,0,0,5.9,4.0,3.82,1,1,0,0,0,0,1,0,0,0,0
24.1,0,30452.0,1,5.19,75.2,1,27.8,1,1,3.8,1.53,2.02,0,0,0,0,1,0,0,0,0,0,0
24.2,0,26975.0,1,3.73,79.8,3,32.5,0,0,1.0,3.33,3.36,0,0,0,1,0,0,0,1,0,0,0
21.6,1,89085.0,1,4.27,81.6,3,27.8,0,0,5.9,2.07,2.64,1,0,0,1,0,1,0,0,0,0,0
17.0,0,32451.0,1,4.16,73.4,4,17.7,0,0,3.8,1.93,2.75,0,0,0,1,1,0,0,0,0,0,0
22.0,0,48214.0,1,1.89,77.1,3,30.7,1,1,4.7,2.12,1.97,0,0,0,0,0,0,0,1,1,0,0
23.3,0,32395.0,1,3.98,68.9,0,31.8,1,0,4.0,3.13,3.19,0,1,0,0,0,0,0,1,1,0,0
20.8,0,25000.0,1,4.56,85.0,2,40.5,1,0,6.1,2.81,3.04,0,0,0,0,0,0,0,1,1,0,0
24.8,1,41354.0,1,4.5,88.4,1,59.3,1,0,5.1,2.25,2.18,1,0,0,0,0,0,0,1,0,0,0
22.9,1,25000.0,0,0.9,70.9,0,6.3,1,0,7.8,1.57,1.74,1,1,0,0,0,1,0,0,0,0,1
22.3,1,28153.0,1,4.24,72.6,4,20.4,1,0,4.2,1.85,1.68,0,0,0,1,1,0,0,0,0,1,0
23.4,1,35712.0,1,4.6,74.3,2,32.7,0,1,5.8,2.8,2.45,0,0,0,0,0,0,0,0,0,0,0
21.7,0,25000.0,1,3.93,71.8,2,42.1,0,0,5.2,3.6,3.77,0,0,1,0,0,0,0,0,1,0,0
17.0,0,25000.0,1,2.42,85.2,1,34.2,0,1,5.0,3.71,3.96,0,1,0,0,0,1,0,0,1,0,0
19.9,1,51312.0,0,5.7,76.5,5,43.5,0,1,5.4,3.76,3.73,0,0,0,0,0,0,0,1,1,0,0
23.6,0,25000.0,1,3.96,84.0,1,12.2,1,1,8.2,0.71,0.68,1,0,1,0,0,0,0,0,0,0,0
19.2,0,25000.0,1,3.72,76.0,0,26.2,0,1,7.0,1.57,1.59,0,0,0,0,0,0,0,0,1,0,0
20.5,0,29740.5,1,4.0,79.3,0,47.5,0,1,5.5,2.23,2.53,0,0,0,0,0,1,0,0,1,0,0
18.7,0,25000.0,1,2.1,90.3,2,19.7,1,0,4.4,4.0,3.99,0,0,0,1,0,0,0,0,0,0,0
24.9,0,38199.0,1,6.54,72.8,1,5.0,0,0,4.1,1.89,1.93,1,0,0,0,0,1,0,0,0,0,0
24.7,1,28834.0,1,5.47,77.5,2,20.2,0,1,5.7,1.6,1.41,0,0,0,1,1,0,0,0,0,1,0
19.1,1,33495.0,1,3.1,85.3,1,35.2,0,0,2.8,3.34,3.4,0,0,0,0,0,0,0,1,0,0,0
21.3,0,25000.0,1,1.5,79.5,5,29.2,0,0,5.1,0.63,1.27,0,0,1,0,0,0,0,1,0,0,0
19.5,1,33395.0,1,4.69,83.5,0,14.6,0,0,6.2,2.88,2.83,0,0,0,1,1,0,0,0,0,0,1
22.4,0,57702.0,1,4.97,82.0,0,21.3,0,0,4.2,2.95,2.74,0,0,0,1,1,0,0,0,0,1,0
22.1,0,25000.0,1,4.08,69.9,1,14.0,0,0,5.6,2.65,2.56,0,1,0,0,1,0,0,0,1,0,0
22.8,0,51492.0,1,3.56,93.2,5,15.4,0,1,6.0,2.43,2.64,0,0,1,0,1,0,0,0,0,1,0
21.7,1,28827.0,1,1.83,81.2,0,19.5,1,0,2.3,1.95,2.29,0,0,0,1,0,1,0,0,0,1,0
27.5,1,46198.0,1,4.78,94.8,2,31.3,0,0,5.9,1.37,1.66,1,0,0,0,0,0,0,1,0,1,0
18.7,1,32121.0,1,1.81,84.7,2,5.0,1,1,4.7,0.65,0.32,1,0,1,0,0,0,0,1,0,0,0
17.2,1,29143.0,1,4.36,92.5,1,46.4,0,0,8.8,1.82,2.02,0,0,0,1,0,1,0,0,1,0,0
20.1,1,36675.0,1,4.94,90.2,1,28.8,0,0,5.9,2.52,2.39,0,0,0,1,0,1,0,0,0,0,0
17.6,0,61584.0,1,3.6,91.8,1,16.7,0,1,3.8,3.45,3.2,0,1,0,0,0,0,1,0,0,1,0
17.7,1,29740.5,1,4.0,65.2,2,18.3,0,0,5.5,2.74,3.08,0,0,1,0,0,0,1,0,0,0,0
18.8,1,39621.0,1,0.72,96.3,3,22.4,1,1,5.4,2.07,2.22,0,0,0,1,0,0,1,0,0,0,0
19.0,1,25000.0,1,2.79,78.2,1,30.1,1,1,7.9,0.27,0.02,1,1,0,0,0,1,0,0,1,0,0
18.9,0,76308.0,1,3.38,84.9,0,31.8,0,0,4.4,1.45,0.89,0,0,1,0,0,0,1,0,0,0,0
22.1,1,43661.0,1,1.9,88.9,2,27.7,0,0,6.1,3.74,3.77,1,0,0,1,0,0,1,0,0,0,0
19.9,1,31152.0,1,5.67,100.0,1,20.9,0,0,6.8,2.68,2.32,0,0,0,1,0,1,0,0,0,0,0
20.6,0,27623.0,1,2.99,90.8,0,29.9,0,0,6.7,3.4,3.47,0,0,1,0,1,0,0,0,0,0,0
23.0,1,53463.0,1,3.4,77.8,3,5.1,0,1,5.5,0.74,0.49,1,1,0,0,0,0,0,1,0,0,0
19.3,0,25000.0,1,6.32,84.2,1,15.4,0,1,4.3,3.07,2.75,0,0,0,0,1,0,0,0,1,0,0
20.4,0,25000.0,1,5.33,71.2,1,21.9,0,0,5.0,1.88,2.35,0,0,0,1,1,0,0,0,1,0,0
21.8,0,29740.5,1,4.0,93.8,2,13.9,1,1,5.5,4.0,3.97,0,0,1,0,0,0,1,0,0,1,0
17.0,0,29740.5,1,4.0,57.0,0,27.4,0,0,5.5,1.5,1.32,0,0,0,0,0,0,0,1,0,0,0
17.0,1,77249.0,1,4.9,80.6,1,13.9,1,1,7.3,3.39,3.35,0,1,0,0,0,0,1,0,0,0,0
21.8,1,27879.0,1,2.96,99.6,2,50.6,1,0,6.1,2.03,2.63,0,1,0,0,0,0,0,1,1,0,0
22.1,1,30520.0,0,2.09,88.1,2,12.5,0,0,6.0,2.74,2.43,0,0,0,1,0,0,0,1,0,1,0
25.5,1,40608.0,1,5.04,85.9,1,48.1,0,1,4.2,2.61,2.46,0,0,1,0,0,1,0,0,0,1,0
21.3,1,25372.0,1,3.29,72.5,3,5.9,0,0,7.7,3.02,3.06,0,0,0,1,0,1,0,0,0,0,0
22.8,1,40532.0,1,0.95,92.6,2,54.1,1,0,5.1,0.67,0.56,1,1,0,0,0,0,0,1,0,0,0
20.6,0,28247.0,1,4.57,74.7,3,37.0,0,0,5.7,2.83,2.86,0,0,0,1,0,0,0,1,1,0,0
21.7,0,54547.0,1,4.3,74.8,1,39.5,0,0,7.6,0.82,1.07,1,0,1,0,0,1,0,0,0,0,1
24.7,1,45880.0,1,2.31,92.6,1,13.6,0,1,4.2,3.25,3.5,0,0,0,1,0,0,0,1,0,0,0
17.0,1,48346.0,1,5.82,74.4,4,26.1,1,0,4.4,2.67,2.46,0,0,1,0,0,1,0,0,0,1,0
21.9,1,29740.5,1,4.0,70.3,2,26.9,0,0,5.5,2.67,2.66,0,0,0,1,0,0,0,0,0,0,0
25.7,1,94425.0,1,6.9,74.3,2,28.8,0,0,7.0,2.6,3.12,0,0,0,0,0,0,0,1,0,0,0
21.6,0,39749.0,1,5.71,83.5,0,45.3,0,0,6.1,1.74,1.87,0,0,0,0,1,0,0,0,0,0,0
24.6,1,34488.0,0,5.31,78.0,0,38.3,1,1,1.6,1.45,1.43,1,1,0,0,1,0,0,0,0,1,0
19.6,1,25000.0,1,3.21,96.5,1,28.0,1,1,7.8,2.34,2.51,0,1,0,0,0,0,0,0,1,0,0
20.9,0,28050.0,1,4.23,82.3,3,42.0,1,0,4.4,2.65,2.82,0,1,0,0,0,0,0,0,0,0,0
21.1,0,31845.0,1,4.35,72.1,0,44.2,0,0,4.5,2.83,3.23,0,0,0,0,0,0,1,0,1,0,0
17.0,0,25000.0,1,3.62,67.1,3,23.2,0,0,5.1,0.79,0.54,0,0,0,0,0,1,0,0,0,0,0
18.4,0,25000.0,1,4.02,89.2,1,22.8,0,0,3.3,2.34,2.11,0,1,0,0,0,0,1,0,1,0,0
18.6,1,26917.0,1,6.25,84.4,1,55.9,0,0,7.7,2.77,3.35,0,0,0,1,1,0,0,0,0,0,0
22.8,1,30747.0,1,3.09,86.9,3,27.1,1,1,5.8,1.21,1.21,0,0,0,0,0,0,0,1,0,0,0
22.9,1,25000.0,1,4.59,78.6,1,22.3,1,0,6.8,3.59,3.25,0,0,1,0,0,1,0,0,0,0,0
21.7,1,27415.0,1,3.27,83.2,4,28.1,1,0,4.1,2.04,2.14,0,0,1,0,0,0,0,0,1,0,0
22.8,0,25000.0,1,1.95,91.5,2,42.9,1,0,7.3,1.13,0.83,0,0,0,1,0,0,0,0,0,0,0
20.6,0,29362.0,0,5.38,82.0,1,38.6,0,1,8.1,3.04,2.7,1,0,0,0,0,0,0,1,0,0,0
23.6,1,55335.0,1,4.53,72.8,4,28.5,1,1,3.2,3.89,3.55,0,0,0,0,0,0,0,0,0,0,0
21.0,1,101868.0,1,5.28,87.8,7,37.3,0,1,3.5,4.0,4.0,0,1,0,0,1,0,0,0,0,0,0
21.1,1,44669.0,1,2.75,79.2,1,33.0,1,0,4.1,2.9,3.14,0,0,1,0,0,0,0,0,1,0,0
20.4,0,25000.0,1,3.19,89.7,1,28.3,0,1,7.2,3.08,3.2,0,1,0,0,0,0,0,0,1,0,0
22.5,1,25000.0,1,4.51,82.2,1,26.4,0,0,5.8,2.36,2.35,0,0,1,0,0,0,0,0,0,0,0
20.1,1,42514.0,1,5.01,88.9,1,31.8,1,1,5.4,3.71,4.0,0,1,0,0,1,0,0,0,1,0,0
23.1,0,39734.0,1,5.55,86.1,2,25.0,0,1,6.2,1.17,0.95,0,1,0,0,0,0,1,0,0,1,0
18.5,1,53766.0,0,3.87,92.4,2,30.8,1,0,9.0,1.05,1.04,1,1,0,0,0,0,0,1,0,0,1
18.6,1,28046.0,1,4.65,89.7,2,29.4,0,0,2.4,3.58,3.36,0,0,0,0,1,0,0,0,1,0,0
22.5,1,29740.5,1,4.0,71.6,3,12.6,0,1,5.5,2.42,2.04,0,1,0,0,0,1,0,0,0,1,0
20.8,1,29740.5,1,4.0,67.0,2,23.6,0,1,5.5,4.0,4.0,0,0,0,1,1,0,0,0,0,0,0
20.0,1,30798.0,0,4.37,81.4,3,26.9,0,0,6.4,1.98,1.79,0,0,1,0,0,0,1,0,0,1,0
23.0,1,25000.0,1,3.81,86.8,2,52.3,1,1,7.5,0.87,0.97,1,0,0,0,0,0,0,1,0,0,0
19.7,0,72047.0,1,4.27,76.2,3,28.1,1,0,4.9,4.0,3.99,0,1,0,0,0,0,0,0,0,0,0
20.6,0,25000.0,1,5.8,85.6,3,33.3,1,0,6.7,1.76,1.79,1,0,1,0,0,0,1,0,0,1,0
24.1,0,25000.0,1,3.23,85.2,2,55.8,1,0,2.7,2.91,3.07,0,1,0,0,0,0,0,1,0,0,0
24.4,0,47176.0,1,2.9,81.4,2,11.0,0,1,6.4,2.23,2.36,0,0,0,1,0,0,1,0,0,0,1
24.5,1,51350.0,1,5.14,76.9,2,11.6,0,1,9.9,1.57,1.53,0,1,0,0,0,0,1,0,1,0,0
20.4,0,38117.0,1,5.96,73.8,2,20.7,0,0,4.8,2.09,2.57,0,1,0,0,0,0,0,0,0,0,0
23.7,1,25000.0,1,2.1,100.0,0,26.0,0,1,6.3,3.2,3.22,0,1,0,0,0,0,0,1,0,1,0
18.9,1,28701.0,1,3.56,65.0,1,27.2,0,0,4.4,0.68,1.42,0,0,0,1,0,0,0,0,1,0,0
19.0,1,25162.0,1,4.41,72.1,1,23.9,0,0,5.8,2.14,1.47,0,0,0,1,0,0,1,0,0,1,0
17.0,1,25000.0,1,4.06,100.0,1,15.2,1,1,7.5,3.72,3.28,0,0,1,0,0,0,0,0,0,1,0
24.7,0,69372.0,0,4.18,73.7,4,41.7,0,0,6.6,2.27,1.59,0,0,0,0,1,0,0,0,1,0,0
19.1,1,25000.0,1,4.09,77.5,2,24.6,1,0,5.3,1.83,2.17,0,0,0,1,0,0,0,0,1,0,0
20.7,1,35942.0,1,3.05,87.4,1,44.2,0,0,5.3,3.1,2.98,0,0,0,1,0,0,0,1,0,0,0
19.0,1,60866.0,1,0.67,85.8,1,17.8,0,0,3.3,2.71,3.13,0,0,0,0,1,0,0,0,0,0,0
22.5,1,37379.0,1,3.97,85.5,2,53.5,0,1,7.3,1.23,1.88,0,0,1,0,0,1,0,0,0,0,0
20.2,1,62609.0,1,3.7,94.0,2,10.0,1,1,6.8,1.58,1.57,0,1,0,0,0,0,0,1,1,0,0
18.1,1,41699.0,1,2.06,74.3,0,29.8,0,1,3.2,1.89,1.61,0,0,1,0,0,0,0,0,0,0,0
22.0,1,38469.0,1,3.12,83.4,4,18.0,1,0,5.8,2.49,2.9,0,0,0,0,0,0,0,0,0,1,0
17.8,0,37053.0,1,5.16,81.6,3,30.4,0,1,3.8,3.42,3.45,0,0,0,0,0,0,0,0,0,0,0
19.2,1,42962.0,1,3.74,75.0,1,18.2,0,0,4.7,2.03,2.49,0,1,0,0,1,0,0,0,0,0,0
17.0,1,25000.0,1,4.24,82.8,1,5.0,0,0,7.0,1.49,1.34,0,1,0,0,1,0,0,0,0,0,0
17.9,0,25000.0,0,2.61,86.5,2,20.6,1,0,7.3,2.23,2.1,0,1,0,0,0,1,0,0,0,1,0
21.4,0,52703.0,0,4.77,86.7,2,49.2,0,0,6.8,2.75,2.11,0,1,0,0,0,0,1,0,1,0,0
17.0,1,59697.0,1,6.89,90.6,2,18.0,0,0,5.0,1.72,1.56,0,0,1,0,0,0,0,1,0,0,0
17.7,1,34585.0,1,4.68,81.7,1,36.1,1,0,6.3,0.83,0.47,0,0,1,0,0,0,0,0,0,1,0
21.0,0,25000.0,0,4.57,73.9,1,30.1,0,1,4.1,3.99,4.0,0,0,1,0,0,0,0,1,1,0,0
19.8,1,25000.0,1,4.33,70.9,1,24.5,0,0,6.9,0.28,0.04,0,1,0,0,1,0,0,0,0,0,0
25.4,0,31303.0,0,3.14,78.3,1,54.5,1,1,5.5,2.26,1.96,0,1,0,0,0,0,0,0,0,0,0
25.0,1,25000.0,1,5.25,71.2,0,26.2,1,0,4.6,2.47,3.05,0,0,0,0,0,0,1,0,0,0,0
19.1,0,25000.0,1,3.84,76.3,2,32.0,1,1,4.2,2.68,2.62,1,1,0,0,0,1,0,0,0,0,0
22.2,0,29365.0,1,6.24,72.5,0,31.0,1,0,6.7,2.82,2.84,0,0,1,0,0,0,0,1,1,0,0
22.6,0,25000.0,1,6.32,76.8,1,48.9,1,1,5.3,2.2,2.0,1,0,1,0,0,0,1,0,0,0,0
19.7,1,36577.0,1,3.3,96.3,1,12.0,1,0,4.6,3.27,2.49,0,0,0,1,0,0,0,0,0,0,0
17.7,1,29740.5,1,4.0,81.0,3,56.9,1,0,5.5,1.75,1.66,1,0,1,0,0,0,0,1,0,0,0
21.0,1,25000.0,1,3.24,94.6,1,48.2,1,1,3.3,3.49,3.66,0,0,1,0,1,0,0,0,0,0,0
20.6,0,25000.0,0,5.51,85.3,4,34.8,0,1,5.8,2.15,2.27,1,0,0,1,0,0,0,1,1,0,0
20.0,0,25000.0,1,2.85,77.0,1,37.4,0,1,6.0,1.13,1.02,0,1,0,0,0,0,0,0,0,0,0
22.0,1,29740.5,1,4.0,66.0,0,27.3,0,0,5.5,2.95,2.89,0,1,0,0,0,0,1,0,0,0,0
19.3,0,25000.0,1,4.67,68.8,0,31.8,0,0,3.6,2.18,1.69,0,1,0,0,0,0,0,0,1,0,0
18.5,1,25000.0,1,5.0,79.4,1,35.0,1,1,2.5,2.62,2.12,0,0,0,0,1,0,0,0,1,0,0
21.2,1,25000.0,1,2.67,71.5,2,19.1,0,0,7.7,1.57,1.41,0,0,0,0,0,0,0,0,0,0,0
21.8,0,29740.5,1,4.0,86.8,2,48.2,0,0,5.5,3.91,4.0,0,1,0,0,1,0,0,0,0,1,0
18.4,1,34346.0,1,4.28,78.5,2,32.7,0,0,7.5,1.75,1.83,1,0,0,1,1,0,0,0,0,0,0
23.0,1,25000.0,1,2.52,79.6,0,31.7,0,1,8.4,0.31,0.33,1,0,0,1,0,0,0,0,0,0,0
17.1,1,38378.0,1,5.5,78.7,3,19.6,0,0,6.3,0.52,0.24,1,1,0,0,0,1,0,0,1,0,0
19.7,0,25000.0,1,6.09,89.2,2,44.0,1,0,5.4,1.77,1.96,0,0,0,1,1,0,0,0,0,0,0
20.4,0,25000.0,1,4.08,74.9,1,29.4,0,1,5.9,3.23,3.18,0,1,0,0,0,0,0,1,0,0,0
19.6,0,27780.0,1,3.83,74.4,1,23.7,0,0,4.3,2.46,2.54,0,1,0,0,0,0,0,0,0,1,0
19.8,0,44901.0,1,3.52,84.7,1,17.0,0,1,4.1,2.77,3.17,0,0,0,1,0,0,0,1,0,1,0
25.1,0,50033.0,1,7.29,90.7,4,28.1,1,0,4.7,3.39,3.87,0,1,0,0,1,0,0,0,0,0,0
19.1,1,29740.5,1,4.0,69.7,0,16.0,0,0,5.5,3.12,2.85,0,0,1,0,0,0,0,0,1,0,0
26.4,0,25000.0,0,3.07,99.5,2,34.1,0,0,2.5,3.28,3.01,0,0,0,0,0,0,0,0,0,1,0
22.0,0,27543.0,1,1.93,74.5,2,39.3,0,0,3.3,1.28,1.1,1,1,0,0,1,0,0,0,0,1,0
21.2,0,25000.0,1,3.45,64.7,1,25.3,1,0,3.2,1.23,1.01,0,0,0,1,0,0,1,0,0,0,0
22.0,0,25000.0,1,3.45,85.9,3,32.8,1,0,3.1,2.49,3.02,0,0,1,0,0,0,0,0,0,0,0
26.6,0,34103.0,1,4.33,80.8,0,44.6,1,1,6.6,3.33,3.26,0,0,0,1,0,0,0,0,0,0,0
18.8,1,25000.0,0,4.06,85.8,1,27.9,0,0,4.9,2.99,2.98,0,0,0,0,0,0,0,1,1,0,0
18.5,1,62282.0,1,5.49,88.9,1,28.7,1,0,5.2,1.85,2.14,0,0,1,0,1,0,0,0,0,0,0
19.3,0,25000.0,1,0.5,69.8,4,30.1,1,1,6.2,0.22,0.28,1,0,0,0,1,0,0,0,0,0,0
21.1,0,39808.0,1,4.7,79.7,1,24.7,0,1,7.0,3.21,3.0,0,0,1,0,0,1,0,0,0,0,1
17.2,0,25000.0,1,5.16,86.7,2,25.8,0,0,6.3,1.15,0.79,1,1,0,0,0,0,0,0,0,1,0
21.0,1,25000.0,1,1.66,84.0,2,20.8,0,1,8.4,2.25,2.44,0,0,1,0,0,1,0,0,0,0,0
24.7,1,41088.0,0,2.87,80.6,0,35.2,0,0,5.6,2.42,2.03,0,1,0,0,0,0,0,0,1,0,0
21.3,0,25000.0,1,3.37,87.9,1,29.1,0,1,5.9,1.12,1.62,0,0,0,1,0,0,0,1,0,0,0
20.4,0,25000.0,1,4.66,90.0,4,37.2,1,0,4.4,4.0,3.97,0,0,1,0,0,1,0,0,0,1,0
19.6,0,25000.0,1,3.46,65.6,1,42.3,0,0,2.1,2.8,2.69,0,0,1,0,0,0,1,0,0,1,0
23.0,1,86770.0,0,3.96,94.6,2,17.4,0,0,5.6,2.8,2.85,0,0,1,0,0,0,0,0,0,0,0
19.2,0,25000.0,1,2.98,72.2,2,20.0,1,1,7.1,2.86,2.53,1,0,0,1,0,1,0,0,1,0,0
25.1,0,30667.0,0,4.08,86.8,0,38.3,1,0,4.2,4.0,3.93,0,1,0,0,0,0,0,0,0,0,0
25.3,0,26340.0,1,3.18,79.4,2,26.9,1,0,4.6,2.64,2.15,0,1,0,0,1,0,0,0,0,1,0
21.6,1,33957.0,0,2.86,92.0,2,31.0,0,0,7.2,0.0,0.09,1,1,0,0,0,0,0,0,1,0,0
21.0,1,25000.0,1,4.18,87.8,1,31.0,1,1,5.4,3.35,3.46,0,0,1,0,1,0,0,0,0,1,0
23.3,0,26358.0,1,5.12,86.7,2,18.6,0,1,3.8,2.4,2.57,0,0,1,0,0,1,0,0,1,0,0
23.4,1,37661.0,1,4.34,83.8,1,36.1,1,1,3.8,4.0,3.98,0,0,0,1,0,0,0,0,0,0,0
19.2,0,25000.0,1,3.71,77.7,1,33.0,0,0,6.7,1.25,1.47,0,0,0,1,1,0,0,0,0,1,0
19.8,1,57159.0,1,5.31,74.1,3,17.9,0,0,5.3,2.5,2.1,0,1,0,0,1,0,0,0,0,1,0
18.1,0,60554.0,1,3.4,70.9,2,28.0,0,0,5.2,2.64,2.87,0,1,0,0,0,1,0,0,0,0,0
21.9,1,29740.5,1,4.0,77.0,4,28.7,0,1,5.5,3.35,3.35,1,0,0,0,0,0,0,1,0,0,0
22.5,1,31006.0,1,5.52,89.3,3,39.0,1,0,6.4,1.76,1.73,1,0,0,0,1,0,0,0,0,0,0
18.0,0,25000.0,1,3.44,74.0,2,44.1,0,0,7.4,2.0,1.91,1,1,0,0,1,0,0,0,0,0,0
20.0,0,38352.0,1,3.3,91.7,5,29.9,0,0,4.8,3.19,3.26,0,0,1,0,0,0,1,0,0,0,0
18.0,1,25000.0,0,4.97,73.8,2,9.8,0,0,6.2,0.4,0.06,1,1,0,0,0,1,0,0,0,0,0
19.0,1,25648.0,1,2.7,80.7,2,38.7,0,0,4.8,2.21,2.72,0,1,0,0,0,1,0,0,0,0,0
22.2,0,25000.0,1,5.56,85.6,4,56.4,1,1,6.6,1.92,1.97,0,1,0,0,1,0,0,0,0,0,0
19.4,1,39981.0,1,1.48,90.2,2,38.6,0,0,6.4,1.41,1.5,0,0,0,1,0,0,0,1,1,0,0
20.3,0,25000.0,1,4.1,79.1,1,26.7,1,1,4.8,2.01,2.23,0,0,0,0,0,0,1,0,1,0,0
17.4,1,31922.0,1,3.15,85.8,3,34.8,1,0,1.7,1.53,0.9,0,0,0,1,0,0,0,0,1,0,0
21.4,0,51164.0,1,4.44,83.7,2,39.6,0,0,4.1,4.0,4.0,0,0,1,0,0,0,0,1,0,0,1
20.9,0,25000.0,1,5.9,80.0,3,31.4,0,0,6.1,2.83,2.7,0,1,0,0,0,0,0,1,0,1,0
19.4,0,61675.0,1,2.5,73.7,1,45.8,0,1,7.1,0.67,0.89,1,1,0,0,0,0,0,0,0,0,0
20.6,1,25000.0,1,2.17,85.5,2,16.4,0,0,4.4,1.72,2.27,0,0,0,0,0,0,1,0,0,0,0
21.4,0,42628.0,1,5.5,82.2,1,25.2,0,1,7.9,2.44,2.59,0,0,0,1,0,0,0,1,0,0,0
19.2,1,25000.0,1,3.7,79.4,1,35.5,0,0,8.2,0.62,0.52,0,1,0,0,0,0,0,1,1,0,0
17.8,0,55198.0,1,3.89,82.9,0,38.4,0,0,6.8,0.0,0.03,1,0,1,0,0,1,0,0,0,1,0
25.0,1,50292.0,1,3.65,86.6,0,23.4,0,1,3.5,2.84,3.08,0,0,0,1,0,0,0,0,1,0,0
19.6,0,39380.0,1,3.53,68.6,3,24.6,0,0,6.8,1.87,1.93,0,0,0,1,0,0,0,0,0,0,0
20.8,1,25000.0,1,2.81,77.6,2,22.0,0,0,4.5,4.0,4.0,0,1,0,0,0,0,1,0,1,0,0
23.2,0,25000.0,1,3.68,74.2,0,21.1,0,0,4.4,4.0,4.0,0,1,0,0,0,1,0,0,1,0,0
28.8,1,25000.0,1,2.9,74.8,1,36.2,0,0,6.3,2.51,2.66,0,0,0,1,0,0,0,0,0,1,0
18.3,1,57883.0,1,5.3,75.7,1,29.5,0,0,6.3,2.72,3.26,0,0,0,1,1,0,0,0,0,0,0
22.0,1,32144.0,1,3.28,90.8,1,45.6,0,0,6.3,1.95,1.77,1,0,0,0,1,0,0,0,1,0,0
19.4,1,25000.0,1,5.7,84.7,3,16.9,0,0,6.7,2.38,2.26,0,0,0,1,0,1,0,0,0,0,0
19.8,1,25000.0,1,4.87,73.2,3,28.1,0,0,5.4,2.4,2.38,0,0,0,1,0,1,0,0,1,0,0
19.4,1,63063.0,0,2.7,83.5,2,38.8,1,1,2.9,4.0,4.0,0,0,0,0,0,0,1,0,1,0,0
18.5,0,29740.5,1,4.0,85.4,3,34.1,0,1,5.5,1.32,1.13,1,0,0,1,0,1,0,0,0,0,0
20.9,1,25000.0,0,3.71,79.1,0,16.8,0,1,4.8,1.69,1.86,1,0,1,0,0,0,1,0,0,0,0
17.8,0,25000.0,1,3.05,71.7,2,43.8,1,1,4.2,2.82,2.36,0,0,0,0,0,0,1,0,0,0,0
23.1,1,25000.0,1,3.04,73.3,3,31.2,0,0,3.3,3.37,3.9,0,0,0,1,0,1,0,0,0,1,0
21.1,0,25000.0,1,5.09,69.3,0,53.0,0,1,5.8,1.61,1.63,0,0,0,1,0,1,0,0,1,0,0
21.9,1,27079.0,1,4.36,99.1,4,28.4,1,1,5.6,3.06,3.26,0,0,0,0,0,0,1,0,1,0,0
20.0,0,129440.0,0,5.6,68.2,3,43.9,1,0,5.3,1.09,1.14,1,0,1,0,1,0,0,0,0,0,0
20.2,0,25000.0,1,2.61,72.0,1,25.7,0,0,8.2,0.0,0.0,1,0,0,0,1,0,0,0,0,1,0
21.6,1,26593.0,0,1.62,81.8,5,27.2,1,1,6.7,1.06,0.86,0,0,0,1,1,0,0,0,1,0,0
18.4,0,65327.0,1,3.05,67.4,1,35.9,0,0,3.7,3.25,2.8,0,1,0,0,0,0,0,1,0,0,0
20.2,1,46605.0,1,5.4,72.7,3,9.6,1,0,9.2,1.75,1.73,0,0,0,1,1,0,0,0,0,1,0
19.1,0,27194.0,0,3.18,82.9,2,5.8,0,1,2.8,3.39,3.36,0,0,0,0,0,0,0,0,0,1,0
19.0,1,27233.0,1,6.13,83.6,1,21.9,0,1,5.3,4.0,3.85,0,0,0,1,0,0,1,0,0,0,0
17.0,1,25000.0,1,3.31,85.3,1,14.4,1,0,4.2,3.3,3.77,0,0,1,0,0,0,0,0,0,1,0
23.9,1,25321.0,1,4.76,87.7,2,5.0,0,1,6.2,2.5,2.45,0,0,0,1,1,0,0,0,0,0,0
19.5,0,34409.0,1,3.97,81.7,1,38.9,0,0,6.6,3.21,3.34,0,0,0,1,1,0,0,0,0,1,0
23.6,1,57703.0,1,1.45,76.5,4,20.5,0,0,4.8,1.11,1.09,0,0,0,0,0,1,0,0,0,0,0
23.4,0,25000.0,1,3.14,85.7,4,25.9,1,0,7.4,1.92,1.99,1,0,0,0,0,0,0,0,0,0,0
18.2,0,26532.0,1,4.62,93.1,1,31.7,0,1,5.9,1.91,1.64,0,0,0,1,1,0,0,0,0,1,0
18.6,1,25000.0,1,3.94,86.9,3,36.1,1,0,8.1,2.77,2.8,0,1,0,0,0,0,1,0,0,0,0
26.6,0,34037.0,1,3.43,75.1,0,33.4,0,1,7.2,2.46,2.39,0,0,0,1,1,0,0,0,0,0,0
24.9,0,47585.0,1,3.78,86.9,1,32.4,1,0,4.7,1.43,1.23,0,0,0,1,0,1,0,0,1,0,0
20.9,0,43382.0,1,4.2,86.5,2,35.6,0,1,7.4,2.62,2.58,0,0,1,0,0,0,0,1,1,0,0
21.6,0,25000.0,1,0.5,72.1,3,24.0,1,0,4.3,2.13,2.13,0,0,1,0,0,0,0,0,0,1,0
19.6,0,32471.0,1,3.27,80.1,2,21.4,0,0,6.6,0.55,0.75,1,0,0,0,1,0,0,0,1,0,0
22.0,0,25000.0,1,2.95,86.5,0,5.0,1,0,6.4,3.26,3.32,0,0,1,0,0,0,1,0,0,0,0
19.4,1,54537.0,1,4.9,91.3,0,37.7,0,1,4.6,2.77,2.94,0,0,0,1,0,0,1,0,0,0,0
17.0,1,26990.0,1,4.99,76.8,3,21.8,0,0,1.9,2.84,3.16,0,0,0,1,0,0,0,1,0,1,0
18.1,1,25000.0,1,4.22,70.3,0,53.8,1,0,8.2,0.61,0.66,1,0,0,1,0,0,0,1,0,1,0
21.0,1,26059.0,1,4.15,86.1,2,38.9,0,0,6.3,2.01,2.41,0,0,0,1,0,0,1,0,0,0,0
18.5,1,39147.0,1,1.38,80.0,0,41.4,1,1,5.5,3.09,3.15,0,0,1,0,1,0,0,0,1,0,0
20.9,0,34420.0,1,2.82,83.9,1,38.5,0,1,5.5,2.83,3.02,0,0,0,1,1,0,0,0,0,0,0
18.6,1,25000.0,1,3.54,83.5,1,36.4,0,0,7.3,2.46,2.53,0,0,1,0,0,0,0,1,0,0,0
19.3,0,25000.0,1,3.86,83.2,2,35.7,0,1,9.4,0.43,0.17,1,0,1,0,0,0,1,0,0,1,0
22.9,0,25000.0,1,3.99,78.7,3,36.8,1,0,7.1,0.79,0.85,1,0,0,1,0,0,0,0,0,0,0
21.5,1,25000.0,0,1.47,89.3,1,32.1,1,0,6.2,3.19,3.07,0,0,0,1,1,0,0,0,1,0,0
21.0,1,25000.0,1,5.27,75.2,0,22.6,1,1,6.0,4.0,3.97,0,1,0,0,0,1,0,0,0,0,0
22.9,0,53213.0,1,2.67,84.1,3,15.9,0,1,6.2,2.77,2.56,0,0,1,0,1,0,0,0,0,1,0
22.1,0,25000.0,1,1.05,85.1,4,35.1,0,0,3.7,2.83,2.62,0,1,0,0,1,0,0,0,0,1,0
24.2,0,31996.0,1,5.02,80.4,1,45.5,0,0,6.6,2.51,2.66,0,0,0,0,0,0,0,1,0,0,0
20.0,1,30717.0,1,2.81,88.3,0,28.5,0,0,3.1,1.9,1.92,0,0,0,1,0,0,0,0,0,0,0
20.1,0,52439.0,1,4.9,78.3,3,31.8,0,1,6.3,3.4,3.24,0,0,1,0,0,1,0,0,0,0,0
18.1,1,57161.0,1,1.73,100.0,2,14.2,0,0,4.7,3.44,3.12,0,0,0,0,0,0,0,1,0,1,0
20.1,0,45143.0,1,3.47,83.9,4,24.6,1,0,7.1,1.21,1.42,1,0,0,0,1,0,0,0,1,0,0
23.1,0,36745.0,1,2.75,91.9,4,15.3,0,1,6.2,1.85,1.83,0,0,1,0,0,0,1,0,1,0,0
23.9,1,25000.0,1,4.51,89.1,1,16.1,1,0,4.9,2.51,1.85,0,0,0,0,0,0,0,0,1,0,0
23.1,1,25000.0,1,2.84,93.4,2,31.2,0,0,3.7,1.46,1.47,1,0,1,0,0,0,1,0,1,0,0
17.1,1,25000.0,1,4.51,82.7,0,29.3,0,0,8.2,1.81,2.01,0,0,1,0,0,1,0,0,1,0,0
23.4,1,46684.0,0,3.45,91.0,1,39.5,0,0,5.3,3.39,3.08,0,0,0,0,0,0,0,0,0,1,0
17.0,0,31070.0,1,3.15,93.6,4,39.2,1,1,8.6,0.79,0.9,0,0,1,0,0,0,0,1,1,0,0
23.0,1,50071.0,1,5.17,84.3,2,19.5,1,1,3.3,2.51,2.46,0,1,0,0,0,0,0,0,1,0,0
20.2,0,54268.0,1,6.54,76.4,3,6.8,0,1,5.0,2.34,2.01,0,0,0,1,0,0,0,1,0,1,0
22.5,1,25000.0,1,3.53,96.6,2,18.6,0,0,1.4,3.4,3.99,0,1,0,0,1,0,0,0,0,0,0
18.1,0,30310.0,1,2.99,82.2,2,21.5,0,0,6.9,2.82,2.78,0,0,1,0,0,0,0,1,1,0,0
23.6,0,29740.5,1,4.0,82.6,1,36.6,0,0,5.5,2.79,2.49,0,0,0,1,0,0,0,1,1,0,0
17.8,0,25000.0,0,4.14,84.2,1,37.3,1,0,4.4,2.55,2.99,0,1,0,0,0,0,0,1,0,0,0
19.5,0,25000.0,1,1.67,75.7,3,29.4,1,0,4.3,2.91,3.02,0,0,1,0,0,0,0,0,1,0,0
18.8,1,60528.0,0,2.68,84.7,1,38.9,1,1,4.8,1.36,1.81,0,0,0,0,0,0,1,0,1,0,0
17.1,0,30674.0,1,2.04,84.8,2,60.7,1,0,5.1,3.25,3.49,0,0,0,1,1,0,0,0,0,1,0
21.2,1,29968.0,1,2.5,81.9,4,28.6,1,0,4.5,0.64,0.5,1,0,1,0,1,0,0,0,0,1,0
25.0,1,25000.0,0,5.89,81.5,2,27.2,1,1,7.4,2.59,2.77,0,0,1,0,0,0,0,1,1,0,0
26.9,1,44584.0,1,1.03,80.2,0,19.9,0,1,4.7,1.01,0.84,0,1,0,0,0,1,0,0,0,1,0
21.2,0,25000.0,1,4.48,79.0,1,33.8,1,1,2.1,4.0,4.0,0,0,0,0,0,0,0,0,0,0,0
23.5,0,39063.0,1,3.52,87.8,2,43.6,1,1,5.0,1.81,0.77,0,1,0,0,0,0,0,1,0,1,0
21.5,0,39709.0,0,4.32,84.3,3,24.0,0,0,4.6,3.37,3.27,0,0,1,0,0,0,0,1,0,1,0
22.1,1,25000.0,1,2.48,89.4,6,25.3,1,1,3.1,1.07,0.97,1,1,0,0,1,0,0,0,1,0,0
20.2,1,35975.0,1,3.4,77.8,2,23.7,1,0,5.8,1.99,2.21,0,0,1,0,0,0,0,0,1,0,0
21.4,0,33236.0,1,5.59,91.0,0,16.2,1,0,2.0,4.0,4.0,0,1,0,0,0,0,0,0,1,0,0
22.2,1,29039.0,1,3.41,89.1,2,31.6,0,0,6.2,2.54,2.84,0,0,0,1,1,0,0,0,1,0,0
19.7,1,29964.0,1,5.83,80.1,1,32.0,0,0,5.4,2.51,2.73,0,0,0,0,0,0,1,0,0,1,0
20.8,0,30855.0,0,0.5,76.7,0,29.5,0,0,4.5,0.59,0.23,1,0,1,0,1,0,0,0,1,0,0
20.9,1,29740.5,1,4.0,86.8,0,52.1,1,1,5.5,2.82,2.31,0,1,0,0,0,1,0,0,1,0,0
22.8,1,30827.0,1,4.05,69.3,1,34.8,0,1,2.9,2.53,2.28,0,0,0,1,1,0,0,0,0,0,0
18.7,1,25000.0,1,2.13,78.7,5,16.6,1,0,7.1,0.4,0.38,1,0,1,0,0,1,0,0,0,0,0
20.9,1,27138.0,1,5.19,84.2,2,37.6,1,1,5.0,1.97,2.02,0,1,0,0,0,1,0,0,0,1,0
25.2,1,34856.0,1,3.03,80.8,2,25.9,0,0,2.5,3.23,3.51,0,0,0,1,0,0,0,1,1,0,0
23.6,0,31520.0,1,4.3,73.4,1,26.1,0,0,5.5,1.02,0.87,0,0,0,0,0,1,0,0,0,1,0
24.0,0,52694.0,1,2.72,82.7,4,27.9,1,0,5.0,3.73,3.95,0,0,1,0,0,0,1,0,1,0,0
21.1,1,43133.0,1,3.34,74.0,5,26.6,0,0,8.0,1.16,1.08,0,0,1,0,0,0,0,0,0,0,0
21.7,0,25000.0,0,4.92,84.1,3,33.2,1,0,4.8,2.34,2.18,0,0,0,1,0,0,1,0,0,0,0
23.2,0,29740.5,1,4.0,78.9,1,55.4,1,0,5.5,1.77,1.34,0,0,0,1,0,0,1,0,0,0,0
24.4,1,25000.0,1,2.83,80.9,4,25.6,1,1,5.1,2.18,1.66,0,0,0,0,0,0,0,1,0,0,0
17.0,0,29655.0,0,5.62,75.4,3,31.1,0,0,3.4,2.72,2.78,0,0,1,0,1,0,0,0,0,1,0
18.1,0,29679.0,1,5.74,88.2,1,32.8,1,1,6.3,2.42,2.78,0,0,0,1,0,0,0,0,0,0,0
23.9,1,42912.0,1,4.83,80.8,1,23.8,0,0,7.7,2.92,3.28,0,1,0,0,0,1,0,0,0,0,0
20.4,1,33071.0,1,5.0,76.1,1,25.2,1,0,7.1,2.13,1.69,0,0,1,0,0,0,0,0,1,0,0
19.5,1,62213.0,1,3.08,81.0,2,41.9,0,1,6.1,3.46,3.39,0,0,1,0,0,0,0,1,1,0,0
18.2,0,34358.0,1,2.74,95.9,1,23.9,0,0,7.3,2.2,2.27,0,0,0,1,0,0,0,0,1,0,0
19.8,1,25000.0,1,3.39,84.7,1,19.3,1,1,5.8,1.49,1.45,1,0,1,0,0,0,1,0,1,0,0
17.9,0,25000.0,1,4.35,90.6,0,51.4,0,0,5.6,4.0,4.0,0,0,0,0,0,0,0,0,0,1,0
25.6,0,42714.0,1,3.61,69.1,1,15.5,0,0,2.8,2.24,2.18,0,0,1,0,1,0,0,0,0,0,0
21.0,1,25000.0,1,3.03,80.4,6,40.6,1,0,5.9,0.56,0.36,1,1,0,0,0,0,0,1,0,1,0
20.9,0,25000.0,1,3.09,74.0,3,27.6,0,0,8.2,0.0,0.23,1,0,1,0,0,0,0,1,0,1,0
22.3,0,29924.0,1,3.6,77.8,3,15.4,1,0,2.6,3.34,3.74,0,0,0,1,0,0,0,1,1,0,0
23.1,1,52604.0,0,5.12,75.9,1,25.5,0,1,3.1,1.27,0.67,0,0,0,0,0,0,1,0,0,0,0
23.1,0,65135.0,1,2.6,92.3,3,27.3,0,1,4.9,3.07,3.16,0,1,0,0,1,0,0,0,0,0,0
23.4,1,26101.0,1,4.74,87.7,1,10.4,1,0,3.1,3.24,3.73,0,0,1,0,0,0,1,0,0,0,0
19.6,1,56190.0,1,4.68,76.0,3,35.1,0,1,6.7,3.25,3.07,0,1,0,0,0,1,0,0,0,0,0
20.3,1,31050.0,1,3.32,78.3,1,33.9,1,0,2.4,3.67,3.61,0,0,1,0,1,0,0,0,0,0,1
22.7,0,25000.0,1,4.38,84.9,2,25.8,1,0,6.7,3.3,3.41,0,0,0,1,1,0,0,0,0,0,0
19.8,0,29589.0,1,5.54,89.1,1,35.7,0,0,7.3,2.94,2.61,0,1,0,0,1,0,0,0,0,1,0
21.0,1,25000.0,1,3.58,90.3,0,32.4,1,1,6.7,0.35,0.34,1,1,0,0,0,0,0,1,0,1,0
21.9,1,51583.0,1,3.0,87.1,1,45.5,1,0,5.5,1.54,1.28,1,0,0,0,1,0,0,0,0,0,0
22.7,1,29278.0,1,2.75,96.5,2,17.1,1,1,6.5,2.21,1.22,0,0,1,0,0,1,0,0,0,0,0
17.1,0,25000.0,1,2.9,85.4,3,26.5,0,0,3.4,1.56,1.71,1,0,1,0,0,0,0,0,0,0,0
22.6,0,25000.0,1,5.03,78.4,0,42.0,1,0,6.0,4.0,3.94,0,0,1,0,1,0,0,0,1,0,0
20.5,0,29361.0,1,3.93,75.5,3,36.5,1,0,4.4,2.17,2.27,0,0,0,0,1,0,0,0,0,0,0
22.6,0,25000.0,0,1.92,73.4,0,5.0,1,1,7.1,0.87,0.99,1,1,0,0,0,0,0,1,0,1,0
22.7,0,25000.0,1,5.63,72.3,2,10.0,1,0,6.8,1.67,1.67,1,0,1,0,0,0,1,0,1,0,0
24.5,1,34153.0,1,3.77,87.4,3,30.0,0,0,4.0,4.0,3.55,0,0,0,0,0,1,0,0,1,0,0
24.0,1,25000.0,1,4.62,94.7,1,49.7,0,1,6.1,1.86,1.85,0,0,0,1,0,0,1,0,0,0,0
24.0,0,53981.0,1,4.78,82.8,0,24.8,0,0,6.2,2.36,2.32,0,0,0,1,0,1,0,0,0,0,0
24.2,0,60755.0,1,2.92,96.6,5,37.8,0,0,4.6,2.38,2.74,0,1,0,0,0,0,0,0,0,1,0
21.6,1,25000.0,1,2.4,82.2,1,31.0,1,1,5.5,2.87,2.52,0,0,1,0,0,0,0,1,0,0,1
21.1,0,25000.0,1,2.74,86.9,0,36.9,0,1,6.4,2.26,2.06,0,1,0,0,1,0,0,0,1,0,0
22.9,0,54004.0,0,3.75,69.3,4,42.8,0,1,4.7,1.89,1.64,0,0,0,0,0,0,0,0,0,0,0
22.6,1,29709.0,1,4.57,88.5,0,41.3,0,1,3.9,3.87,3.69,0,0,1,0,1,0,0,0,0,0,1
20.3,0,25000.0,0,6.42,76.9,0,40.9,0,1,5.9,2.07,1.66,1,1,0,0,0,0,1,0,0,0,0
21.9,0,27283.0,1,5.17,88.6,3,22.6,0,1,8.2,1.09,0.8,1,0,1,0,0,0,0,1,0,1,0
20.9,1,29740.5,1,4.0,92.3,2,28.2,0,1,5.5,0.56,0.59,1,0,0,0,0,0,1,0,0,0,0
19.1,1,57810.0,1,3.8,84.4,2,36.2,0,0,4.9,3.17,3.33,0,0,0,1,0,1,0,0,0,0,0
23.8,1,42769.0,1,1.04,85.5,1,35.8,0,1,4.1,2.37,1.91,0,0,0,1,0,0,0,1,0,0,0
21.1,1,25000.0,1,5.25,82.9,3,37.1,1,1,7.6,0.85,0.59,1,0,0,1,0,0,0,1,0,1,0
25.5,0,32380.0,1,3.74,87.1,3,8.8,0,1,7.1,2.31,2.07,0,1,0,0,0,0,0,1,0,1,0
17.4,1,25000.0,1,4.05,97.0,2,44.4,1,0,5.2,3.78,3.33,0,1,0,0,0,0,0,1,0,1,0
19.8,1,25000.0,1,3.69,82.1,2,9.6,1,0,4.1,1.45,1.57,0,0,0,1,0,0,1,0,1,0,0
21.1,1,75506.0,1,4.1,83.3,0,21.0,0,0,4.1,3.08,3.19,0,0,0,1,0,0,0,0,0,0,0
23.5,1,30703.0,1,3.11,67.8,1,32.3,1,0,4.0,2.26,2.42,0,0,0,0,0,0,0,0,0,1,0
21.9,1,51951.0,1,4.13,85.4,5,29.6,1,1,4.6,2.89,2.85,0,0,0,1,0,1,0,0,1,0,0
21.7,0,34174.0,1,2.76,75.8,2,47.0,0,0,4.5,2.33,2.89,0,0,1,0,1,0,0,0,0,1,0
18.5,1,65419.0,0,4.38,80.4,2,16.0,1,1,4.2,2.49,2.65,1,1,0,0,0,0,0,1,0,0,0
18.5,0,25000.0,1,4.35,85.8,1,25.6,1,0,7.5,2.01,1.24,1,0,1,0,0,0,1,0,0,0,0
21.7,0,26558.0,1,4.62,69.1,1,6.4,0,1,8.4,1.13,0.91,0,0,0,1,0,0,1,0,1,0,0
18.0,1,79767.0,1,3.87,85.7,0,31.6,1,0,3.5,2.98,3.59,0,0,1,0,0,0,1,0,0,1,0
19.8,0,52770.0,1,5.35,84.0,0,27.5,0,1,4.5,3.08,2.54,0,0,0,0,0,0,0,1,0,0,0
22.1,0,65856.0,1,6.36,87.6,1,15.1,0,0,3.8,1.55,1.66,0,1,0,0,0,0,0,0,0,0,0
18.8,1,29612.0,0,2.01,76.9,5,45.7,0,1,6.1,1.1,1.54,0,0,0,1,0,0,0,1,0,0,0
24.5,1,25000.0,1,2.35,90.9,1,43.0,1,0,4.9,1.12,0.42,0,0,0,0,0,1,0,0,1,0,0
23.7,0,25000.0,1,3.78,84.4,1,30.9,0,1,3.6,2.36,2.36,0,0,1,0,0,0,1,0,0,1,0
17.5,0,25000.0,1,3.41,76.3,0,43.7,1,0,8.5,1.57,1.36,1,0,0,0,0,1,0,0,0,0,0
18.9,1,48254.0,1,4.62,71.0,3,28.9,0,1,6.4,2.75,2.97,0,0,1,0,0,0,0,0,0,0,0
17.0,1,40454.0,1,4.62,77.7,3,38.6,0,0,3.7,3.72,3.87,0,0,0,1,0,0,1,0,0,0,1
19.3,1,28568.0,1,4.39,89.0,2,40.4,0,0,8.2,3.38,3.43,0,0,0,0,0,0,0,0,1,0,0
22.7,1,40333.0,1,1.84,85.6,2,17.2,0,0,3.4,2.42,2.46,0,0,0,1,0,0,1,0,1,0,0
20.1,0,32386.0,1,4.26,64.8,4,35.2,0,0,6.6,0.0,0.0,1,1,0,0,0,0,0,0,1,0,0
22.0,1,52962.0,0,6.41,79.3,1,32.0,0,0,9.9,3.07,3.64,0,0,1,0,0,0,1,0,0,0,0
17.7,1,52660.0,1,4.67,83.0,2,17.7,1,1,5.3,2.65,2.38,0,0,0,0,0,0,0,1,0,0,0
22.8,1,25000.0,1,3.91,97.3,3,14.7,0,1,5.0,3.77,3.34,0,0,1,0,0,0,1,0,0,1,0
19.8,1,35038.0,1,4.8,92.3,1,36.0,0,0,5.8,3.05,3.25,0,0,1,0,0,0,1,0,1,0,0
21.0,1,25000.0,1,2.88,80.6,4,26.6,0,0,9.5,1.28,1.44,1,0,1,0,0,0,0,1,1,0,0
20.8,1,32203.0,1,4.54,83.4,2,12.4,0,0,8.2,2.39,2.65,0,0,0,0,0,0,0,0,0,0,0
18.2,1,42727.0,1,3.97,71.1,0,37.0,1,0,4.7,0.85,1.03,0,0,0,0,0,0,0,1,0,1,0
18.5,0,25000.0,1,2.51,61.0,2,41.2,1,1,6.0,2.07,1.68,0,0,0,0,0,1,0,0,1,0,0
23.1,0,25000.0,0,4.32,78.8,3,15.9,0,1,7.2,1.78,1.56,0,0,0,1,0,1,0,0,1,0,0
21.9,1,29740.5,1,4.0,75.0,2,30.0,0,0,5.5,1.71,1.89,0,0,0,0,0,0,0,0,1,0,0
23.3,0,34213.0,1,5.05,83.4,1,48.2,1,0,3.5,3.49,3.09,0,0,0,1,0,0,1,0,0,1,0
21.7,1,25156.0,0,4.17,76.0,3,19.1,1,0,7.5,2.65,3.11,0,1,0,0,1,0,0,0,0,0,0
21.3,1,25000.0,1,4.27,89.3,4,50.5,0,1,6.4,3.53,3.43,0,0,0,0,0,0,0,1,0,0,0
17.2,1,28785.0,1,4.19,96.3,1,26.1,0,0,6.1,3.2,3.04,0,0,1,0,0,1,0,0,1,0,0
20.4,1,25000.0,1,4.17,70.1,0,29.2,1,0,7.5,0.66,0.99,1,0,0,1,0,1,0,0,1,0,0
20.9,0,25859.0,1,5.48,81.6,1,13.3,0,0,3.4,4.0,3.92,0,0,0,0,0,1,0,0,0,1,0
25.3,1,29740.5,1,4.0,77.7,0,13.7,0,1,5.5,2.84,3.16,0,0,1,0,0,1,0,0,0,1,0
22.5,1,27431.0,1,2.78,82.4,1,22.1,1,0,10.0,0.87,0.39,0,0,0,0,1,0,0,0,0,0,0
24.4,0,25000.0,1,3.84,78.4,5,40.6,1,1,6.5,2.28,2.02,0,0,1,0,1,0,0,0,0,0,0
22.3,0,25000.0,1,2.17,100.0,1,58.1,0,0,6.6,1.97,2.28,0,0,0,0,1,0,0,0,0,0,0
19.4,1,25000.0,1,5.94,81.0,2,61.3,1,0,5.7,4.0,3.96,0,0,1,0,0,0,0,0,0,1,0
21.3,1,51974.0,1,3.09,84.4,0,28.5,0,0,2.2,4.0,4.0,0,1,0,0,0,0,0,1,0,0,0
21.5,1,63378.0,0,3.01,83.3,0,25.7,0,0,4.0,3.04,3.84,0,0,0,1,0,0,0,1,1,0,0
18.9,1,128489.0,1,6.37,72.0,1,18.2,1,1,7.1,2.42,2.51,0,0,0,1,0,0,1,0,0,0,0
20.2,1,82042.0,1,3.23,83.6,0,43.4,1,0,4.5,2.9,2.66,0,0,1,0,0,0,1,0,0,1,0
20.5,1,25000.0,1,2.77,70.2,5,21.3,0,0,5.2,2.89,3.16,0,0,0,0,0,0,0,0,0,1,0
24.5,0,25000.0,1,4.86,96.4,1,27.2,0,0,6.0,3.03,3.52,0,0,0,1,0,0,1,0,0,0,1
17.0,0,29329.0,1,3.99,89.2,2,36.0,1,1,3.7,2.83,3.1,0,0,1,0,0,1,0,0,0,0,0
23.7,0,28245.0,1,2.84,77.4,1,35.4,0,0,3.2,1.95,2.17,0,0,1,0,0,0,0,0,1,0,0
18.9,1,30999.0,1,4.44,80.7,2,22.7,0,0,5.5,1.71,2.25,1,0,1,0,0,0,0,0,0,0,0
18.0,1,126065.0,1,4.82,90.2,1,28.9,1,1,4.8,3.68,3.22,0,0,1,0,0,0,0,0,0,0,0
23.6,1,25000.0,1,5.12,84.2,1,23.0,0,0,5.9,1.7,1.88,0,0,1,0,0,1,0,0,0,1,0
22.6,0,25000.0,1,4.33,68.8,1,20.0,1,0,2.9,1.82,1.91,0,0,0,1,0,0,0,1,0,1,0
23.8,1,79722.0,0,5.15,83.3,0,17.7,0,0,4.5,3.66,3.37,0,1,0,0,0,0,0,0,0,1,0
22.8,0,25000.0,1,5.1,90.7,3,12.3,0,0,6.7,1.96,2.15,1,0,0,0,0,0,1,0,0,1,0
25.5,0,37652.0,0,3.4,63.3,0,34.3,0,0,10.0,1.48,1.5,1,1,0,0,0,1,0,0,0,0,0
22.2,0,55315.0,1,6.22,83.1,4,27.1,1,1,5.7,2.43,2.59,0,0,0,0,0,0,1,0,0,1,0
20.7,0,39811.0,1,4.85,75.3,0,16.4,0,0,6.7,1.13,1.47,0,1,0,0,0,0,0,0,1,0,0
21.8,0,33358.0,0,5.81,92.1,0,15.3,0,0,6.4,3.69,3.32,0,1,0,0,0,0,0,1,1,0,0
23.7,0,52217.0,1,3.82,78.4,4,15.1,0,1,6.0,1.82,2.11,0,0,0,0,0,0,0,0,0,1,0
19.3,0,25000.0,1,5.1,77.6,3,22.7,0,1,6.7,1.98,2.06,1,0,1,0,0,0,0,0,1,0,0
19.6,1,25000.0,1,4.35,88.6,0,43.5,0,1,3.8,4.0,4.0,0,0,0,1,0,0,0,1,0,0,0
20.3,1,41002.0,1,5.26,74.8,2,21.8,0,0,4.9,1.43,1.61,1,0,1,0,0,0,0,0,0,0,0
17.0,0,25000.0,1,3.46,82.7,1,36.7,1,1,5.9,2.03,1.91,1,0,0,1,0,1,0,0,0,0,0
21.3,0,69560.0,1,3.28,84.2,2,48.7,0,0,3.8,3.4,3.67,0,0,0,0,0,0,0,0,0,0,0
17.0,1,35669.0,0,5.6,80.4,3,32.0,1,0,6.3,0.43,0.31,1,0,0,0,0,0,0,0,0,1,0
21.1,1,32592.0,1,4.32,71.6,0,20.8,0,0,2.1,4.0,3.71,0,0,0,1,1,0,0,0,0,0,0
22.9,0,25000.0,1,5.28,75.0,1,28.9,0,0,7.0,1.28,0.79,1,1,0,0,0,1,0,0,1,0,0
20.0,0,25000.0,1,2.17,81.0,3,29.5,0,1,5.2,1.34,0.93,0,0,0,0,0,0,0,1,1,0,0
24.7,1,25000.0,1,2.95,66.8,4,50.7,0,1,6.7,0.35,0.31,1,0,0,1,0,0,1,0,0,1,0
17.8,0,48265.0,0,3.32,82.7,2,9.2,0,0,7.3,1.55,1.71,0,0,0,0,1,0,0,0,1,0,0
23.6,0,29740.5,1,4.0,79.9,0,43.4,0,0,5.5,2.65,2.83,0,0,1,0,1,0,0,0,0,0,0
22.5,0,47716.0,1,5.64,86.6,2,9.1,0,0,6.0,1.73,2.11,1,0,0,0,1,0,0,0,1,0,0
17.2,1,25000.0,1,4.11,87.2,3,39.7,1,1,2.4,3.16,2.91,0,0,0,0,0,0,1,0,0,0,0
27.0,1,26002.0,1,4.63,73.0,2,25.1,0,1,2.3,3.57,3.33,0,0,1,0,0,0,1,0,0,0,0
20.9,1,34619.0,1,4.22,77.8,3,51.9,0,0,3.2,2.17,1.87,0,0,1,0,0,0,0,1,1,0,0
19.1,1,34947.0,1,2.7,74.6,1,38.1,0,1,6.8,0.45,1.05,1,0,0,1,0,0,0,0,1,0,0
17.9,1,25000.0,1,4.08,77.8,0,36.9,1,1,3.0,4.0,3.58,0,0,0,1,1,0,0,0,0,0,0
20.5,0,43258.0,1,2.83,80.0,0,18.7,1,1,5.1,1.82,1.98,0,0,1,0,1,0,0,0,1,0,0
20.7,1,25000.0,1,3.5,91.0,0,51.7,0,0,4.7,2.49,2.44,0,0,0,1,0,1,0,0,0,0,0
21.2,0,25000.0,1,3.71,77.2,0,63.8,1,0,6.1,1.12,0.93,1,0,0,0,0,0,1,0,0,0,0
20.3,0,32605.0,1,6.15,89.1,1,54.1,1,1,6.8,3.03,2.87,0,1,0,0,0,0,1,0,0,1,0
22.4,1,25000.0,1,4.21,84.1,1,18.0,1,0,5.7,3.25,2.86,0,1,0,0,1,0,0,0,0,0,0
20.1,0,25000.0,1,3.47,93.1,2,27.7,0,0,6.9,2.93,2.71,0,0,0,1,0,1,0,0,1,0,0
17.0,0,46855.0,1,4.8,79.2,1,15.7,0,0,3.5,4.0,3.91,0,0,0,1,0,1,0,0,0,1,0
20.7,0,25000.0,1,3.14,75.5,3,22.7,0,0,7.3,2.87,2.94,0,0,1,0,0,0,1,0,0,0,1
17.0,1,28552.0,1,7.45,83.2,2,33.4,1,0,5.7,4.0,3.92,0,0,0,1,0,0,0,0,0,1,0
21.8,0,32592.0,1,4.56,69.1,2,38.8,1,0,6.9,0.0,0.0,1,0,1,0,0,0,0,1,1,0,0
18.8,1,30088.0,1,0.79,83.3,2,36.4,1,0,4.6,1.1,1.0,1,0,0,1,0,0,0,0,1,0,0
21.4,0,59958.0,1,2.95,86.5,2,9.4,0,0,1.8,2.88,3.33,0,1,0,0,0,0,0,0,1,0,0
23.9,1,28797.0,1,6.34,90.8,2,29.6,0,0,6.7,3.24,3.55,0,0,0,0,0,0,0,1,1,0,0
18.9,0,38425.0,1,4.19,85.2,2,36.2,1,0,5.2,3.82,4.0,1,1,0,0,0,1,0,0,0,0,0
23.3,1,28752.0,1,3.39,80.9,0,41.4,1,0,7.7,2.43,2.3,1,1,0,0,0,0,1,0,0,1,0
20.0,1,42949.0,1,4.53,97.5,5,35.1,1,1,6.3,3.97,3.44,0,1,0,0,0,0,1,0,0,0,0
24.9,0,68603.0,1,1.93,81.9,0,35.9,0,0,10.0,0.0,0.0,1,0,0,1,0,0,1,0,0,0,0
20.2,0,32290.0,1,2.74,73.5,0,27.1,0,0,7.8,1.87,1.73,0,0,0,0,1,0,0,0,1,0,0
19.2,1,47530.0,1,2.17,81.7,0,33.3,0,0,5.1,3.03,2.7,0,1,0,0,0,1,0,0,1,0,0
22.5,1,71196.0,1,3.52,71.2,0,61.0,0,0,2.6,4.0,3.91,0,0,0,0,0,0,1,0,0,0,0
20.0,0,67125.0,1,6.09,72.1,1,44.5,1,1,3.9,3.68,3.71,0,1,0,0,0,0,1,0,0,0,0
19.1,0,25000.0,1,4.78,83.9,3,34.4,0,0,3.8,1.46,2.08,0,1,0,0,0,1,0,0,0,1,0
19.9,1,55374.0,1,4.62,71.4,2,38.7,1,1,4.6,3.01,2.57,0,1,0,0,0,0,0,0,0,0,0
20.9,0,34519.0,0,3.14,77.1,4,30.9,1,1,5.3,2.88,3.69,1,1,0,0,0,1,0,0,0,0,0
24.0,1,58124.0,1,5.01,72.7,1,30.9,1,0,6.1,0.32,0.13,1,1,0,0,0,0,1,0,1,0,0
17.0,1,41822.0,1,2.99,83.1,1,41.4,1,1,8.0,0.0,0.01,1,0,1,0,0,0,0,1,0,1,0
21.1,0,35081.0,1,3.73,76.3,0,22.8,1,0,3.9,0.42,0.07,1,1,0,0,1,0,0,0,0,0,0
22.4,0,38576.0,1,4.98,86.3,1,28.4,0,0,3.0,2.88,3.38,0,1,0,0,0,0,0,1,0,0,0
21.4,0,34653.0,1,3.89,85.6,3,13.6,1,1,7.0,1.04,0.85,0,0,0,0,0,0,1,0,0,0,1
23.9,1,35476.0,1,5.19,71.6,0,39.3,0,1,7.9,2.77,2.3,0,0,0,1,1,0,0,0,1,0,0
20.8,0,27030.0,1,3.74,89.4,1,42.8,0,0,4.6,2.91,2.81,0,0,0,1,0,0,1,0,1,0,0
20.6,1,25565.0,1,5.77,80.6,4,37.2,0,1,7.4,1.41,1.97,0,1,0,0,0,1,0,0,0,0,0
22.3,0,85640.0,1,4.54,72.2,2,27.2,1,0,6.9,2.06,2.13,1,1,0,0,1,0,0,0,1,0,0
21.2,1,39597.0,1,2.85,85.0,1,29.5,0,1,2.4,2.94,3.04,0,0,0,0,0,1,0,0,0,0,0
20.1,1,25000.0,1,3.29,96.1,3,31.8,0,0,4.4,2.62,2.32,0,0,0,1,0,1,0,0,0,0,0
22.1,0,25174.0,1,3.71,80.4,2,43.1,1,1,4.6,1.48,1.39,0,0,1,0,0,0,0,1,0,0,0
19.6,1,56036.0,1,5.24,68.8,0,42.4,0,0,9.1,0.49,0.45,1,1,0,0,0,0,0,1,0,0,0
19.7,0,25000.0,1,6.39,89.4,1,12.8,0,0,6.4,2.27,1.97,0,0,1,0,0,0,0,0,0,0,0
19.8,0,25000.0,1,2.07,94.6,5,19.5,0,0,4.6,1.65,1.98,0,0,0,0,0,0,1,0,1,0,0
24.0,1,25000.0,1,3.5,73.4,3,35.2,0,0,4.2,4.0,3.75,0,1,0,0,1,0,0,0,0,1,0
17.0,0,25000.0,1,5.59,75.6,2,13.9,1,1,2.7,3.38,3.55,0,0,0,0,0,0,0,1,1,0,0
21.9,1,25000.0,1,3.93,82.3,3,41.0,0,1,7.4,2.71,2.61,0,1,0,0,0,1,0,0,1,0,0
21.1,1,25000.0,1,3.8,66.5,1,26.7,1,0,6.2,0.28,0.71,1,0,0,0,0,0,0,0,0,0,0
17.3,0,68264.0,1,4.75,98.7,2,38.5,1,0,6.6,3.43,3.1,0,0,1,0,0,0,0,1,1,0,0
21.7,0,28920.0,1,2.25,81.6,1,30.4,0,0,3.2,0.0,0.08,0,1,0,0,0,0,0,0,0,0,0
22.0,1,25000.0,1,4.79,82.3,3,28.8,0,0,6.8,4.0,3.97,0,0,1,0,0,0,0,1,0,0,0
22.3,0,29740.5,1,4.0,84.9,4,17.0,0,0,5.5,2.64,2.42,0,1,0,0,1,0,0,0,0,0,0
17.0,1,27286.0,1,4.26,79.9,6,23.4,1,0,4.2,1.96,2.28,0,0,0,1,0,0,1,0,0,0,0
24.0,0,25000.0,1,5.4,77.9,3,28.6,1,0,6.4,1.43,1.77,1,0,1,0,0,0,1,0,1,0,0
19.4,0,25000.0,1,3.91,74.5,2,28.2,0,0,3.3,2.72,2.95,0,1,0,0,0,0,0,1,0,0,0
22.5,1,102611.0,0,4.05,72.6,0,38.7,1,0,5.8,1.79,1.52,1,1,0,0,0,0,0,1,1,0,0
22.6,0,44280.0,1,4.23,85.3,2,22.3,1,1,5.0,1.25,0.94,0,0,0,0,0,0,0,0,0,0,0
19.1,1,26216.0,1,1.34,92.8,1,29.6,0,1,7.4,3.68,3.55,0,0,0,1,0,0,0,1,1,0,0
22.5,1,45201.0,1,5.36,89.6,2,48.1,0,0,7.1,1.84,1.72,0,1,0,0,0,0,0,0,0,0,0
20.2,0,25000.0,1,4.77,79.7,3,39.9,0,0,5.7,2.54,2.35,0,1,0,0,0,1,0,0,0,1,0
17.0,0,29740.5,0,4.0,80.5,1,31.3,0,1,5.5,3.36,3.49,0,0,0,1,0,0,0,0,0,0,0
23.6,1,82659.0,0,4.44,94.9,2,12.5,0,0,6.6,3.29,2.97,0,0,0,1,0,0,0,1,0,0,0
19.3,0,25000.0,1,5.77,75.6,1,13.5,0,0,5.5,3.36,3.21,0,0,0,0,0,0,0,1,0,0,0
19.1,1,25000.0,1,4.28,68.7,3,37.6,1,1,4.0,2.4,2.37,0,1,0,0,0,0,0,1,0,0,0
20.1,1,35725.0,1,3.72,84.0,4,38.9,0,0,4.6,4.0,4.0,0,0,0,0,0,1,0,0,0,0,0
21.6,0,25000.0,1,1.75,88.8,0,6.7,1,0,3.3,2.35,2.63,0,1,0,0,0,0,0,1,1,0,0
20.9,0,43930.0,0,2.35,62.1,1,38.4,0,1,7.2,0.82,0.79,1,0,0,1,0,1,0,0,1,0,0
22.2,0,25000.0,1,3.6,85.2,1,23.3,0,0,6.2,1.21,1.49,0,1,0,0,0,0,0,1,0,1,0
18.1,1,44283.0,1,4.13,73.0,4,25.1,1,0,4.7,1.33,1.17,0,0,1,0,0,1,0,0,0,1,0
19.4,0,42260.0,1,3.23,70.7,1,40.7,0,0,4.2,1.44,1.26,0,0,1,0,0,0,0,0,0,1,0
20.7,0,25699.0,1,3.7,79.7,3,38.8,1,0,5.9,1.23,0.95,0,0,0,1,0,0,0,0,1,0,0
25.2,1,82983.0,1,2.82,72.8,0,28.8,0,1,3.0,3.81,4.0,0,0,0,0,0,0,0,1,0,0,1
20.7,1,25000.0,1,5.23,67.8,2,38.3,0,0,3.6,3.05,3.49,0,0,1,0,0,0,1,0,0,0,0
23.4,0,66791.0,1,3.63,82.9,1,25.6,0,1,5.5,0.49,0.52,0,0,0,0,0,1,0,0,1,0,0
21.1,1,29740.5,1,4.0,81.6,0,20.5,0,1,5.5,1.21,1.51,1,0,0,1,0,0,0,1,1,0,0
19.9,1,86037.0,1,3.66,68.3,0,45.1,1,0,6.3,3.63,3.63,0,1,0,0,0,0,0,0,0,1,0
20.5,0,33006.0,0,4.47,70.7,1,45.9,0,0,5.8,2.2,2.63,0,0,1,0,0,1,0,0,1,0,0
20.6,0,25000.0,1,4.61,85.7,3,22.3,0,0,3.4,3.33,3.16,0,0,1,0,0,1,0,0,0,0,0
22.3,0,103371.0,1,4.21,86.2,0,23.6,0,0,3.8,1.82,2.07,0,1,0,0,0,0,0,0,1,0,0
24.0,0,25000.0,1,2.56,60.8,4,40.7,0,0,7.9,0.0,0.0,1,0,0,0,0,0,0,1,1,0,0
21.8,0,25000.0,1,3.56,71.9,1,21.7,0,1,4.7,1.28,1.25,0,0,0,1,0,0,0,1,0,0,0
23.6,0,26533.0,1,1.3,81.3,0,39.6,0,0,5.6,3.38,3.51,0,0,0,1,0,0,0,1,0,0,0
18.9,1,25000.0,0,6.14,85.4,1,17.7,0,1,6.6,2.69,2.68,0,1,0,0,0,0,1,0,0,0,0
20.1,1,40769.0,1,0.5,85.3,5,26.6,0,0,4.7,1.04,0.7,0,0,0,0,1,0,0,0,1,0,0
19.4,1,25000.0,1,5.09,86.8,1,41.7,0,1,4.6,1.6,1.56,0,0,0,0,0,0,0,0,1,0,0
21.7,1,25022.0,1,4.14,76.2,2,18.4,1,0,2.4,4.0,3.98,0,0,0,1,0,1,0,0,0,0,0
20.2,1,53139.0,1,1.74,83.4,2,22.9,0,1,3.3,0.32,0.54,0,0,0,1,1,0,0,0,0,1,0
22.6,1,43227.0,0,4.34,78.8,1,34.5,1,0,6.6,2.45,2.88,0,0,0,0,1,0,0,0,0,0,0
19.0,1,30012.0,1,2.56,77.5,5,8.4,1,0,4.7,4.0,4.0,0,1,0,0,0,0,0,1,0,0,0
21.1,1,32943.0,1,4.56,69.9,3,30.9,0,1,6.7,2.97,2.96,0,0,0,0,0,0,0,1,0,0,0
22.5,0,29952.0,1,3.93,84.4,2,43.9,0,0,2.6,3.02,2.99,0,0,0,0,1,0,0,0,0,1,0
17.0,1,25000.0,1,4.3,68.8,4,40.4,0,1,7.0,1.4,1.41,0,1,0,0,0,0,1,0,0,1,0
25.7,0,29688.0,1,3.52,72.6,1,29.4,0,0,5.4,3.9,3.98,0,0,0,1,0,1,0,0,1,0,0
20.4,1,39915.0,0,5.73,87.5,2,30.2,0,0,2.9,3.14,3.08,1,0,0,1,0,0,1,0,0,0,0
17.0,0,27565.0,1,2.68,80.7,1,47.9,1,0,7.5,2.73,2.3,0,0,1,0,0,0,0,1,0,0,0
21.3,0,38249.0,0,3.12,90.4,3,46.4,1,0,3.0,0.6,0.91,0,1,0,0,0,0,0,1,0,0,0
21.1,0,25000.0,1,3.78,79.3,2,28.9,1,1,7.4,2.73,2.67,0,0,0,0,0,0,0,0,0,1,0
20.8,0,25000.0,1,3.87,77.6,1,22.4,0,1,5.4,3.35,3.48,0,0,1,0,1,0,0,0,0,0,0
23.2,0,25000.0,1,2.53,91.2,1,40.3,1,0,3.9,1.41,1.79,0,0,0,1,0,0,0,1,0,0,0
22.6,1,25000.0,1,1.41,78.8,2,43.6,0,0,8.8,1.52,1.03,0,1,0,0,0,0,0,0,1,0,0
21.7,0,64364.0,1,4.46,84.2,2,46.5,1,0,6.2,2.38,2.43,1,0,0,1,0,0,1,0,0,0,0
22.0,0,45964.0,1,4.43,80.7,3,37.0,1,0,7.7,2.34,2.15,0,0,0,1,0,1,0,0,0,0,0
20.8,0,25000.0,1,6.21,83.0,0,25.7,1,0,6.3,3.78,4.0,0,0,0,1,0,1,0,0,1,0,0
24.9,1,38658.0,1,5.63,80.2,3,10.0,0,0,5.1,2.48,2.01,1,0,1,0,1,0,0,0,0,0,0
17.7,0,25000.0,1,4.09,89.0,3,53.3,0,0,3.9,3.27,3.35,0,1,0,0,0,0,0,1,0,0,0
21.3,0,25000.0,1,3.12,82.5,1,49.2,0,1,5.2,1.85,1.92,0,0,0,0,0,1,0,0,0,0,0
21.1,0,29740.5,1,4.0,79.3,0,20.8,0,1,5.5,1.16,1.17,1,0,1,0,0,0,0,0,1,0,0
22.8,0,53271.0,1,2.9,84.0,0,32.3,1,0,7.0,0.22,0.56,1,0,0,1,0,0,1,0,0,1,0
19.1,1,29740.5,1,4.0,69.6,3,27.4,0,0,5.5,1.59,1.02,0,0,1,0,0,0,0,0,1,0,0
17.2,1,29740.5,1,4.0,90.1,3,30.8,0,0,5.5,2.66,2.81,0,1,0,0,0,0,0,1,1,0,0
21.3,1,29740.5,0,4.0,69.9,3,25.2,1,1,5.5,2.66,2.66,0,0,0,1,0,0,0,1,1,0,0
21.6,1,47359.0,1,2.61,76.7,1,38.3,0,1,5.8,0.0,0.0,1,0,0,0,1,0,0,0,0,0,0
24.3,1,25000.0,1,2.71,78.4,3,16.4,1,1,2.0,1.99,1.48,0,0,0,0,1,0,0,0,0,0,0
18.2,1,27428.0,0,1.52,84.0,2,25.3,1,0,5.6,1.01,0.83,1,0,0,1,0,0,0,1,0,0,0
23.5,1,27989.0,1,3.48,95.0,2,40.5,1,1,5.3,3.42,3.33,0,0,0,0,1,0,0,0,0,0,0
26.2,1,35651.0,1,4.57,90.3,1,6.3,0,0,5.3,1.55,1.53,0,0,0,0,0,0,0,1,0,1,0
20.2,1,29966.0,1,3.22,70.2,3,33.7,0,0,2.6,1.77,1.83,0,0,0,0,0,0,0,1,1,0,0
18.2,0,28971.0,1,2.84,74.9,3,23.4,1,0,6.0,1.82,1.67,1,0,0,1,0,0,0,1,1,0,0
20.1,0,25000.0,1,2.12,70.8,1,49.4,0,0,4.5,2.72,2.69,1,0,0,1,1,0,0,0,1,0,0
21.0,0,25000.0,1,4.36,71.6,1,33.9,0,0,5.3,1.33,0.91,1,1,0,0,0,0,0,1,1,0,0
22.2,1,25000.0,1,4.9,77.3,2,20.6,0,0,7.2,1.83,1.94,0,0,0,0,0,1,0,0,0,1,0
19.7,0,29740.5,1,4.0,77.5,3,47.4,0,0,5.5,3.17,3.44,0,0,0,0,0,0,1,0,0,0,1
24.4,0,25000.0,1,4.9,80.0,4,30.3,1,0,5.3,3.69,3.75,0,0,0,1,0,0,0,0,0,1,0
18.5,0,25000.0,1,2.42,81.1,2,31.6,0,0,5.1,0.79,0.53,0,1,0,0,0,0,1,0,1,0,0
17.2,0,25000.0,1,3.18,83.8,2,40.6,0,0,5.2,2.82,2.98,0,0,0,0,1,0,0,0,0,0,0
23.4,0,25000.0,1,3.74,74.5,3,22.7,0,1,4.7,3.47,2.68,0,1,0,0,0,1,0,0,1,0,0
17.0,0,25000.0,0,5.66,81.4,2,47.4,0,0,4.8,1.06,0.83,0,0,1,0,0,0,0,1,1,0,0
20.6,1,50657.0,1,5.65,84.0,1,36.9,1,0,8.5,1.69,1.51,0,0,0,0,0,1,0,0,0,0,0
27.9,1,25000.0,1,5.03,100.0,2,22.3,0,0,4.7,2.11,2.26,1,0,1,0,0,0,0,0,1,0,0
21.0,0,37809.0,1,5.0,89.4,5,24.8,0,0,6.0,1.88,2.18,0,0,0,1,0,0,1,0,1,0,0
18.5,1,25000.0,0,2.97,95.2,0,14.9,0,1,5.7,2.39,1.95,0,0,0,0,1,0,0,0,1,0,0
20.9,1,43622.0,1,4.13,82.2,2,33.7,1,1,5.6,2.78,3.04,0,1,0,0,1,0,0,0,0,0,1
20.9,0,25000.0,1,1.83,86.2,1,27.9,0,0,6.4,1.68,1.61,0,0,1,0,0,0,0,1,0,0,0
21.4,1,29740.5,0,4.0,84.1,1,33.8,1,0,5.5,3.31,3.13,0,0,1,0,0,0,0,1,0,0,0
22.5,0,25302.0,1,3.68,67.7,1,9.6,1,1,8.0,1.76,2.09,0,0,1,0,0,0,1,0,0,0,0
18.7,0,89357.0,1,6.65,62.3,4,23.7,0,0,3.8,3.43,3.29,0,0,0,1,1,0,0,0,1,0,0
24.7,1,29740.5,1,4.0,58.0,4,18.2,1,1,5.5,3.63,3.95,0,0,0,0,0,0,1,0,0,0,0
21.5,1,39812.0,1,3.02,91.9,2,35.9,0,1,3.4,4.0,3.59,0,1,0,0,0,0,1,0,0,0,0
22.6,1,27385.0,1,3.64,78.8,0,22.8,1,0,7.1,0.88,1.06,0,0,0,0,0,0,0,1,0,0,0
19.6,1,35680.0,0,3.18,88.2,1,35.6,0,0,3.8,2.86,3.14,0,0,0,0,0,1,0,0,0,0,1
23.8,1,29740.5,1,4.0,92.4,7,23.6,0,0,5.5,0.8,0.43,1,1,0,0,0,0,0,1,0,0,0
20.4,1,29030.0,1,3.97,71.7,0,49.5,1,0,6.0,1.17,1.28,0,0,0,1,0,0,1,0,0,1,0
21.6,1,38738.0,1,2.72,93.8,2,30.6,0,0,5.8,2.62,2.53,0,0,0,0,0,0,0,1,0,0,0
18.9,1,33689.0,1,3.92,72.7,1,41.0,1,0,7.5,1.22,1.27,1,0,1,0,1,0,0,0,0,1,0
18.8,0,25000.0,1,1.43,80.3,3,28.6,0,1,4.4,3.62,3.9,0,0,0,1,1,0,0,0,1,0,0
22.5,0,25000.0,1,4.21,73.4,2,41.1,1,0,8.1,2.46,2.38,0,1,0,0,0,0,1,0,0,0,0
20.0,0,25000.0,1,3.01,83.9,2,20.7,1,0,4.8,1.79,1.76,0,0,0,0,0,0,1,0,1,0,0
19.1,0,48036.0,1,2.25,80.7,1,29.5,0,0,6.3,1.43,1.37,0,0,1,0,0,1,0,0,0,0,0
19.6,1,29177.0,0,4.94,88.4,3,24.4,1,1,5.2,3.85,3.27,0,0,1,0,0,0,0,0,0,1,0
22.5,0,35603.0,0,1.7,90.0,3,52.4,0,0,6.6,2.31,1.91,0,0,0,0,1,0,0,0,0,0,0
19.6,1,25089.0,1,4.81,94.6,0,15.7,1,1,3.7,2.08,2.27,0,0,1,0,0,0,0,0,1,0,0
20.7,1,25000.0,1,4.61,88.0,5,54.8,0,0,5.7,1.2,0.98,0,0,0,1,1,0,0,0,0,0,1
21.0,0,25766.0,1,2.84,88.5,3,13.5,1,0,5.5,0.67,0.74,0,0,0,1,1,0,0,0,0,0,1
17.0,1,25000.0,1,3.64,78.4,1,38.8,1,0,6.3,2.0,1.93,0,0,0,1,1,0,0,0,1,0,0
17.8,1,25000.0,1,4.35,80.6,3,22.5,1,0,6.2,1.62,2.31,0,1,0,0,0,1,0,0,1,0,0
21.7,0,61291.0,1,4.3,84.5,3,33.1,1,0,4.0,2.99,3.43,0,0,0,1,1,0,0,0,0,0,1
19.4,0,25000.0,1,5.19,72.1,4,27.9,0,0,7.9,2.14,2.23,0,1,0,0,0,0,1,0,0,0,0
23.3,1,25000.0,1,4.95,91.0,4,20.0,0,1,5.4,3.34,3.77,0,0,0,1,0,0,0,0,1,0,0
23.1,1,78494.0,1,5.35,80.9,3,31.0,0,0,6.8,1.28,0.79,0,1,0,0,1,0,0,0,0,0,0
22.6,0,48484.0,1,5.5,83.6,2,25.0,1,0,3.2,2.23,2.74,0,1,0,0,0,0,0,0,0,0,0
25.0,0,25000.0,1,4.15,69.9,3,36.9,1,0,4.8,3.8,3.57,0,1,0,0,0,1,0,0,0,0,0
20.8,1,38430.0,1,3.62,79.1,1,17.9,0,1,7.4,0.97,0.84,0,0,1,0,0,0,1,0,0,0,0
22.4,0,25810.0,0,3.84,88.9,1,35.7,0,1,8.4,1.59,1.97,1,0,0,0,0,1,0,0,0,0,1
19.7,0,25000.0,1,3.56,85.4,1,40.4,0,1,6.3,2.61,2.52,0,0,1,0,1,0,0,0,0,0,1
26.4,1,39530.0,0,5.88,88.6,0,28.7,1,0,5.3,3.68,3.66,0,0,0,1,0,0,0,1,1,0,0
25.4,0,25000.0,1,3.01,79.3,2,14.1,0,0,3.6,2.22,2.26,0,0,0,1,0,0,0,1,0,0,0
21.0,0,31110.0,1,5.47,83.0,0,50.8,1,0,6.9,1.62,2.09,0,0,1,0,0,1,0,0,1,0,0
21.9,1,54875.0,1,3.37,81.2,4,35.6,0,0,6.1,1.95,1.98,0,0,0,1,1,0,0,0,0,0,0
24.0,0,51366.0,1,5.44,87.3,1,21.3,0,0,1.3,3.51,3.2,0,1,0,0,0,0,0,1,1,0,0
20.7,1,25000.0,1,4.95,84.1,0,35.9,0,1,2.4,2.58,2.42,0,0,1,0,0,1,0,0,0,0,0
19.6,0,39800.0,0,3.95,78.9,2,9.9,1,1,6.1,2.24,1.93,1,0,0,1,0,1,0,0,0,0,0
22.9,0,25000.0,1,4.34,61.5,2,44.1,0,0,4.0,4.0,3.72,0,0,0,0,0,1,0,0,0,0,0
21.2,1,38958.0,1,2.56,83.4,0,55.5,0,0,3.6,2.14,1.95,0,0,0,0,0,0,0,0,0,0,0
21.4,0,32503.0,1,4.75,68.6,1,39.9,1,0,5.3,1.89,1.42,0,0,0,1,0,0,1,0,0,0,0
19.2,0,37324.0,1,5.23,87.5,2,18.0,0,1,6.1,3.66,3.84,0,0,0,0,1,0,0,0,0,0,0
17.2,1,25000.0,0,5.74,88.7,1,6.1,0,0,8.1,1.36,1.56,0,0,1,0,0,0,0,1,0,0,0
21.5,1,103823.0,1,3.58,63.7,2,46.4,1,1,4.0,2.48,2.51,0,1,0,0,0,0,0,1,0,0,0
23.0,1,25000.0,1,6.86,84.4,2,28.2,1,1,6.3,1.53,1.28,0,0,0,0,1,0,0,0,0,0,0
20.5,0,53259.0,1,3.59,84.2,2,25.3,1,1,3.7,2.01,2.26,0,0,0,1,0,0,0,1,0,1,0
24.2,0,25000.0,1,3.42,85.0,3,44.0,0,0,4.6,3.06,3.21,0,0,0,0,1,0,0,0,0,1,0
19.5,0,40240.0,1,3.78,72.1,2,22.9,0,0,5.8,0.93,0.67,1,1,0,0,0,1,0,0,0,0,0
18.7,1,42002.0,1,3.79,85.8,2,39.1,0,0,5.2,2.95,3.16,0,1,0,0,0,0,1,0,0,1,0
20.9,0,30730.0,1,2.14,71.9,3,30.3,1,0,3.0,0.85,0.69,0,0,0,1,0,0,1,0,0,0,0
20.8,1,25000.0,1,2.53,87.5,0,33.0,0,0,6.4,3.01,3.27,0,0,0,0,0,0,0,0,1,0,0
22.7,1,32360.0,1,2.41,85.5,0,49.6,1,1,6.8,0.75,0.62,1,0,0,1,1,0,0,0,0,0,0
19.3,1,34899.0,1,4.31,79.4,1,24.1,0,1,9.7,1.17,1.4,0,0,0,0,0,0,0,1,1,0,0
24.0,1,87026.0,1,5.95,85.4,1,23.0,0,0,5.9,1.4,1.04,0,0,0,0,0,0,0,1,1,0,0
25.3,0,25000.0,1,3.13,74.4,4,27.6,0,1,5.8,0.96,0.72,1,0,0,1,0,1,0,0,0,0,0
20.9,0,25000.0,1,3.83,77.5,2,15.6,1,0,6.0,2.66,2.97,0,0,0,0,0,1,0,0,1,0,0
23.7,0,35272.0,1,2.95,91.3,2,41.2,1,1,3.0,3.38,2.97,0,0,0,0,0,0,0,0,0,1,0
18.7,0,25498.0,1,4.86,91.0,0,39.6,0,1,3.2,2.04,2.17,0,1,0,0,0,0,0,1,1,0,0
23.4,1,28000.0,0,4.35,73.2,4,29.9,0,0,5.4,2.14,2.05,0,0,0,1,0,0,1,0,0,0,0
23.3,0,56512.0,1,5.2,77.0,2,18.9,0,0,1.4,3.39,3.21,0,1,0,0,1,0,0,0,0,0,0
22.9,0,25000.0,1,2.69,77.6,3,5.0,1,0,3.5,3.16,3.27,0,0,1,0,0,0,0,1,0,0,0
21.0,0,25000.0,1,3.95,82.5,2,20.0,0,0,4.6,1.76,1.54,1,0,0,0,0,1,0,0,0,1,0
17.0,1,25000.0,1,3.7,80.9,1,27.2,0,0,7.3,3.52,4.0,0,0,1,0,0,0,0,0,0,0,0
19.6,1,25000.0,1,3.78,92.3,1,7.2,0,0,6.0,3.08,2.86,0,0,0,0,0,0,1,0,0,0,0
19.6,0,125841.0,1,5.29,94.3,0,59.9,0,0,2.8,4.0,3.89,0,0,1,0,0,0,0,0,0,0,0
18.8,1,42570.0,1,3.26,96.4,4,35.0,1,0,5.4,3.18,3.39,0,0,1,0,0,1,0,0,0,0,0
21.3,0,52625.0,0,3.42,99.3,2,36.5,0,0,6.6,1.5,1.49,1,0,0,1,0,1,0,0,0,0,0
20.1,0,28330.0,1,2.97,69.4,3,28.2,1,0,6.8,3.36,3.34,0,0,0,0,1,0,0,0,0,1,0
19.2,1,46874.0,1,6.8,80.5,5,38.9,1,0,7.4,3.15,3.02,1,1,0,0,0,0,1,0,0,1,0
18.7,1,25000.0,1,2.76,76.4,1,26.4,1,1,7.7,1.73,1.91,0,1,0,0,0,1,0,0,1,0,0
19.4,0,55436.0,1,4.77,74.8,1,28.1,1,1,6.5,1.04,0.95,1,0,0,1,0,1,0,0,0,1,0
23.5,1,25000.0,0,2.22,93.3,2,46.9,0,0,6.4,3.72,3.21,1,0,0,1,0,0,0,1,0,0,0
19.5,0,25000.0,0,4.6,85.4,3,43.2,0,1,5.9,2.75,2.54,0,1,0,0,0,0,1,0,1,0,0
19.9,0,40259.0,1,2.51,69.3,2,29.9,0,0,7.0,3.17,2.99,0,1,0,0,0,1,0,0,1,0,0
20.0,1,35949.0,1,4.2,100.0,3,54.3,0,0,4.1,3.25,2.94,0,0,0,1,0,0,1,0,0,1,0
21.7,0,31281.0,1,4.4,67.5,2,29.0,0,0,5.1,1.73,1.56,0,0,0,1,1,0,0,0,0,0,1
22.0,0,25000.0,1,3.9,79.2,0,23.9,0,1,4.2,4.0,3.99,0,0,0,1,0,1,0,0,0,0,0
17.0,0,31568.0,1,4.92,82.7,2,31.5,0,0,6.3,0.85,0.35,0,0,0,1,0,0,1,0,0,1,0
23.2,0,52909.0,1,4.6,72.9,2,33.6,1,1,5.0,3.36,3.11,0,0,0,0,0,0,0,1,1,0,0
24.2,0,25000.0,1,3.11,86.4,3,15.7,1,0,7.3,4.0,3.54,0,0,1,0,0,0,0,0,0,1,0
18.7,1,65445.0,1,4.64,77.1,1,35.8,0,1,5.6,2.37,2.22,0,0,1,0,0,0,0,1,0,0,0
18.9,1,25000.0,1,4.3,88.6,1,55.4,0,0,7.4,2.51,2.67,0,0,0,1,0,0,0,0,1,0,0
20.0,1,29850.0,1,5.24,85.2,1,41.4,1,0,1.7,1.07,1.2,1,1,0,0,0,0,1,0,1,0,0
19.3,1,74697.0,1,2.11,62.0,0,38.0,1,0,4.2,0.0,0.02,0,1,0,0,1,0,0,0,0,0,0
21.5,0,25000.0,1,4.15,69.6,2,35.8,0,0,7.2,1.58,1.84,0,0,0,1,0,0,0,1,1,0,0
17.0,1,55960.0,1,4.12,88.8,3,18.0,0,0,5.5,2.86,2.58,0,0,0,0,0,0,0,0,0,1,0
18.5,0,97226.0,1,3.52,85.2,1,18.0,0,0,7.4,0.13,0.45,1,1,0,0,0,0,0,0,0,1,0
24.4,1,32946.0,1,5.38,73.8,4,32.0,0,0,6.0,2.1,1.71,1,0,0,0,0,0,0,0,0,0,0
19.0,1,25000.0,0,3.08,76.6,2,24.9,0,0,3.8,1.72,1.41,0,0,1,0,1,0,0,0,1,0,0
23.7,0,25000.0,1,4.93,81.3,3,12.6,1,0,8.7,1.45,2.02,1,1,0,0,1,0,0,0,0,0,0
21.8,1,65040.0,1,3.06,65.8,5,25.8,0,0,4.3,1.18,1.44,0,1,0,0,0,0,0,0,0,0,0
17.0,0,63960.0,1,5.72,100.0,2,35.4,0,0,4.2,4.0,4.0,0,0,0,0,0,1,0,0,1,0,0
22.4,1,70940.0,1,4.53,74.2,2,37.0,1,0,7.0,2.49,2.8,0,1,0,0,0,0,0,0,1,0,0
20.7,0,29153.0,1,1.98,82.2,2,20.0,0,0,3.9,4.0,3.43,0,0,0,0,1,0,0,0,0,0,0
20.0,0,55419.0,1,5.48,95.4,2,29.4,1,0,3.2,1.66,0.92,1,0,0,1,0,0,0,1,1,0,0
21.5,0,28874.0,1,4.73,80.5,0,35.0,1,1,4.1,2.17,2.01,0,0,1,0,0,1,0,0,0,0,1
22.0,1,25000.0,1,4.12,84.6,1,14.8,0,1,7.0,0.66,1.15,1,1,0,0,0,0,0,1,0,0,0
22.6,1,58367.0,1,3.17,74.3,2,20.7,0,0,9.4,0.0,1.0,1,0,1,0,0,0,0,0,0,0,0
23.6,0,79247.0,1,2.89,77.6,4,29.8,0,0,5.5,1.94,2.09,0,0,0,0,0,0,0,1,0,1,0
21.9,0,25000.0,0,4.66,74.6,3,19.1,1,0,4.2,2.92,3.41,0,0,0,1,0,0,1,0,0,0,0
18.0,1,25000.0,0,2.0,92.2,1,26.1,0,0,7.7,0.0,0.02,1,1,0,0,0,1,0,0,0,1,0
20.0,1,30455.0,0,3.12,76.7,3,59.9,1,0,4.4,1.27,1.32,1,0,1,0,0,0,1,0,0,1,0
27.5,1,52769.0,0,4.91,76.1,1,11.9,1,1,4.7,1.57,1.1,0,1,0,0,0,1,0,0,0,0,0
22.6,1,25000.0,1,2.17,75.1,1,47.1,1,1,6.2,0.89,0.42,0,0,0,1,1,0,0,0,0,0,0
26.2,0,34071.0,1,2.23,85.1,5,34.1,0,0,7.6,1.07,1.01,1,0,1,0,0,1,0,0,0,0,0
24.1,1,25000.0,1,4.68,86.7,2,15.3,1,0,5.6,2.62,3.1,0,0,1,0,1,0,0,0,0,1,0
21.5,1,45274.0,1,3.65,66.0,2,38.1,1,1,4.9,0.0,0.02,1,0,0,0,0,0,1,0,0,1,0
21.7,0,25000.0,1,6.16,82.5,4,30.5,1,0,9.7,2.57,2.69,0,1,0,0,0,0,0,1,0,0,0
20.9,1,47244.0,1,3.6,84.4,3,44.5,0,0,4.3,2.66,2.83,0,0,1,0,1,0,0,0,1,0,0
17.2,0,27040.0,1,1.98,93.2,2,37.9,0,0,4.5,2.34,2.14,1,0,0,0,1,0,0,0,0,1,0
21.0,0,25000.0,1,5.47,72.2,0,32.4,0,0,4.8,1.51,1.39,0,0,1,0,0,0,0,0,0,1,0
23.7,1,30891.0,1,2.27,73.0,0,26.3,0,0,6.5,1.36,1.46,0,0,0,1,0,0,0,0,0,0,0
19.7,0,25000.0,0,2.69,87.1,1,44.0,1,1,4.7,3.7,3.77,0,0,0,1,0,1,0,0,0,0,0
21.9,1,25000.0,0,3.56,81.5,1,25.3,0,1,7.0,3.36,3.65,0,0,1,0,0,0,0,0,0,0,0
22.9,1,36404.0,1,4.21,93.0,3,13.2,0,1,5.4,2.87,3.14,0,0,0,1,1,0,0,0,0,1,0
19.0,1,25000.0,1,4.5,90.8,0,7.2,1,0,4.9,1.92,2.63,0,1,0,0,0,0,1,0,0,0,0
20.0,1,25000.0,1,5.25,84.2,2,15.2,0,1,4.5,4.0,4.0,0,0,0,0,1,0,0,0,0,1,0
18.8,1,25000.0,0,0.65,81.5,2,39.6,0,0,5.5,0.0,0.0,0,0,0,0,0,0,0,0,0,0,0
19.2,1,65925.0,0,2.78,80.7,1,25.6,1,0,6.3,2.87,2.28,0,1,0,0,0,1,0,0,0,1,0
18.2,0,28394.0,1,5.38,81.8,0,20.7,0,1,5.4,3.34,3.26,0,0,1,0,0,0,0,0,0,0,0
19.0,0,25000.0,1,2.84,82.5,3,24.8,0,0,5.9,1.24,1.25,1,0,0,0,0,0,0,1,0,0,0
24.1,0,52423.0,1,3.93,93.4,2,40.0,0,1,4.1,3.13,3.4,0,1,0,0,1,0,0,0,1,0,0
19.0,0,25000.0,1,5.75,65.7,3,37.6,1,1,4.2,3.5,3.73,0,0,0,1,0,0,0,1,1,0,0
21.3,1,34929.0,0,3.78,78.6,2,31.9,1,0,5.5,1.33,1.35,1,0,0,1,0,0,1,0,0,0,1
19.9,1,30196.0,1,3.66,83.6,1,22.8,0,0,5.7,2.02,1.85,0,0,1,0,0,1,0,0,0,1,0
23.6,1,25000.0,1,3.79,77.2,2,25.3,0,0,5.6,1.72,1.53,0,0,0,0,0,1,0,0,0,1,0
23.9,1,35472.0,1,5.67,79.7,1,28.4,0,0,4.4,1.79,1.68,0,0,0,0,0,0,1,0,0,0,0
22.9,0,47285.0,1,1.92,78.5,4,19.3,0,1,5.6,1.87,1.83,0,1,0,0,0,1,0,0,0,1,0
21.7,0,26610.0,1,6.32,92.4,2,28.7,0,0,5.5,1.75,2.15,0,0,1,0,0,0,0,1,0,0,0
20.5,1,25000.0,1,3.71,78.6,1,18.6,0,0,5.3,2.33,2.54,0,0,0,1,0,0,0,0,0,0,0
18.4,1,25000.0,0,3.56,76.2,2,34.4,1,0,4.3,3.65,3.64,1,0,0,0,0,0,0,1,1,0,0
25.3,1,25000.0,1,2.95,88.2,0,35.7,0,0,6.4,1.47,1.54,0,1,0,0,0,1,0,0,1,0,0
19.3,1,35236.0,1,2.52,77.7,2,43.4,0,0,5.5,2.54,3.05,0,0,0,0,1,0,0,0,0,1,0
22.5,1,25000.0,1,0.96,80.7,0,33.1,0,0,4.1,3.07,2.84,0,0,1,0,0,1,0,0,0,0,0
23.3,0,43383.0,1,5.58,73.1,2,32.7,0,1,5.3,0.87,0.82,1,0,0,1,0,0,0,1,0,1,0
19.8,1,28162.0,1,1.12,78.8,0,20.0,1,1,4.5,0.18,0.67,0,0,1,0,0,0,0,1,1,0,0
23.3,0,31668.0,1,3.93,81.7,2,29.4,1,1,5.5,1.97,2.19,0,1,0,0,0,0,0,0,1,0,0
22.7,1,45261.0,0,3.43,71.9,1,17.7,0,0,8.1,2.02,1.89,0,0,0,0,0,1,0,0,0,1,0
24.8,1,25000.0,0,4.38,81.2,0,9.5,0,0,5.8,2.7,2.82,0,1,0,0,0,0,0,0,0,0,0
20.0,0,37107.0,1,1.41,86.1,2,26.8,1,0,5.9,2.25,2.47,1,1,0,0,0,0,0,0,1,0,0
18.2,0,34912.0,1,2.93,66.1,2,24.0,0,1,8.1,1.23,1.15,0,0,0,0,0,0,1,0,1,0,0
19.9,1,26612.0,1,4.62,76.8,2,37.3,0,0,6.0,1.84,1.96,0,0,1,0,1,0,0,0,0,0,0
21.5,0,25000.0,0,4.24,100.0,1,18.5,1,0,6.3,2.96,2.97,0,0,0,0,1,0,0,0,0,1,0
21.1,1,42495.0,1,3.14,80.4,1,63.8,0,0,5.8,2.83,2.78,0,0,1,0,1,0,0,0,0,1,0
20.1,1,45346.0,1,4.13,91.1,2,24.2,1,0,4.8,2.37,2.45,0,0,0,1,0,0,1,0,0,0,0
17.0,0,31830.0,1,6.24,81.8,3,29.2,1,0,6.3,4.0,3.7,1,1,0,0,0,0,0,0,1,0,0
22.0,0,25000.0,1,5.42,79.4,1,23.2,1,0,8.6,2.26,1.91,0,0,0,0,0,0,0,1,1,0,0
25.3,1,25000.0,1,5.26,89.5,2,39.3,0,0,3.1,3.05,3.63,1,0,1,0,0,0,1,0,0,0,0
22.0,1,29740.5,1,4.0,91.6,1,27.4,0,1,5.5,3.45,3.5,0,0,1,0,0,0,0,1,1,0,0
22.3,0,29740.5,1,4.0,74.9,0,18.2,0,0,5.5,3.57,3.47,0,0,0,1,0,0,0,1,0,1,0
22.3,1,25000.0,1,3.11,73.2,2,8.0,1,0,4.2,1.32,1.15,0,0,0,1,0,0,1,0,1,0,0
21.9,1,25000.0,1,4.07,71.1,1,36.9,1,1,7.7,2.41,2.68,0,0,1,0,0,1,0,0,1,0,0
23.0,0,25000.0,1,6.56,75.0,1,37.8,0,1,5.2,3.02,2.96,1,0,0,1,0,0,1,0,1,0,0
21.9,0,28284.0,0,5.2,91.1,4,34.1,1,0,6.8,3.15,2.48,0,0,0,1,0,1,0,0,1,0,0
20.3,1,25000.0,1,3.53,82.2,3,27.4,0,1,4.3,3.29,2.83,1,0,1,0,0,0,0,1,0,1,0
19.2,0,29740.5,0,4.0,91.5,3,26.2,1,0,5.5,3.16,3.08,0,0,0,0,0,0,0,0,0,0,0
20.5,0,25000.0,1,4.98,73.7,1,39.3,1,0,3.7,3.24,3.26,0,0,0,0,0,0,0,0,0,0,0
21.7,1,25000.0,1,5.22,74.0,0,28.8,1,1,8.1,2.73,2.96,1,0,0,0,0,1,0,0,0,1,0
20.3,0,27701.0,1,3.29,78.9,3,43.5,0,0,6.9,1.91,2.01,1,0,0,0,0,0,1,0,0,0,0
21.7,0,25000.0,1,3.13,84.4,0,28.8,1,0,3.6,3.43,3.87,0,1,0,0,0,1,0,0,0,0,1
22.0,1,29740.5,1,4.0,80.9,3,28.4,1,1,5.5,0.88,0.91,0,0,1,0,0,0,0,0,1,0,0
22.8,1,25000.0,1,5.63,87.6,1,34.5,0,1,5.0,2.42,3.01,1,0,0,1,0,0,0,1,0,0,0
23.8,0,31379.0,1,3.46,85.3,0,46.7,0,0,6.3,3.57,3.64,0,0,0,1,0,0,0,1,0,0,1
21.2,0,25000.0,0,4.34,85.9,2,44.1,0,0,5.6,1.3,1.9,0,0,0,0,1,0,0,0,1,0,0
18.1,1,25000.0,0,2.57,87.5,3,29.4,1,1,2.9,3.03,2.55,0,0,0,0,0,1,0,0,0,1,0
20.2,0,35539.0,1,2.12,90.8,1,25.5,1,0,4.0,1.22,1.8,0,0,0,0,0,0,1,0,0,0,0
21.1,0,34229.0,1,5.94,62.3,2,15.5,0,0,7.9,2.02,2.47,0,1,0,0,0,0,1,0,0,1,0
17.0,0,25000.0,0,3.49,81.9,3,38.3,1,0,7.2,2.17,2.05,1,0,0,0,1,0,0,0,0,1,0
24.1,0,29740.5,0,4.0,88.7,2,8.6,0,0,5.5,2.24,2.12,0,0,0,0,1,0,0,0,0,0,0
21.3,1,25000.0,1,7.77,100.0,0,50.5,1,0,5.9,3.89,3.51,0,0,1,0,1,0,0,0,1,0,0
21.8,1,68986.0,1,5.28,81.2,1,40.1,0,0,5.1,2.02,2.04,0,0,0,0,0,0,0,0,1,0,0
24.0,0,29740.5,1,4.0,64.4,2,21.0,1,0,5.5,0.9,1.14,1,1,0,0,0,1,0,0,0,0,0
19.6,1,43953.0,1,4.96,93.4,1,44.8,0,0,5.1,4.0,3.85,0,0,0,1,0,1,0,0,1,0,0
22.3,0,25000.0,1,1.91,72.3,2,36.6,0,0,4.1,2.42,2.39,0,0,0,1,1,0,0,0,0,0,1
20.8,1,25000.0,1,3.59,85.7,3,35.6,0,0,6.8,4.0,4.0,1,1,0,0,0,0,0,1,1,0,0
20.6,1,25000.0,1,2.91,86.3,2,26.8,0,1,7.6,1.08,0.45,0,0,0,0,0,0,0,0,0,0,0
19.3,1,25000.0,1,4.54,83.0,0,36.6,0,0,6.2,0.77,0.96,1,0,0,1,1,0,0,0,0,0,0
24.7,0,50715.0,1,6.15,64.9,1,13.0,0,1,6.5,4.0,4.0,0,0,0,0,0,0,1,0,1,0,0
20.2,0,71135.0,1,1.8,79.1,2,30.8,1,0,3.3,2.51,2.69,1,0,1,0,1,0,0,0,0,0,1
22.5,1,102453.0,1,6.41,69.4,4,21.8,0,1,3.2,3.52,3.25,0,0,0,1,0,1,0,0,0,0,0
17.0,1,25000.0,1,4.97,85.6,0,26.5,0,0,3.1,2.98,2.8,0,0,0,1,0,1,0,0,0,0,0
23.6,1,31901.0,1,2.7,74.9,2,21.7,1,0,7.4,2.85,2.67,0,1,0,0,0,0,1,0,0,0,0
23.3,0,65755.0,0,2.73,65.0,2,22.3,0,0,4.8,3.27,3.29,0,0,0,1,0,0,0,1,1,0,0
21.2,1,25536.0,1,3.07,87.7,1,45.5,0,0,7.0,0.6,0.34,1,1,0,0,0,0,1,0,0,0,0
20.5,0,25000.0,1,2.87,71.9,1,12.8,0,1,4.4,1.5,1.59,1,1,0,0,1,0,0,0,0,0,0
21.9,1,25000.0,1,2.91,83.1,3,34.9,0,1,5.5,0.7,0.57,1,1,0,0,0,0,0,0,0,0,0
26.0,1,29740.5,0,4.0,76.1,1,16.4,1,1,5.5,1.81,1.91,1,0,0,0,1,0,0,0,0,0,0
17.1,0,29391.0,1,3.75,88.9,0,45.9,1,1,4.9,3.93,4.0,0,1,0,0,0,0,0,0,0,0,0
22.7,1,25000.0,0,4.97,88.6,3,35.1,0,0,2.4,4.0,3.92,0,0,0,1,0,0,0,1,0,1,0
19.0,0,29740.5,1,4.0,83.9,6,13.1,0,0,5.5,0.0,0.1,1,0,1,0,0,0,0,1,0,0,0
21.0,1,32591.0,1,4.39,81.1,2,34.0,1,1,4.8,1.97,2.31,0,1,0,0,0,1,0,0,0,1,0
20.5,1,32891.0,1,5.46,78.5,2,21.6,1,1,2.4,4.0,3.97,0,0,1,0,0,0,0,1,0,1,0
20.1,1,26101.0,1,2.06,72.4,1,32.7,1,1,6.3,1.98,1.84,0,0,0,1,0,1,0,0,1,0,0
21.0,1,78701.0,1,3.13,77.3,3,14.1,0,1,6.5,0.25,0.46,1,1,0,0,0,0,0,0,0,0,1
18.5,0,27441.0,1,2.04,85.8,2,44.8,1,1,4.3,2.09,2.39,0,0,0,1,0,1,0,0,1,0,0
23.3,0,78558.0,1,2.18,97.6,2,6.0,1,1,3.3,0.64,0.57,0,0,0,0,0,0,1,0,0,1,0
17.1,0,41709.0,1,5.77,86.6,3,20.3,0,0,8.6,2.48,2.28,0,0,0,0,0,1,0,0,1,0,0
22.2,1,36706.0,1,3.34,87.7,2,17.0,1,0,6.0,2.99,2.73,0,1,0,0,0,1,0,0,0,0,0
20.3,0,27779.0,1,4.6,81.1,4,34.6,1,1,1.2,4.0,3.95,0,0,0,1,0,0,0,1,0,0,0
18.4,0,53336.0,1,4.22,86.2,0,24.1,0,0,4.7,2.57,2.68,0,1,0,0,0,0,0,1,0,0,1
21.4,1,31818.0,0,4.92,64.8,2,27.8,0,0,4.3,0.64,0.62,0,0,1,0,0,0,0,0,0,0,0
17.6,0,25000.0,1,4.19,76.2,1,22.3,1,0,4.2,1.81,1.67,0,0,0,0,1,0,0,0,1,0,0
21.1,0,25000.0,1,4.14,87.6,2,13.6,0,0,7.5,2.96,2.51,0,0,0,0,1,0,0,0,0,1,0
17.9,1,38311.0,1,2.07,87.8,0,27.3,1,1,6.0,2.72,2.6,0,1,0,0,0,0,0,1,1,0,0
22.0,0,25000.0,1,4.05,77.7,1,14.4,0,0,6.6,2.46,2.22,0,0,1,0,0,0,0,0,0,1,0
19.0,1,28643.0,1,4.03,71.5,0,8.0,1,1,5.3,2.0,2.18,0,1,0,0,0,1,0,0,1,0,0
20.0,1,56067.0,0,2.78,81.4,3,37.5,0,0,7.0,3.15,2.91,0,0,1,0,0,1,0,0,0,0,0
21.6,1,35681.0,1,1.31,78.5,2,15.1,1,1,4.8,2.42,2.45,0,1,0,0,0,0,0,1,0,0,0
19.3,0,29740.5,1,4.0,89.5,2,47.5,1,0,5.5,1.1,1.4,0,0,0,1,0,0,1,0,1,0,0
20.9,1,69286.0,1,5.59,87.6,2,47.0,0,0,6.4,3.3,3.57,0,0,0,1,0,0,0,0,0,0,0
17.7,0,29740.5,1,4.0,79.4,2,40.6,0,0,5.5,2.12,2.53,0,0,0,0,1,0,0,0,1,0,0
22.4,0,54758.0,0,3.78,90.9,2,16.4,0,0,1.7,3.81,3.46,0,0,0,1,0,0,1,0,0,1,0
24.9,0,25000.0,1,1.1,79.8,4,55.5,0,0,2.5,2.58,3.0,0,0,0,1,0,0,1,0,0,0,0
27.1,1,36261.0,1,4.84,84.8,3,5.0,0,0,9.7,2.12,2.02,0,0,0,1,1,0,0,0,0,0,0
21.2,0,49281.0,0,5.54,98.3,3,19.4,0,0,6.7,3.08,3.22,0,1,0,0,0,0,0,0,0,1,0
22.7,0,82469.0,0,3.87,78.8,1,40.0,0,0,6.8,1.35,0.81,1,0,0,1,0,0,1,0,0,0,0
17.1,1,25000.0,1,4.81,83.4,1,39.1,1,0,8.1,3.52,3.91,1,0,0,1,0,1,0,0,0,0,0
24.3,0,61308.0,1,4.08,82.0,2,21.3,0,0,3.5,1.56,1.45,0,0,1,0,0,1,0,0,0,0,1
22.7,0,79748.0,1,2.74,82.1,0,20.6,0,0,4.2,0.44,0.71,1,1,0,0,1,0,0,0,1,0,0
19.9,0,25000.0,1,3.83,75.0,1,27.4,0,0,3.5,2.79,2.56,0,1,0,0,0,1,0,0,0,0,0
23.7,1,39623.0,1,3.96,92.5,2,29.0,0,0,9.7,1.3,1.27,0,1,0,0,1,0,0,0,1,0,0
20.4,1,43070.0,0,3.81,74.7,1,24.4,0,1,3.7,3.62,3.63,0,1,0,0,1,0,0,0,1,0,0
20.0,1,25000.0,1,4.48,96.9,2,49.9,0,0,7.8,1.22,1.42,0,1,0,0,0,0,0,0,0,0,0
22.0,1,25000.0,1,4.17,95.1,0,21.8,1,0,4.3,3.33,3.69,0,0,0,0,0,0,1,0,0,0,0
18.7,0,44387.0,1,3.75,84.0,4,47.6,0,1,5.7,1.72,1.48,1,0,0,1,0,0,0,0,0,0,1
23.2,0,25000.0,1,3.17,82.0,0,34.9,1,1,7.8,2.21,1.66,1,1,0,0,0,0,0,1,1,0,0
18.7,0,26099.0,1,4.65,75.8,1,42.2,1,1,6.0,2.35,1.49,1,0,1,0,1,0,0,0,1,0,0
18.7,0,48410.0,1,4.56,82.6,2,12.1,1,0,5.3,1.79,1.77,0,0,1,0,1,0,0,0,0,0,0
19.0,0,85172.0,1,4.23,90.6,0,42.3,0,1,9.6,1.71,1.43,1,1,0,0,0,0,0,0,0,0,0
22.7,1,29740.5,1,4.0,76.5,2,41.9,1,0,5.5,2.85,2.76,0,0,1,0,0,0,1,0,0,1,0
19.6,0,32212.0,1,2.53,93.7,1,22.0,1,0,3.8,2.69,2.74,0,1,0,0,0,0,1,0,0,0,0
18.0,1,25000.0,1,4.88,90.2,2,40.2,0,0,4.9,1.99,1.87,1,0,0,1,0,0,1,0,0,0,1
19.7,1,25000.0,1,2.84,81.2,1,12.2,0,0,7.4,1.61,1.38,0,0,1,0,0,0,1,0,0,1,0
20.9,0,57858.0,0,3.56,88.4,2,24.3,0,0,4.6,2.53,2.82,0,0,1,0,1,0,0,0,0,0,0
18.4,1,27117.0,1,1.98,74.7,2,44.0,1,1,7.2,0.0,0.07,1,0,0,1,1,0,0,0,0,1,0
18.5,1,59303.0,1,4.58,81.2,1,27.8,1,1,2.4,3.86,3.97,0,1,0,0,0,0,1,0,0,0,0
25.6,0,25000.0,1,2.39,99.7,3,26.8,1,0,7.6,0.0,0.0,1,0,1,0,0,0,0,0,0,0,0
19.1,1,25000.0,1,2.32,91.6,1,46.9,0,0,7.1,0.21,0.41,1,0,0,0,0,0,0,0,0,0,0
20.3,1,38272.0,1,2.71,86.0,2,6.6,1,0,3.6,4.0,3.98,0,0,0,1,1,0,0,0,0,0,0
20.2,1,28398.0,0,4.56,82.6,1,27.9,1,1,5.4,1.61,1.55,0,0,1,0,0,0,0,0,0,0,0
20.1,1,25000.0,1,3.72,81.4,1,29.2,0,0,5.0,3.46,3.71,0,0,0,1,0,0,1,0,0,1,0
22.4,1,88470.0,1,3.18,81.8,2,20.4,0,1,6.3,2.75,2.58,0,0,0,0,0,0,0,1,1,0,0
23.1,0,25000.0,1,6.15,75.8,5,46.5,1,0,7.6,1.57,1.24,1,0,1,0,0,1,0,0,0,0,0
20.3,1,51873.0,1,4.68,87.2,3,19.1,0,1,4.3,3.98,3.99,0,0,1,0,0,1,0,0,0,1,0
18.3,0,49272.0,1,1.41,90.4,2,19.2,1,1,6.2,0.9,1.46,0,1,0,0,1,0,0,0,0,0,0
23.8,1,25000.0,1,2.86,80.0,5,5.0,1,0,5.9,1.81,2.1,0,0,1,0,0,0,1,0,0,0,0
20.8,1,25000.0,1,1.43,85.7,0,43.3,1,0,5.7,2.51,2.73,0,0,0,0,0,0,0,1,0,0,0
24.8,0,25000.0,0,3.38,76.2,1,26.0,0,1,8.1,0.02,0.0,1,0,1,0,0,0,1,0,1,0,0
17.0,0,25000.0,1,5.35,81.5,3,26.1,0,1,5.8,1.86,1.78,0,0,0,0,0,0,1,0,0,0,0
21.4,0,83774.0,1,4.32,75.2,1,27.4,0,0,3.3,0.61,0.65,0,0,1,0,1,0,0,0,0,0,0
25.2,0,26368.0,1,3.7,80.2,1,44.3,0,0,6.8,2.54,2.83,0,0,1,0,1,0,0,0,0,1,0
20.2,1,50709.0,0,3.39,83.0,5,49.4,0,0,8.4,1.77,1.63,0,1,0,0,0,1,0,0,0,0,0
20.5,1,40465.0,1,4.42,86.8,4,9.2,1,1,5.8,2.59,2.95,0,1,0,0,0,0,0,0,1,0,0
21.7,0,34836.0,0,1.8,77.1,2,24.4,0,0,7.9,0.0,0.23,1,0,1,0,0,0,1,0,0,0,0
19.8,1,30461.0,1,3.84,85.8,0,16.4,0,0,4.7,3.57,3.61,0,0,0,0,0,0,0,0,0,0,0
20.3,1,62460.0,1,4.22,74.3,1,27.3,0,0,6.2,1.45,1.43,1,1,0,0,0,0,1,0,1,0,0
20.3,1,25000.0,1,2.34,84.5,2,28.9,1,1,2.7,2.03,2.44,0,1,0,0,0,0,1,0,0,0,0
19.6,0,29740.5,1,4.0,99.7,0,9.4,0,0,5.5,1.87,1.6,0,0,0,1,0,0,0,0,1,0,0
23.7,1,25000.0,1,6.56,79.0,0,34.4,0,0,5.8,4.0,4.0,0,0,1,0,0,0,1,0,0,1,0
22.0,1,29740.5,1,4.0,56.3,0,24.6,0,0,5.5,1.36,1.15,1,0,0,1,0,0,1,0,1,0,0
21.6,1,25000.0,1,1.78,89.2,0,39.4,0,1,6.3,2.44,2.33,0,1,0,0,0,0,1,0,1,0,0
22.8,0,25000.0,1,3.02,84.3,3,30.4,0,0,7.8,1.53,1.51,0,0,1,0,1,0,0,0,1,0,0
20.4,1,31445.0,1,3.96,85.7,0,9.4,0,0,2.7,2.45,2.51,0,0,1,0,0,0,1,0,1,0,0
19.3,1,25000.0,1,7.0,92.2,2,37.4,0,0,8.1,2.61,2.55,0,0,0,0,0,1,0,0,0,0,0
19.7,0,26662.0,1,5.16,76.3,0,13.9,0,0,4.2,3.44,3.58,0,0,1,0,0,1,0,0,0,1,0
21.0,0,25000.0,1,5.42,76.6,2,15.2,0,0,3.3,2.57,3.0,0,0,0,0,0,0,0,0,0,0,0
18.7,0,25000.0,1,4.52,86.4,1,26.2,0,1,7.4,1.86,1.34,0,0,0,0,0,0,0,1,1,0,0
19.9,0,40093.0,1,2.72,90.3,1,26.6,0,0,3.5,2.95,2.9,0,1,0,0,0,0,1,0,0,0,0
19.9,1,30267.0,1,6.07,83.9,3,9.0,1,0,8.0,2.07,2.23,1,0,1,0,0,0,0,1,0,0,0
25.7,1,25000.0,0,5.11,81.4,6,28.2,1,1,1.6,3.94,4.0,0,0,1,0,0,0,0,0,0,0,0
17.0,1,65813.0,1,5.66,84.6,4,28.9,0,0,4.1,2.92,3.21,0,0,0,1,1,0,0,0,0,0,0
20.6,0,25000.0,1,6.21,87.9,1,28.5,1,1,7.1,1.51,0.9,0,0,0,1,0,1,0,0,0,0,0
24.8,1,25000.0,1,6.02,70.4,1,9.7,1,0,6.7,2.9,2.3,0,0,1,0,1,0,0,0,0,0,0
21.3,0,25000.0,1,3.98,74.1,1,31.7,0,1,1.0,2.35,2.4,0,1,0,0,0,0,1,0,1,0,0
22.7,0,43003.0,1,4.36,81.3,1,37.4,1,0,4.3,2.61,2.99,1,0,0,1,0,0,0,1,0,1,0
21.2,1,30604.0,1,4.25,87.5,0,13.8,0,0,2.4,2.27,2.97,0,0,0,1,0,1,0,0,0,0,0
19.5,1,27864.0,1,5.21,99.4,2,17.1,0,1,5.7,4.0,3.94,0,1,0,0,0,1,0,0,0,0,0
17.0,1,25000.0,1,4.43,81.1,3,39.4,1,0,5.6,1.77,2.26,0,0,1,0,0,0,0,0,0,0,0
21.5,1,49962.0,1,4.19,84.0,2,49.0,0,0,5.1,2.24,1.87,0,0,0,0,0,0,0,0,1,0,0
19.3,1,29740.5,1,4.0,76.7,1,28.0,0,0,5.5,1.54,2.01,0,0,0,0,1,0,0,0,0,1,0
19.2,0,31869.0,1,3.81,87.3,1,24.6,0,1,3.5,3.81,4.0,0,0,1,0,0,1,0,0,0,1,0
19.9,1,25000.0,1,4.39,73.2,2,32.4,1,1,4.2,4.0,3.71,0,0,1,0,0,1,0,0,0,0,0
24.8,1,25000.0,1,5.69,81.9,3,46.3,0,0,7.4,2.07,2.09,0,0,1,0,0,0,0,1,0,0,0
26.3,1,73099.0,1,2.76,74.4,3,19.8,0,0,4.6,1.07,0.71,1,1,0,0,0,1,0,0,1,0,0
21.5,0,25000.0,1,4.09,65.1,4,24.2,1,1,4.5,2.87,2.71,1,0,0,1,0,0,1,0,0,0,0
20.0,0,25000.0,1,4.45,100.0,5,23.9,0,1,7.6,1.14,1.37,1,0,1,0,0,0,1,0,0,1,0
18.4,0,72279.0,1,6.15,88.4,1,13.0,0,0,3.4,3.8,3.9,0,1,0,0,0,0,0,0,1,0,0
22.0,0,43671.0,1,3.44,88.5,4,40.2,0,1,8.2,0.76,0.85,0,0,0,1,0,0,1,0,0,0,0
24.9,1,25000.0,1,2.99,89.3,2,33.1,0,1,8.3,0.01,0.01,1,1,0,0,0,1,0,0,0,0,0
20.5,1,62816.0,1,5.96,93.4,1,5.8,0,1,3.7,2.8,2.83,0,0,0,0,0,0,0,1,0,0,0
17.0,1,38875.0,1,4.66,83.3,1,29.9,1,0,7.2,2.89,2.78,1,0,0,1,0,0,1,0,0,0,0
22.5,1,34187.0,1,3.45,88.9,1,49.9,1,1,1.6,3.08,2.82,0,1,0,0,0,0,0,1,0,0,0
23.2,0,34042.0,1,5.37,78.0,1,33.3,1,0,5.7,1.67,1.54,1,0,0,0,0,0,1,0,0,0,0
17.5,1,39306.0,1,1.56,80.6,0,49.2,1,1,3.7,4.0,3.8,0,0,0,1,1,0,0,0,1,0,0
21.4,1,40272.0,1,3.93,69.7,1,23.3,0,0,6.4,0.2,0.0,1,1,0,0,1,0,0,0,1,0,0
22.0,0,111033.0,1,4.38,83.6,2,41.6,1,0,6.1,2.32,2.41,1,0,1,0,0,0,1,0,0,0,0
20.8,0,26451.0,1,4.77,77.8,2,45.8,0,0,5.0,3.79,3.85,0,0,1,0,1,0,0,0,0,0,0
19.3,0,26946.0,0,2.93,80.9,4,29.1,0,0,3.5,3.48,3.45,0,0,0,0,0,0,0,1,0,0,0
23.2,1,25000.0,1,2.9,88.6,0,25.1,0,0,7.2,2.79,3.01,0,0,1,0,0,0,0,1,0,1,0
20.1,0,28821.0,1,6.0,84.4,2,43.2,0,0,5.4,3.86,4.0,1,1,0,0,0,1,0,0,0,0,0
17.7,0,90920.0,1,4.02,90.2,1,36.5,1,0,4.2,2.8,2.64,0,1,0,0,1,0,0,0,0,0,0
17.0,1,29740.5,1,4.0,77.3,2,41.4,0,1,5.5,2.38,2.03,0,0,0,0,0,0,0,1,0,1,0
23.8,0,25000.0,1,3.05,85.1,1,35.0,0,1,5.3,2.86,2.41,0,0,0,1,0,1,0,0,1,0,0
22.4,0,30273.0,1,2.81,76.9,3,29.0,1,1,5.3,0.1,0.0,1,0,0,1,1,0,0,0,0,0,0
21.2,1,25000.0,1,3.26,80.6,2,28.9,1,0,6.1,1.97,1.87,1,0,0,0,0,0,0,0,0,0,0
20.0,1,25000.0,1,5.55,79.5,2,25.7,0,0,7.2,1.68,2.41,0,0,0,1,0,0,0,0,0,1,0
19.8,1,32522.0,1,3.19,73.9,1,34.8,0,1,7.4,1.92,1.92,1,1,0,0,0,1,0,0,0,0,0
18.6,1,25000.0,1,3.69,78.7,0,27.9,0,0,5.1,0.41,0.28,0,0,0,1,0,0,0,1,0,1,0
20.1,0,25000.0,1,6.1,86.6,1,33.0,0,0,6.3,4.0,4.0,0,1,0,0,0,1,0,0,0,1,0
17.0,1,39891.0,1,6.78,74.7,2,20.5,0,0,5.1,3.65,3.95,0,0,1,0,0,1,0,0,1,0,0
19.4,0,28301.0,1,2.09,76.7,2,19.8,1,1,7.7,0.0,0.0,1,1,0,0,1,0,0,0,0,0,0
20.3,0,29740.5,1,4.0,76.9,3,37.0,0,1,5.5,2.63,2.84,0,0,0,1,0,1,0,0,1,0,0
22.3,0,25000.0,1,3.07,93.3,3,34.7,0,1,5.7,2.19,1.81,0,0,1,0,0,0,0,1,0,1,0
20.9,1,25000.0,1,2.73,88.7,4,24.8,0,0,5.5,0.49,0.6,1,0,0,0,0,0,0,0,1,0,0
22.7,1,25000.0,0,4.62,95.7,0,46.5,0,1,6.3,2.3,2.18,0,0,1,0,1,0,0,0,0,0,0
24.0,1,25000.0,1,3.98,92.9,1,20.1,1,0,6.6,0.57,0.57,1,0,0,0,0,0,0,0,0,0,0
23.3,1,58535.0,1,3.83,81.3,2,35.2,1,0,8.0,1.78,1.71,0,0,1,0,0,0,0,0,0,0,0
22.0,1,28040.0,1,5.14,97.9,2,35.5,0,0,7.7,1.51,1.35,0,0,0,0,1,0,0,0,1,0,0
21.0,0,25355.0,1,1.23,94.5,0,30.6,1,0,5.6,1.59,1.07,0,1,0,0,1,0,0,0,1,0,0
18.8,1,26555.0,1,3.2,81.4,4,45.2,0,0,5.4,2.29,1.91,0,0,0,1,0,0,0,1,0,1,0
22.6,0,29740.5,1,4.0,84.0,1,49.5,0,0,5.5,2.15,1.89,1,0,0,0,0,1,0,0,0,0,0
24.7,1,38047.0,1,5.34,76.7,3,16.2,1,0,7.3,2.97,2.72,0,0,0,1,0,0,0,1,0,0,0
21.8,0,27490.0,1,3.92,81.2,4,5.0,0,0,5.9,1.52,1.45,0,0,1,0,0,0,1,0,1,0,0
25.2,0,25000.0,1,4.53,69.6,2,24.1,0,0,9.9,0.0,0.02,1,0,0,1,0,0,0,1,0,1,0
17.6,1,25000.0,1,3.58,77.3,3,18.2,1,0,5.4,1.71,2.06,0,0,1,0,1,0,0,0,0,0,0
18.5,0,25000.0,1,3.94,88.4,3,24.8,0,0,8.2,1.94,1.66,0,0,0,1,0,0,0,0,0,0,0
22.9,0,25000.0,1,3.62,73.8,2,51.8,0,0,8.3,2.6,2.63,1,0,1,0,1,0,0,0,0,0,0
21.6,0,25751.0,1,3.7,79.5,2,62.4,0,0,8.2,3.31,3.18,0,0,0,0,1,0,0,0,0,0,0
23.9,0,25000.0,1,4.1,86.5,1,18.6,0,0,4.9,0.19,0.14,0,0,0,0,1,0,0,0,1,0,0
21.0,1,30733.0,1,5.88,79.7,2,32.7,0,0,5.3,1.45,1.4,0,1,0,0,0,0,1,0,0,1,0
19.1,1,28364.0,1,4.54,91.2,5,32.4,1,0,5.2,2.43,2.65,0,0,1,0,0,1,0,0,1,0,0
20.5,1,34148.0,1,3.73,91.6,2,34.1,0,1,8.2,2.52,2.43,0,1,0,0,0,0,0,0,0,0,0
17.6,0,52358.0,1,4.71,77.1,2,13.6,0,0,4.7,2.13,2.17,0,0,0,0,0,0,1,0,1,0,0
18.5,0,42439.0,1,4.24,78.5,1,44.8,0,1,4.5,1.95,2.23,0,0,0,0,0,1,0,0,1,0,0
23.1,0,52720.0,1,4.76,82.4,4,40.8,1,0,6.7,2.15,2.22,0,1,0,0,0,0,0,1,0,0,0
22.9,1,25000.0,1,3.49,76.7,2,24.2,1,0,3.1,3.19,3.03,0,1,0,0,0,0,0,1,0,0,0
21.8,0,25000.0,0,4.64,95.1,2,44.8,0,1,6.9,3.22,3.67,0,0,1,0,0,0,0,1,0,1,0
17.2,0,44009.0,1,4.66,78.7,1,12.7,1,1,3.4,4.0,3.84,0,0,0,1,1,0,0,0,1,0,0
20.2,1,44484.0,0,2.15,89.3,2,9.7,0,1,4.8,1.56,1.37,0,0,0,0,0,0,1,0,0,0,0
18.3,1,25000.0,1,3.5,70.0,3,33.2,0,0,7.6,1.73,1.38,0,1,0,0,1,0,0,0,1,0,0
23.6,1,42914.0,1,3.78,75.8,0,35.2,0,1,4.5,3.74,3.5,0,1,0,0,1,0,0,0,0,0,0
19.7,0,25000.0,0,3.58,73.3,2,28.0,1,0,6.1,2.64,2.7,0,1,0,0,1,0,0,0,0,0,0
18.6,0,39681.0,0,2.66,72.0,1,43.3,1,0,7.7,0.0,0.04,1,0,0,0,0,0,0,1,0,0,0
21.1,1,29267.0,1,0.79,77.9,4,22.1,1,0,3.5,1.98,1.87,0,0,0,0,0,0,0,1,0,1,0
19.6,1,25000.0,1,5.34,84.9,5,44.5,0,1,5.8,1.81,2.06,0,0,1,0,0,1,0,0,0,0,0
24.3,0,25000.0,1,1.18,94.3,1,39.5,0,0,6.7,2.27,2.12,0,0,0,0,1,0,0,0,1,0,0
19.4,0,110124.0,1,6.57,80.4,2,52.4,1,1,2.9,2.28,2.47,0,0,0,0,0,0,1,0,0,1,0
17.9,0,33579.0,1,3.69,82.7,3,8.7,0,0,3.6,2.59,2.93,0,0,1,0,0,0,0,0,0,0,0
17.0,0,118216.0,1,3.13,84.7,2,24.2,1,0,8.4,2.59,2.25,1,0,0,0,0,0,0,1,0,0,0
20.9,1,25000.0,1,1.98,76.2,2,19.1,0,1,3.4,2.1,2.29,1,0,1,0,0,0,0,0,0,0,0
19.8,0,46651.0,1,1.84,81.8,2,39.3,0,1,4.9,2.63,2.63,0,1,0,0,0,0,1,0,0,0,0
17.9,1,25000.0,1,2.84,98.7,3,48.9,1,1,1.9,2.88,2.95,0,0,0,0,0,1,0,0,0,0,0
23.6,0,29728.0,1,4.25,85.1,5,25.5,0,0,4.1,2.19,2.06,0,0,0,0,0,0,0,1,0,1,0
22.5,1,43422.0,1,5.84,98.7,3,37.2,0,1,6.9,2.39,2.1,0,0,0,1,0,0,0,0,1,0,0
20.9,0,49155.0,1,1.99,82.2,1,47.3,1,1,7.2,2.47,2.35,1,0,1,0,0,1,0,0,0,0,0
24.0,1,25000.0,1,4.47,77.0,1,33.9,1,0,6.9,0.78,1.02,1,0,0,0,0,0,0,0,0,0,0
22.5,0,55462.0,1,1.59,90.3,2,38.4,1,1,5.4,3.95,3.75,0,1,0,0,1,0,0,0,0,0,0
19.2,1,25000.0,1,2.82,92.1,2,6.2,0,1,3.6,2.09,2.47,0,0,1,0,1,0,0,0,0,0,0
18.7,1,26945.0,1,4.65,78.0,3,48.8,0,1,6.2,2.17,2.37,0,1,0,0,0,0,0,1,1,0,0
22.8,0,25000.0,1,2.68,84.9,2,26.4,1,0,4.7,2.41,2.46,0,1,0,0,0,0,0,0,1,0,0
21.9,1,25000.0,0,6.01,81.5,3,62.0,0,0,2.6,3.66,4.0,0,0,1,0,1,0,0,0,1,0,0
21.4,0,76255.0,1,4.98,71.0,0,19.8,1,0,5.6,3.02,2.94,0,1,0,0,0,0,0,0,1,0,0
19.1,0,29740.5,1,4.0,71.4,1,35.7,1,1,5.5,1.65,1.86,0,1,0,0,0,1,0,0,0,0,0
22.3,1,57090.0,1,3.27,80.4,1,39.9,0,0,7.5,2.4,2.57,1,1,0,0,0,0,0,1,1,0,0
19.3,0,55649.0,1,2.87,91.2,1,5.0,0,0,7.6,3.26,3.5,0,0,1,0,0,0,0,0,0,0,0
20.8,0,25000.0,1,3.41,88.8,1,51.3,1,1,6.0,2.05,2.33,0,0,0,1,0,0,1,0,0,1,0
24.2,0,61678.0,1,4.32,74.7,2,38.9,0,0,3.8,2.36,2.46,0,0,1,0,0,1,0,0,1,0,0
19.5,0,40217.0,1,4.32,73.0,1,12.1,1,0,6.6,1.5,1.4,1,0,1,0,0,1,0,0,0,0,0
17.5,1,25000.0,1,2.94,75.0,1,34.4,0,0,5.8,1.71,1.72,0,1,0,0,0,0,0,0,1,0,0
18.7,1,38922.0,1,3.06,74.3,2,34.4,0,0,5.0,1.95,1.55,0,0,0,1,0,1,0,0,1,0,0
23.2,0,25000.0,1,1.99,74.9,1,28.4,1,0,6.7,1.87,1.84,1,0,0,1,1,0,0,0,1,0,0
21.6,1,77954.0,1,6.96,65.8,1,22.8,0,0,6.3,2.57,2.66,0,1,0,0,0,1,0,0,0,0,1
20.7,1,48449.0,1,2.83,62.5,2,29.2,1,0,4.4,2.08,2.19,0,0,0,1,0,1,0,0,1,0,0
19.9,1,29740.5,1,4.0,61.5,0,40.3,1,0,5.5,0.65,0.51,0,0,0,0,0,1,0,0,1,0,0
22.1,1,63506.0,1,0.77,69.6,2,39.9,1,1,3.4,2.79,2.97,0,0,0,0,0,0,0,1,0,0,0
19.1,0,25000.0,0,3.13,91.3,0,30.1,1,1,6.0,0.18,0.0,1,0,1,0,1,0,0,0,0,0,0
21.7,0,25000.0,1,4.53,100.0,2,32.7,1,0,7.1,2.7,2.28,0,0,1,0,0,1,0,0,0,1,0
19.4,0,25554.0,1,3.86,98.2,2,28.5,0,0,4.4,2.02,2.15,0,0,0,0,0,0,1,0,0,0,0
19.0,0,113710.0,0,3.75,84.0,2,18.3,1,1,3.6,2.5,2.26,0,0,0,1,0,0,0,0,0,1,0
19.6,1,25000.0,1,4.95,75.8,1,29.3,1,0,6.4,0.62,0.59,0,0,1,0,0,0,1,0,1,0,0
20.2,1,25000.0,1,4.76,78.6,3,21.2,0,0,8.3,0.88,1.02,1,0,0,1,0,1,0,0,0,0,0
20.9,1,25000.0,0,2.83,83.1,1,18.1,0,0,9.1,1.34,0.56,0,0,1,0,0,1,0,0,1,0,0
21.5,0,51212.0,0,4.34,98.5,2,5.0,1,0,8.2,2.85,3.3,0,0,0,0,0,1,0,0,1,0,0
17.0,1,25000.0,1,4.09,74.1,2,25.1,0,0,5.4,1.12,1.33,0,0,0,0,0,0,0,0,0,0,0
19.2,1,27026.0,1,3.23,82.0,0,39.4,0,1,3.9,2.83,2.57,0,0,0,1,0,0,0,0,0,0,0
20.1,0,46990.0,1,5.86,82.8,0,44.7,1,1,6.6,2.73,2.21,0,0,0,1,0,1,0,0,0,0,0
24.3,0,27042.0,1,2.99,81.3,3,35.4,1,0,5.4,2.19,1.83,0,0,0,1,0,0,0,1,1,0,0
18.6,1,33607.0,1,3.25,65.9,1,14.5,0,0,5.1,0.35,0.28,1,0,0,0,0,0,1,0,0,1,0
21.4,1,40992.0,1,3.38,79.8,0,28.1,0,0,8.9,2.84,2.79,0,0,0,0,0,0,0,0,0,1,0
24.3,0,25000.0,1,5.2,71.2,0,16.1,0,0,8.0,1.12,1.09,1,1,0,0,0,1,0,0,0,1,0
18.1,0,29740.5,1,4.0,100.0,0,52.9,0,1,5.5,2.67,3.0,0,0,0,0,0,1,0,0,0,1,0
21.9,1,34378.0,1,5.76,86.6,0,25.4,0,0,5.3,2.43,2.07,0,0,1,0,0,1,0,0,0,0,0
19.2,1,50056.0,1,5.01,90.9,0,24.1,0,0,5.5,2.23,2.2,0,0,0,1,0,1,0,0,0,1,0
19.9,0,25000.0,1,3.87,74.9,5,41.1,0,0,2.7,3.61,3.53,0,1,0,0,0,0,1,0,0,1,0
19.2,0,25000.0,1,5.25,78.4,3,29.5,0,1,7.4,3.21,3.55,0,0,0,1,0,1,0,0,0,1,0
19.4,0,44701.0,1,4.49,98.3,2,42.9,1,0,7.8,2.3,2.44,0,0,1,0,0,1,0,0,0,0,0
27.0,0,51877.0,1,3.84,90.2,3,16.5,0,0,4.1,1.84,1.91,0,1,0,0,0,0,1,0,0,0,0
22.9,0,33524.0,1,3.4,85.4,1,31.1,0,0,4.4,2.32,2.12,0,0,1,0,0,0,1,0,0,0,0
23.4,1,34926.0,1,3.78,92.7,2,36.1,1,0,7.3,1.65,1.75,0,0,0,0,1,0,0,0,1,0,0
22.1,1,25000.0,1,3.38,97.7,1,5.0,0,0,4.9,2.14,1.83,0,0,0,0,1,0,0,0,1,0,0
17.5,0,40139.0,1,4.54,94.1,1,21.8,0,0,7.5,3.07,2.97,1,1,0,0,0,1,0,0,1,0,0
21.9,0,49608.0,1,3.72,90.4,1,22.6,0,1,4.1,1.6,1.84,0,1,0,0,0,0,1,0,1,0,0
23.4,0,30758.0,0,4.63,91.2,3,30.7,0,0,4.9,2.02,2.13,0,0,0,0,0,0,1,0,1,0,0
19.1,1,132554.0,1,4.66,79.4,1,26.3,1,0,6.4,2.33,2.62,0,0,1,0,0,0,0,0,0,0,0
23.1,0,25000.0,1,4.01,83.6,1,33.6,1,1,4.9,3.47,3.66,0,0,1,0,0,0,1,0,0,1,0
22.5,1,32787.0,1,3.41,87.4,2,27.2,1,0,4.8,4.0,3.96,0,0,1,0,0,1,0,0,1,0,0
25.1,0,25000.0,1,2.82,84.5,4,43.8,0,0,4.8,1.43,1.2,0,1,0,0,0,0,0,0,0,1,0
20.1,1,50408.0,1,3.86,86.0,2,55.3,0,0,6.8,1.28,1.36,0,1,0,0,1,0,0,0,0,1,0
18.6,0,25000.0,0,4.38,80.9,3,12.0,0,1,7.2,1.86,1.58,0,0,0,0,0,1,0,0,1,0,0
20.2,0,25000.0,1,2.23,60.2,0,30.3,0,1,6.4,2.46,2.12,0,1,0,0,0,0,0,0,0,0,1
24.2,1,25000.0,1,1.69,87.4,1,43.0,1,1,4.2,0.88,1.44,1,0,1,0,0,0,0,0,1,0,0
17.0,1,34874.0,1,3.84,82.9,0,21.6,1,0,8.0,2.31,2.69,0,1,0,0,1,0,0,0,0,1,0
17.0,0,29740.5,1,4.0,68.0,0,33.4,0,1,5.5,0.69,0.63,1,1,0,0,0,1,0,0,1,0,0
21.2,0,25000.0,1,5.31,99.6,4,25.4,0,1,7.4,1.39,1.22,0,0,0,1,0,0,0,0,0,0,0
20.0,1,29740.5,1,4.0,84.9,3,18.0,0,1,5.5,4.0,3.71,0,0,0,1,0,0,0,0,0,1,0
21.0,1,25711.0,1,2.69,75.6,3,17.8,0,0,7.6,3.23,2.99,0,0,0,0,0,1,0,0,0,1,0
23.1,1,72582.0,1,1.79,87.5,3,5.0,0,0,4.8,1.09,1.3,0,0,0,1,1,0,0,0,0,0,0
19.8,0,44871.0,1,4.75,82.7,1,32.0,0,0,4.7,3.39,3.63,0,1,0,0,0,0,0,0,1,0,0
17.0,1,25000.0,1,4.26,90.9,1,32.8,1,1,6.2,3.42,3.35,0,0,1,0,0,0,0,0,0,0,0
25.5,1,104632.0,1,4.51,77.2,3,18.6,0,0,1.8,1.64,1.31,0,0,1,0,1,0,0,0,0,0,1
18.8,0,39935.0,1,5.0,75.5,1,26.6,0,0,6.1,2.02,1.91,0,0,1,0,0,1,0,0,0,1,0
18.7,0,25000.0,1,3.46,77.7,2,12.7,1,1,5.0,0.73,0.46,1,0,1,0,0,0,0,0,0,0,0
23.4,1,34680.0,1,3.74,68.2,4,36.4,0,1,8.0,0.0,0.0,1,0,1,0,0,0,1,0,1,0,0
20.2,0,40999.0,1,5.06,78.5,2,25.2,1,1,6.0,1.52,1.62,1,0,0,0,0,0,0,0,1,0,0
20.9,0,25000.0,1,4.58,94.7,3,39.2,0,1,3.7,4.0,4.0,0,0,0,0,0,0,1,0,0,1,0
22.1,1,25000.0,1,6.66,76.2,2,26.1,0,0,4.1,2.35,2.43,0,0,0,1,0,0,0,1,0,0,0
23.4,1,31316.0,1,4.38,71.1,0,18.1,0,0,1.1,2.07,2.34,0,0,1,0,0,0,1,0,1,0,0
20.3,0,25000.0,0,4.33,77.8,1,23.6,1,1,9.9,2.81,2.71,0,1,0,0,0,0,0,0,0,1,0
24.3,1,72220.0,1,5.15,83.8,3,48.1,0,0,1.0,4.0,3.95,0,1,0,0,0,1,0,0,1,0,0
17.0,1,46383.0,1,6.69,76.0,1,55.2,1,0,4.5,2.25,2.32,0,0,0,1,0,0,0,1,1,0,0
22.7,1,25000.0,1,4.93,82.6,2,11.9,1,0,6.8,1.43,1.75,0,1,0,0,0,0,0,0,0,0,1
19.2,0,38390.0,0,3.63,84.0,3,40.9,1,1,8.1,1.74,2.28,1,1,0,0,0,0,0,0,0,0,0
24.0,0,63594.0,1,3.14,82.0,1,16.7,1,0,8.7,2.1,1.73,0,1,0,0,0,0,0,0,1,0,0
21.3,0,25000.0,1,4.21,81.3,2,20.9,0,0,5.3,3.6,3.54,0,1,0,0,0,0,0,1,0,1,0
19.5,1,25000.0,1,2.57,96.1,3,32.5,0,1,6.4,2.64,2.78,0,0,1,0,1,0,0,0,0,0,0
22.5,0,29534.0,1,4.84,83.4,3,35.9,1,0,5.0,2.72,3.19,0,1,0,0,0,0,1,0,1,0,0
23.0,0,30375.0,1,4.39,75.7,3,21.3,0,0,2.7,1.08,1.12,1,0,1,0,0,1,0,0,0,0,0
22.4,1,28816.0,1,4.67,88.0,3,37.3,1,0,3.6,2.03,1.72,0,0,0,1,0,0,0,1,0,0,0
18.7,0,25000.0,1,1.69,81.5,1,44.2,1,0,2.4,3.85,3.37,0,0,0,0,0,1,0,0,1,0,0
19.9,1,25000.0,1,5.75,82.6,0,38.7,1,0,6.1,1.91,1.96,0,1,0,0,0,1,0,0,1,0,0
21.0,0,37442.0,1,2.54,90.1,3,18.4,0,0,4.9,1.42,2.02,0,0,0,1,0,0,1,0,0,1,0
20.9,1,58710.0,1,2.36,92.7,4,24.7,0,0,5.2,3.19,3.28,0,0,0,0,0,0,1,0,0,0,0
22.6,0,25000.0,1,1.38,72.9,0,40.5,1,0,6.7,2.57,2.23,0,0,0,1,0,1,0,0,0,0,0
17.0,0,128417.0,1,3.21,95.9,1,48.6,1,0,5.9,1.87,2.28,1,1,0,0,0,0,0,0,0,0,0
21.7,0,96415.0,1,4.2,81.5,1,14.7,0,1,6.7,0.23,0.22,1,0,1,0,1,0,0,0,1,0,0
20.4,1,66009.0,1,3.87,81.5,3,33.6,0,0,8.8,2.93,3.37,0,1,0,0,0,0,0,0,1,0,0
19.2,1,43195.0,1,4.9,73.9,2,38.8,0,1,4.1,2.39,2.04,1,0,1,0,0,0,0,1,0,1,0
19.4,1,99190.0,1,5.66,88.0,1,13.2,0,1,2.1,3.02,3.05,0,1,0,0,0,1,0,0,1,0,0
20.5,0,25000.0,1,5.77,70.6,2,42.2,0,1,4.5,2.67,2.85,0,0,0,1,0,0,0,0,0,1,0
17.0,0,25000.0,1,3.67,86.3,2,55.4,0,0,5.1,2.14,2.41,0,0,0,0,0,0,0,0,0,0,0
19.5,1,25000.0,1,3.81,95.2,0,38.0,0,0,6.3,2.98,3.31,0,0,1,0,0,0,0,1,0,0,0
19.1,1,25000.0,1,3.82,79.5,2,36.8,1,0,6.8,1.29,1.43,0,0,1,0,0,0,0,1,0,0,0
22.2,0,31987.0,1,3.46,90.7,2,21.0,1,0,3.6,4.0,4.0,0,0,1,0,1,0,0,0,1,0,0
19.2,0,35593.0,1,6.63,82.7,1,24.1,0,0,3.3,3.82,3.98,0,1,0,0,0,0,0,1,0,0,0
20.5,1,33540.0,0,4.41,70.9,1,22.2,0,0,8.0,1.14,1.59,1,0,0,1,0,0,0,0,0,0,0
24.4,1,29512.0,1,4.66,83.0,3,19.4,1,0,6.1,1.46,1.59,0,0,0,0,0,0,1,0,0,0,1
23.2,1,32206.0,1,4.88,80.5,3,27.1,0,0,6.1,1.61,1.93,0,1,0,0,1,0,0,0,0,0,0
23.0,0,84271.0,1,5.58,89.2,3,33.7,1,1,6.0,2.89,3.19,1,0,1,0,0,1,0,0,0,0,0
19.9,0,43132.0,1,3.7,79.1,2,19.7,1,0,5.8,2.67,2.35,0,0,1,0,0,0,0,1,0,1,0
22.2,0,51715.0,0,4.67,86.0,2,25.8,1,0,5.1,3.18,3.75,0,0,0,0,0,0,0,1,0,1,0
20.5,1,33339.0,1,4.76,73.6,1,33.8,1,0,4.2,3.24,3.3,1,0,1,0,0,1,0,0,1,0,0
20.6,0,25000.0,1,1.97,85.4,2,5.0,0,1,4.5,2.7,2.75,0,0,1,0,0,0,1,0,1,0,0
21.9,1,25000.0,1,3.37,82.2,3,41.4,1,1,9.4,1.65,1.97,1,0,0,1,0,0,0,1,1,0,0
19.7,1,103744.0,1,3.79,81.0,1,32.6,0,0,8.7,1.99,2.03,0,0,0,0,1,0,0,0,0,0,0
24.3,0,25000.0,1,5.29,82.2,0,32.7,1,1,7.2,2.4,2.68,1,0,1,0,0,0,1,0,0,0,0
20.6,1,25000.0,1,8.54,79.7,3,43.9,0,0,5.4,4.0,4.0,0,0,1,0,0,0,0,0,0,0,0
22.4,1,34455.0,0,3.43,83.1,1,41.3,1,1,6.5,2.2,1.78,0,0,0,1,0,0,1,0,0,0,0
24.2,0,29740.5,1,4.0,80.4,2,37.3,1,0,5.5,2.56,2.91,0,0,1,0,0,1,0,0,0,0,0
23.3,1,44628.0,1,4.57,74.2,1,33.4,0,0,7.3,1.75,1.9,0,0,1,0,0,1,0,0,1,0,0
17.9,0,86219.0,1,1.76,71.6,2,29.9,0,0,5.1,2.43,1.93,0,0,0,0,0,1,0,0,0,0,0
22.0,0,73163.0,1,1.68,78.0,3,23.0,0,1,5.5,1.18,1.33,1,0,0,0,0,1,0,0,1,0,0
22.9,0,25000.0,0,3.82,79.5,4,18.5,1,1,5.7,2.42,2.61,1,0,1,0,0,1,0,0,1,0,0
23.0,1,53170.0,1,3.3,58.0,2,34.6,0,0,5.2,1.9,1.96,0,0,1,0,0,1,0,0,0,0,0
18.6,1,25000.0,1,5.45,82.2,1,34.7,1,0,6.9,2.26,2.01,0,1,0,0,0,0,0,0,0,0,0
19.6,1,27378.0,1,3.52,99.6,3,31.7,0,0,8.4,1.77,1.45,0,0,0,0,0,0,1,0,1,0,0
23.2,1,25000.0,1,2.3,87.5,1,13.9,1,1,7.0,2.51,2.97,0,0,1,0,0,0,1,0,0,0,0
19.3,0,25000.0,1,2.68,80.6,1,5.0,0,1,5.6,2.91,2.7,0,0,0,0,0,0,0,1,0,0,0
20.3,1,29175.0,1,5.55,75.5,2,30.7,0,0,3.6,3.35,3.77,0,0,0,1,0,0,0,1,1,0,0
24.5,1,25000.0,1,3.05,68.4,2,8.0,0,1,5.6,3.56,3.31,0,1,0,0,0,0,1,0,0,0,0
20.9,0,51880.0,1,3.55,89.1,3,33.8,0,1,5.4,2.4,2.59,0,0,0,1,0,0,0,0,0,1,0
19.4,0,25118.0,0,3.61,85.4,0,53.4,0,0,7.0,2.38,2.37,0,0,0,1,0,0,0,1,1,0,0
19.1,0,35780.0,1,3.24,72.1,2,34.0,0,0,4.3,2.8,2.88,0,0,0,0,1,0,0,0,1,0,0
21.7,1,67543.0,1,4.4,89.7,1,24.8,0,1,3.9,1.56,1.51,0,0,1,0,1,0,0,0,0,1,0
18.1,0,25000.0,1,6.3,88.7,2,17.4,1,1,6.0,3.24,2.93,0,0,0,0,0,0,1,0,1,0,0
20.5,0,25000.0,1,4.72,76.6,1,23.1,1,0,7.2,1.98,2.87,0,1,0,0,0,0,1,0,0,1,0
21.7,1,33141.0,1,5.07,79.7,1,29.6,0,0,5.8,2.31,2.45,0,0,0,0,0,1,0,0,1,0,0
23.9,1,35865.0,1,2.75,84.0,3,42.9,0,1,7.2,0.99,0.4,1,0,0,0,0,1,0,0,0,0,0
22.5,1,57647.0,1,4.48,86.4,2,31.7,0,0,3.2,4.0,3.55,0,0,1,0,0,0,0,0,1,0,0
19.4,0,50026.0,1,5.78,73.2,1,26.5,1,0,6.4,1.92,1.95,0,0,0,0,0,0,1,0,0,0,0
23.6,1,31513.0,1,3.7,86.5,3,38.1,0,0,3.2,3.86,4.0,0,1,0,0,1,0,0,0,0,0,0
20.3,0,35669.0,1,3.99,82.5,0,47.7,1,1,10.0,2.03,1.39,1,1,0,0,0,0,1,0,1,0,0
18.3,0,36266.0,1,4.99,90.9,1,33.8,0,0,7.9,2.94,2.97,1,1,0,0,1,0,0,0,0,0,0
20.6,0,25000.0,1,5.99,88.1,6,32.3,1,0,6.2,1.38,1.52,0,0,1,0,0,0,0,1,0,1,0
24.2,1,27070.0,1,5.54,82.5,2,10.1,1,1,2.6,3.27,3.42,0,1,0,0,0,0,0,1,1,0,0
21.4,1,34513.0,1,2.35,89.3,1,13.7,1,0,3.0,2.76,2.56,0,0,0,0,0,0,0,1,0,0,0
21.0,1,39149.0,0,4.44,69.9,2,12.1,0,0,8.9,0.29,0.23,1,0,0,1,0,1,0,0,0,0,0
24.6,1,25000.0,1,3.21,79.0,0,27.7,0,1,3.4,2.26,2.42,0,1,0,0,0,0,0,1,1,0,0
17.9,0,25000.0,1,3.58,74.2,2,20.0,1,1,6.4,3.06,2.94,0,0,1,0,1,0,0,0,0,0,0
18.2,1,25830.0,1,2.31,77.6,3,24.0,0,0,8.8,0.0,0.72,1,1,0,0,0,0,0,0,0,0,0
17.4,1,96802.0,1,3.65,77.5,2,19.8,0,0,5.7,3.38,3.67,0,0,0,0,0,0,1,0,0,0,0
21.8,1,29740.5,1,4.0,71.9,2,20.9,0,1,5.5,1.94,1.81,0,0,0,1,1,0,0,0,0,0,0
21.4,1,60136.0,1,3.79,89.6,2,7.8,0,0,2.3,3.06,3.36,0,1,0,0,0,0,0,0,1,0,0
24.4,0,76945.0,1,4.64,88.0,4,32.6,1,1,6.2,4.0,3.77,0,0,0,1,0,1,0,0,1,0,0
21.5,0,30555.0,1,4.37,77.1,5,38.4,1,0,3.5,2.51,2.35,0,0,0,0,1,0,0,0,0,1,0
20.1,0,25000.0,1,5.15,63.5,4,30.8,1,0,5.5,2.85,2.76,0,0,1,0,0,0,1,0,0,0,0
21.0,1,40445.0,1,3.37,78.0,2,34.4,0,1,3.6,2.74,2.52,0,0,0,1,0,1,0,0,1,0,0
21.3,0,33423.0,1,1.8,81.6,0,35.6,0,1,4.4,2.45,2.05,0,0,0,0,1,0,0,0,0,1,0
17.3,0,25000.0,1,6.08,92.9,4,35.1,1,0,4.5,2.09,2.8,0,0,0,1,1,0,0,0,0,1,0
27.0,1,25000.0,1,4.71,77.5,0,40.2,0,0,5.0,1.47,1.5,0,0,0,0,0,1,0,0,0,0,0
22.1,1,39032.0,1,4.77,89.8,2,44.3,0,0,4.2,1.87,1.74,0,0,0,1,0,0,1,0,1,0,0
21.5,0,52055.0,1,4.7,78.0,0,48.9,0,0,6.0,3.16,3.59,0,1,0,0,0,0,0,1,0,1,0
22.4,0,25000.0,1,4.34,86.5,2,6.9,0,0,7.3,2.81,2.92,0,0,0,1,0,0,0,1,1,0,0
22.6,0,28525.0,1,5.29,88.5,4,35.6,0,0,4.9,3.0,2.87,0,0,0,1,0,1,0,0,0,0,0
20.7,1,44408.0,1,3.15,86.6,5,15.5,0,1,6.0,2.97,3.55,0,0,1,0,1,0,0,0,0,0,0
19.6,1,29740.5,1,4.0,74.3,4,46.9,0,0,5.5,2.39,1.81,0,0,0,1,0,1,0,0,0,0,0
22.3,0,25000.0,1,4.46,79.1,3,30.8,1,0,2.7,3.04,2.55,1,1,0,0,1,0,0,0,0,1,0
21.8,0,25000.0,1,4.17,86.7,1,33.3,0,1,6.2,1.37,1.49,0,0,0,1,1,0,0,0,0,1,0
19.2,1,25000.0,1,3.36,69.4,3,31.4,1,1,7.1,0.53,0.43,1,1,0,0,1,0,0,0,1,0,0
24.1,0,147463.0,1,4.33,88.3,3,32.5,0,1,2.1,4.0,3.91,0,1,0,0,0,0,0,0,1,0,0
21.6,1,26431.0,1,3.73,72.3,2,49.8,0,1,5.3,3.21,3.04,0,0,0,1,0,0,0,1,1,0,0
22.6,0,67443.0,1,5.11,71.2,4,44.9,1,0,6.3,3.18,3.68,0,0,0,1,0,0,0,1,1,0,0
24.1,0,81666.0,1,3.4,77.7,2,49.3,1,1,6.0,2.4,2.34,0,0,0,0,0,0,1,0,1,0,0
21.0,0,26632.0,1,2.66,76.5,3,27.7,1,0,4.4,0.09,0.31,1,0,0,0,0,1,0,0,0,1,0
21.7,1,37088.0,1,4.73,83.5,1,5.0,1,1,5.6,1.15,1.05,1,1,0,0,0,0,0,0,0,0,0
22.8,1,31618.0,1,6.74,84.1,2,39.0,0,0,7.2,1.79,1.64,0,1,0,0,0,1,0,0,0,0,0
19.4,0,29740.5,1,4.0,82.6,2,16.6,0,0,5.5,4.0,3.82,0,1,0,0,0,0,1,0,1,0,0
21.1,0,25000.0,1,3.81,74.1,0,25.7,1,1,8.3,1.92,1.4,0,1,0,0,0,0,0,0,1,0,0
21.3,0,30617.0,1,6.33,91.7,3,29.3,1,0,3.0,4.0,3.36,0,1,0,0,0,0,0,0,0,0,0
18.9,0,25000.0,0,4.6,82.5,1,30.0,0,0,7.1,2.51,2.5,1,1,0,0,0,0,0,0,0,0,0
26.1,0,92499.0,0,3.81,89.4,1,37.7,1,0,5.6,1.83,1.66,0,0,0,1,0,1,0,0,0,0,0
17.9,0,25798.0,1,6.23,63.7,2,18.9,1,0,4.6,3.1,2.61,0,0,0,0,0,0,0,1,1,0,0
18.1,1,95852.0,0,3.04,86.3,1,37.5,0,0,2.2,4.0,3.98,0,0,1,0,0,1,0,0,1,0,0
23.9,1,25000.0,1,3.57,77.4,1,27.7,0,0,7.6,0.0,0.27,1,1,0,0,0,1,0,0,0,0,0
22.6,1,93650.0,1,4.44,88.1,0,61.2,0,1,3.8,3.22,3.04,0,0,0,1,0,0,0,0,1,0,0
18.7,0,40290.0,1,7.67,96.3,3,10.9,1,0,5.4,3.15,3.2,0,1,0,0,0,0,0,1,0,0,0
22.3,1,41688.0,1,2.8,72.7,1,31.5,1,1,6.3,1.52,1.14,0,0,1,0,0,0,0,1,1,0,0
24.2,1,25000.0,1,2.53,88.9,3,37.4,0,0,9.8,0.69,0.23,1,0,0,0,0,0,0,1,0,0,0
20.9,0,42030.0,1,4.29,77.2,1,25.1,1,1,4.9,3.15,3.71,0,0,0,0,1,0,0,0,0,1,0
26.7,0,82095.0,0,5.94,67.0,1,23.1,0,1,5.6,2.5,2.32,1,1,0,0,0,0,0,0,0,1,0
17.2,0,27258.0,1,5.17,89.4,1,45.9,0,0,6.2,3.21,3.0,0,0,1,0,0,0,0,1,0,0,0
22.5,1,25000.0,1,3.12,96.6,4,40.1,1,1,5.7,1.67,1.31,0,0,0,0,1,0,0,0,0,0,0
23.6,0,25641.0,1,2.51,98.9,1,20.4,1,1,4.1,0.98,0.68,1,0,1,0,0,0,0,1,0,1,0
23.0,1,29740.5,1,4.0,69.4,0,12.2,0,0,5.5,2.12,2.03,0,1,0,0,0,0,0,1,0,1,0
20.6,1,49673.0,1,4.14,70.4,2,37.1,0,0,4.7,2.34,2.49,0,0,0,0,0,0,1,0,1,0,0
20.4,1,29740.5,1,4.0,80.3,1,33.9,0,0,5.5,2.3,2.43,0,0,0,1,1,0,0,0,1,0,0
22.0,1,35889.0,0,3.69,81.1,3,36.9,0,1,5.1,1.73,1.82,0,0,0,1,0,0,0,1,1,0,0
22.8,1,30442.0,0,3.65,90.8,2,28.4,0,0,4.4,3.34,2.87,0,1,0,0,0,0,0,0,0,0,0
22.3,0,38345.0,1,3.64,81.8,1,40.3,1,0,7.4,2.49,2.89,0,0,0,1,1,0,0,0,1,0,0
23.3,1,56506.0,1,4.79,65.4,1,49.2,0,0,6.0,0.86,1.24,1,0,0,1,1,0,0,0,0,0,0
18.8,0,25635.0,1,4.45,87.0,1,48.4,0,0,1.6,4.0,3.75,0,1,0,0,0,0,0,0,0,1,0
20.5,1,67589.0,1,4.81,82.6,1,20.2,1,0,6.0,1.89,1.89,0,0,0,1,0,0,1,0,1,0,0
18.9,1,37031.0,1,4.44,89.2,1,60.0,1,0,4.4,2.96,2.78,0,0,0,1,0,0,1,0,0,1,0
20.2,1,25000.0,1,1.57,84.0,0,37.9,0,0,2.6,3.21,3.38,0,0,0,1,0,0,0,1,0,0,0
23.2,0,50519.0,1,4.01,87.5,1,12.9,0,0,7.2,2.72,3.03,0,0,0,0,0,0,0,1,0,0,0
21.2,0,25000.0,1,3.13,82.1,0,35.2,0,1,4.1,3.57,3.53,0,0,1,0,0,0,0,1,0,0,0
26.7,0,49787.0,1,6.06,84.3,1,32.8,0,1,6.0,2.65,2.68,0,0,0,0,0,0,0,1,0,0,0
21.4,0,51068.0,1,2.51,74.6,2,28.6,0,1,7.2,1.91,1.66,1,0,1,0,1,0,0,0,0,0,0
21.1,0,36241.0,1,1.51,84.8,3,27.6,0,0,5.1,2.17,2.68,0,0,0,0,1,0,0,0,1,0,0
21.2,0,41201.0,1,5.03,80.5,2,38.4,0,1,6.0,3.32,3.84,0,0,0,1,0,1,0,0,1,0,0
19.6,0,57487.0,1,4.32,85.9,2,38.5,1,1,4.3,1.97,1.98,0,0,0,1,0,0,0,1,0,1,0
20.9,1,25000.0,1,4.18,72.5,1,23.0,1,0,7.5,2.75,2.8,1,0,0,0,0,1,0,0,0,1,0
23.5,0,47861.0,1,4.53,93.2,0,23.6,0,1,5.2,3.44,3.69,0,0,0,0,0,0,0,1,1,0,0
21.3,1,59743.0,1,3.88,84.0,1,23.1,0,0,6.5,0.64,0.86,0,0,0,1,0,1,0,0,0,0,0
19.3,1,29740.5,1,4.0,73.3,0,27.9,0,0,5.5,4.0,4.0,0,0,0,0,0,0,1,0,0,0,0
19.0,0,25000.0,1,4.22,82.0,2,40.6,0,0,2.2,2.34,2.24,0,0,0,1,0,0,0,1,0,0,0
20.0,1,37991.0,1,2.62,86.8,0,44.4,0,1,4.3,2.55,2.3,0,0,0,0,0,1,0,0,0,0,0
21.2,1,25000.0,1,5.93,64.0,5,27.4,1,1,5.2,0.74,1.17,0,0,0,0,0,0,0,1,1,0,0
23.6,1,25000.0,1,3.15,81.1,1,43.2,0,0,5.7,1.38,1.58,1,0,0,0,0,0,0,1,1,0,0
18.1,0,36880.0,1,2.42,75.7,0,35.3,1,0,6.6,1.43,1.32,0,0,0,1,0,0,0,0,1,0,0
20.3,1,31147.0,1,4.5,79.1,2,31.6,0,0,7.7,2.66,2.84,0,0,1,0,0,0,0,1,1,0,0
21.3,1,59101.0,1,2.93,90.1,4,52.4,1,0,4.2,1.39,1.59,1,0,1,0,0,0,1,0,1,0,0
17.0,0,25000.0,1,5.55,69.2,1,33.9,1,1,5.1,2.57,2.59,0,0,0,0,0,0,0,0,0,0,0
19.2,1,27435.0,1,1.41,87.9,0,28.4,0,0,7.5,1.23,0.88,1,0,1,0,0,0,0,1,1,0,0
19.5,1,29740.5,1,4.0,85.7,1,40.0,1,0,5.5,3.32,3.91,1,0,0,0,1,0,0,0,0,1,0
19.2,1,25000.0,1,3.52,92.2,0,15.2,0,1,2.4,2.7,2.85,0,0,0,0,0,0,0,0,1,0,0
21.4,1,25000.0,1,4.17,65.4,4,27.4,0,0,2.3,2.47,2.4,0,0,1,0,0,0,1,0,0,0,0
20.6,1,58085.0,1,3.04,86.7,2,33.1,0,1,4.6,2.5,2.34,0,0,0,1,0,0,1,0,1,0,0
19.8,1,25000.0,1,3.65,84.0,0,38.6,1,1,6.5,0.79,0.75,1,1,0,0,0,0,0,1,0,0,0
21.9,1,60445.0,1,6.25,81.6,3,32.9,1,1,6.5,2.24,2.28,1,1,0,0,0,0,0,0,0,0,1
24.8,0,29740.5,1,4.0,93.6,2,14.5,0,1,5.5,4.0,3.7,0,1,0,0,0,1,0,0,0,1,0
24.6,0,25000.0,1,1.91,65.1,6,19.4,1,0,6.7,1.66,1.88,1,0,1,0,0,1,0,0,0,0,0
17.0,0,40873.0,1,3.7,83.0,2,24.8,0,0,6.0,3.93,3.82,0,1,0,0,0,0,0,0,1,0,0
22.3,1,40680.0,1,2.53,90.2,3,32.9,1,1,3.6,2.66,2.68,0,0,0,0,0,0,1,0,1,0,0
20.6,1,38321.0,1,4.75,69.0,1,14.4,0,0,4.4,3.05,3.17,0,0,0,1,0,0,0,1,0,0,0
21.3,0,27306.0,1,4.65,86.8,4,46.9,1,0,2.0,4.0,4.0,0,0,1,0,0,1,0,0,0,0,0
20.1,1,25000.0,1,3.83,84.6,2,33.8,0,1,3.4,1.85,2.04,0,0,0,1,0,0,0,0,0,0,1
21.3,0,66684.0,1,4.49,65.0,0,33.4,0,1,2.1,1.24,1.12,0,0,0,0,0,0,1,0,0,0,0
21.3,1,27975.0,1,2.61,90.8,2,27.9,0,1,2.7,2.65,3.0,0,0,0,1,1,0,0,0,0,0,1
19.7,0,25000.0,1,5.23,74.9,1,12.7,0,0,8.5,2.94,2.75,0,0,0,1,0,0,0,0,0,0,0
19.0,1,39124.0,0,3.26,94.6,1,31.1,1,0,4.8,4.0,3.9,0,0,0,0,0,0,0,1,0,1,0
20.0,1,25000.0,1,6.18,86.6,4,39.0,0,0,2.3,3.78,3.86,0,0,0,0,0,0,0,1,0,0,0
21.5,0,25000.0,0,3.58,84.4,1,28.2,0,1,6.3,2.77,2.36,0,0,1,0,1,0,0,0,0,0,0
22.3,0,25000.0,1,3.41,90.1,0,42.8,1,0,6.0,3.59,3.56,0,1,0,0,0,0,1,0,0,1,0
22.9,1,29740.5,1,4.0,89.2,3,29.3,1,0,5.5,2.35,2.33,0,0,0,0,0,0,0,1,0,0,0
19.9,0,25000.0,1,4.76,66.3,1,38.4,1,1,3.9,1.59,1.46,1,0,0,1,0,0,0,1,0,0,0
21.6,1,48235.0,1,5.88,68.4,2,28.7,1,0,6.6,2.55,2.32,1,0,0,0,1,0,0,0,1,0,0
23.1,1,27770.0,1,4.46,80.9,2,34.6,0,1,3.5,3.07,3.04,0,0,1,0,0,0,1,0,0,1,0
23.6,0,29740.5,1,4.0,58.400000000000006,1,40.4,1,1,5.5,3.43,3.69,0,1,0,0,0,0,1,0,0,0,0
20.9,0,25000.0,1,2.93,95.3,0,17.0,1,0,7.1,3.03,3.12,0,0,0,1,0,0,0,0,0,1,0
20.5,0,25000.0,1,3.73,74.1,3,37.8,0,0,5.4,2.33,2.93,0,0,0,1,0,1,0,0,0,0,1
21.4,1,32509.0,1,2.56,82.7,6,42.7,0,0,2.9,3.3,3.29,0,1,0,0,0,1,0,0,1,0,0
18.5,1,90544.0,0,3.34,86.7,2,56.3,1,1,6.9,2.75,2.97,0,0,1,0,0,0,0,1,1,0,0
20.6,0,40888.0,0,3.14,100.0,1,30.9,1,0,4.4,2.66,2.38,0,0,1,0,0,0,1,0,0,0,0
22.6,1,204684.0,1,2.09,91.2,1,5.0,1,1,6.0,0.0,0.4,1,0,0,1,0,0,0,1,1,0,0
22.4,1,36288.0,1,5.22,76.7,2,8.6,0,0,6.7,1.36,1.3,0,0,0,0,1,0,0,0,0,1,0
20.4,1,34246.0,1,4.77,86.2,1,19.4,1,0,4.0,3.12,3.34,0,0,1,0,0,1,0,0,0,1,0
21.5,1,25000.0,1,3.48,87.6,0,45.4,0,0,9.4,2.44,3.09,1,0,0,1,0,0,0,1,1,0,0
19.2,1,38437.0,1,4.42,87.0,1,56.4,0,1,5.4,2.98,3.06,0,0,0,1,0,0,1,0,0,1,0
22.5,1,32899.0,1,3.46,74.2,0,25.1,0,0,4.3,1.78,1.47,0,0,1,0,0,0,0,0,1,0,0
20.8,0,25000.0,1,3.71,98.3,1,30.6,0,0,7.3,2.3,2.55,1,0,0,1,0,0,1,0,0,1,0
20.4,0,27390.0,1,4.66,72.2,0,5.0,0,0,8.3,0.31,0.18,0,0,0,0,0,0,1,0,0,0,0
20.2,1,28542.0,1,3.98,87.4,0,37.8,0,0,1.8,4.0,3.96,0,0,1,0,0,0,0,1,1,0,0
20.9,1,26690.0,1,4.02,74.9,2,31.6,1,0,3.0,4.0,3.83,0,0,1,0,1,0,0,0,0,0,0
20.0,1,29740.5,1,4.0,85.1,3,27.0,0,0,5.5,2.59,2.9,0,1,0,0,0,1,0,0,1,0,0
22.4,1,25000.0,1,5.07,80.4,1,18.4,1,1,9.3,0.0,0.65,0,0,1,0,0,0,0,1,0,0,0
20.1,0,32912.0,1,5.69,71.6,2,25.8,0,0,4.6,1.1,1.25,0,0,0,1,0,0,0,0,0,0,0
24.5,0,25000.0,1,5.33,62.2,1,13.9,0,0,8.2,1.47,1.29,1,1,0,0,1,0,0,0,0,0,0
24.2,0,47575.0,0,3.31,89.1,1,19.7,0,0,5.9,2.58,2.25,0,0,0,1,1,0,0,0,1,0,0
19.0,0,33059.0,1,5.27,77.5,2,14.8,0,0,2.9,2.74,2.72,0,0,0,0,1,0,0,0,0,1,0
21.2,1,25136.0,1,4.56,83.1,0,17.8,0,0,7.1,3.18,3.09,0,0,1,0,0,0,1,0,1,0,0
19.6,1,25000.0,1,2.88,96.4,3,16.1,1,1,6.1,1.75,1.71,1,0,0,1,0,0,1,0,0,1,0
20.3,0,34406.0,1,3.61,87.0,3,36.9,0,1,3.9,3.14,3.34,0,0,0,1,0,0,0,1,0,0,1
25.4,0,29740.5,1,4.0,43.8,1,16.2,0,1,5.5,0.5,0.31,1,1,0,0,1,0,0,0,1,0,0
20.3,1,28669.0,1,0.97,72.2,1,29.4,0,0,3.6,2.35,2.33,0,0,1,0,0,0,1,0,0,1,0
21.8,1,25000.0,1,4.25,67.3,1,16.9,1,1,4.4,2.36,2.59,0,0,0,0,0,0,0,0,0,0,0
22.2,0,70261.0,1,2.54,75.3,3,17.4,0,1,6.7,1.81,2.15,0,0,1,0,0,0,0,1,0,0,0
18.8,1,49714.0,1,2.63,79.8,1,16.9,1,1,3.9,2.88,2.51,0,0,1,0,0,1,0,0,0,0,0
19.1,0,70152.0,1,4.2,100.0,1,41.7,0,0,5.7,3.65,4.0,0,1,0,0,1,0,0,0,0,0,0
18.3,0,59171.0,1,3.55,90.1,1,27.8,1,0,6.1,2.39,2.24,0,0,0,1,0,1,0,0,1,0,0
19.1,1,42421.0,1,2.7,84.9,4,21.0,0,1,5.4,2.29,2.31,0,0,0,0,0,0,0,1,0,1,0
17.0,0,25000.0,0,4.2,85.6,2,18.0,1,0,2.6,3.65,3.72,0,0,0,0,1,0,0,0,0,0,0
22.2,0,89862.0,1,2.88,85.8,2,13.9,0,0,6.8,2.63,3.03,0,1,0,0,1,0,0,0,0,1,0
25.5,0,25000.0,1,2.88,68.0,2,21.4,0,0,3.4,0.0,0.0,1,0,0,0,0,0,0,1,0,0,0
21.3,1,25310.0,0,5.53,70.7,2,12.8,0,1,4.5,3.9,3.43,0,0,0,1,0,1,0,0,0,1,0
17.9,1,45440.0,1,4.21,85.6,1,24.8,0,0,4.7,2.99,2.64,0,0,1,0,0,1,0,0,0,0,0
19.6,0,46813.0,1,4.43,82.0,5,21.5,0,1,5.4,1.69,1.55,1,1,0,0,0,0,1,0,1,0,0
20.0,1,41913.0,1,6.04,84.4,2,20.6,1,0,5.7,0.93,1.1,0,0,0,0,0,0,1,0,0,0,0
18.8,1,25000.0,1,3.7,94.8,3,44.9,1,0,6.7,2.69,2.7,0,0,0,1,0,0,1,0,0,1,0
22.9,1,25000.0,1,3.18,76.5,3,27.1,0,0,4.9,3.15,3.33,0,0,0,1,1,0,0,0,1,0,0
22.8,0,136042.0,1,3.2,79.0,1,27.8,0,1,3.3,2.87,2.68,0,0,0,1,0,0,0,0,0,1,0
18.5,1,29039.0,1,6.41,84.0,3,45.4,1,0,7.5,0.69,0.58,1,0,0,0,1,0,0,0,0,1,0
22.6,1,26982.0,1,3.88,68.4,3,13.7,1,1,4.8,2.39,2.82,0,0,0,0,0,0,1,0,0,0,1
24.4,1,25000.0,1,2.79,70.2,0,24.2,0,0,5.2,2.68,3.39,0,0,1,0,1,0,0,0,0,0,0
25.2,0,34434.0,1,4.17,92.9,1,11.4,0,0,3.7,3.58,3.24,0,0,1,0,0,0,1,0,0,0,1
27.3,0,33484.0,1,3.19,79.6,3,30.8,0,0,3.9,1.7,1.87,0,0,0,1,0,0,1,0,0,0,0
19.0,1,29445.0,1,3.47,78.1,4,37.3,1,0,8.1,1.6,1.42,0,1,0,0,0,0,0,1,0,0,0
27.2,0,37385.0,1,6.12,83.9,2,5.0,0,1,3.0,3.64,3.26,0,0,0,0,0,0,0,0,0,0,0
20.2,1,85658.0,1,4.16,68.6,2,40.3,0,0,3.3,1.67,1.72,0,0,0,0,1,0,0,0,1,0,0
19.7,0,25000.0,1,2.34,79.5,2,33.7,1,0,4.7,0.6,0.75,1,1,0,0,1,0,0,0,1,0,0
21.7,0,30511.0,1,3.43,77.4,1,30.4,0,0,6.1,1.46,1.6,1,1,0,0,0,0,0,1,1,0,0
19.7,0,25000.0,1,1.59,84.9,3,15.1,0,0,3.8,2.14,2.19,0,0,0,0,0,0,0,1,0,0,0
21.9,1,35483.0,1,3.01,65.1,1,39.3,0,0,2.7,1.64,1.4,1,1,0,0,0,1,0,0,0,1,0
18.1,0,25000.0,1,5.3,75.6,5,50.2,0,0,3.3,4.0,4.0,0,1,0,0,0,1,0,0,0,0,1
20.5,0,25000.0,1,3.06,78.3,1,25.1,0,1,4.8,0.39,0.09,1,0,0,1,0,0,1,0,1,0,0
23.8,0,25000.0,1,7.44,78.1,3,26.2,1,0,3.7,2.51,2.53,0,0,1,0,1,0,0,0,1,0,0
20.9,1,31529.0,1,0.6,90.4,4,30.3,1,0,9.5,0.29,0.22,1,0,1,0,0,1,0,0,0,0,0
21.3,1,38479.0,1,3.42,75.7,1,25.2,1,0,9.1,1.11,0.82,1,1,0,0,0,0,0,1,0,1,0
22.0,0,90788.0,1,4.15,100.0,2,27.9,0,0,7.6,1.36,1.46,1,0,1,0,0,1,0,0,0,0,0
23.6,1,39407.0,1,4.08,88.0,2,42.3,1,0,6.2,2.57,2.6,0,0,0,0,0,0,0,0,0,0,0
17.4,0,29740.5,1,4.0,63.1,3,29.2,0,0,5.5,4.0,4.0,0,0,0,1,0,1,0,0,0,1,0
22.3,1,25000.0,1,3.64,86.8,0,33.5,0,0,7.9,2.37,2.25,0,0,1,0,0,0,1,0,1,0,0
20.4,0,25000.0,1,5.63,87.8,3,54.4,0,0,5.7,3.39,3.88,0,0,1,0,0,0,1,0,0,1,0
21.4,1,25000.0,0,2.4,79.5,2,47.6,0,0,4.0,2.97,3.06,0,0,0,0,0,1,0,0,0,1,0
23.3,1,91750.0,1,3.69,91.2,0,17.4,1,1,9.3,1.13,0.92,0,1,0,0,1,0,0,0,0,0,0
18.4,1,35337.0,1,2.55,74.2,3,50.9,1,0,6.5,1.53,1.86,0,0,1,0,0,0,1,0,0,0,1
18.8,1,25000.0,1,3.36,86.7,4,46.5,0,0,8.1,0.59,0.64,1,1,0,0,1,0,0,0,0,1,0
17.0,0,25000.0,1,3.67,81.2,0,47.9,0,0,8.8,0.03,0.0,1,0,0,1,0,1,0,0,0,0,1
19.8,0,25000.0,1,4.8,84.3,1,22.5,1,1,2.3,2.35,3.05,0,1,0,0,1,0,0,0,0,1,0
23.9,0,25000.0,1,2.68,83.8,3,32.5,1,0,3.9,2.05,1.95,1,0,0,0,0,0,0,1,1,0,0
20.7,0,65497.0,1,3.64,82.1,1,25.3,0,0,5.1,0.87,1.25,0,0,0,1,1,0,0,0,1,0,0
18.1,0,29203.0,0,4.03,97.8,2,31.5,0,1,6.4,2.85,2.71,0,0,1,0,0,0,0,1,0,0,0
19.9,1,25000.0,1,4.19,77.3,0,51.0,1,0,7.1,0.55,0.24,1,0,0,0,0,0,0,1,0,0,0
17.7,1,118928.0,0,2.56,75.7,0,31.7,0,1,5.4,1.16,1.03,1,0,0,0,0,0,0,1,1,0,0
18.5,1,25000.0,1,4.3,81.3,1,9.4,0,0,7.8,2.09,2.47,0,0,1,0,0,0,1,0,0,1,0
21.9,0,25000.0,1,5.52,92.4,4,25.5,0,1,6.6,2.97,3.26,0,1,0,0,0,0,0,0,1,0,0
18.4,1,65257.0,1,5.5,82.3,3,22.1,1,0,6.6,0.39,0.02,0,0,1,0,1,0,0,0,0,0,0
23.4,1,38143.0,1,3.64,81.4,3,51.5,0,1,5.0,1.48,1.65,1,0,0,1,0,0,0,0,1,0,0
20.8,0,25000.0,1,4.68,77.6,3,20.2,1,1,6.1,2.25,2.36,0,0,0,1,1,0,0,0,0,1,0
21.2,0,25000.0,1,3.79,78.1,0,25.1,0,1,6.1,1.05,1.15,0,0,1,0,1,0,0,0,0,0,0
20.4,0,29740.5,1,4.0,90.6,4,25.5,1,0,5.5,0.83,1.01,1,0,0,1,1,0,0,0,1,0,0
22.7,0,25000.0,0,4.88,81.5,1,49.2,1,0,3.1,4.0,3.9,0,1,0,0,0,0,1,0,1,0,0
22.7,0,29858.0,1,2.49,84.0,3,41.5,1,1,6.8,2.42,2.22,1,0,0,1,0,0,0,0,0,0,0
21.7,1,33344.0,1,3.8,76.4,3,36.8,1,1,2.5,2.41,2.39,0,0,0,0,0,1,0,0,0,0,0
22.2,0,29740.5,1,4.0,88.2,3,32.8,0,0,5.5,2.9,2.4,0,0,0,0,0,0,0,1,0,1,0
20.5,0,29041.0,0,3.88,91.8,3,32.6,1,0,6.6,0.64,0.75,1,0,1,0,0,1,0,0,0,0,0
22.2,1,25000.0,0,2.5,74.6,3,30.9,0,0,4.0,2.72,2.54,1,0,0,0,0,0,1,0,0,0,0
20.3,1,35450.0,1,3.85,74.8,2,54.7,0,0,5.5,0.03,0.29,1,1,0,0,0,1,0,0,0,1,0
21.0,1,64107.0,1,3.8,75.2,3,14.8,0,0,3.8,3.57,2.89,0,0,1,0,0,0,0,1,1,0,0
20.4,1,26966.0,1,3.84,90.3,0,5.0,0,0,6.6,2.5,2.82,0,1,0,0,0,0,0,0,0,0,0
20.0,0,26652.0,0,4.33,74.3,2,35.3,0,0,5.6,0.63,0.92,1,0,1,0,1,0,0,0,0,0,0
19.5,1,31251.0,1,2.0,79.2,3,46.8,0,1,5.5,1.11,0.95,0,0,1,0,0,0,0,1,1,0,0
22.0,1,58158.0,1,5.01,74.1,3,32.2,0,0,7.5,0.89,0.83,0,0,1,0,0,0,1,0,1,0,0
23.9,0,25000.0,1,5.09,95.5,4,6.2,0,0,6.3,2.97,2.86,0,0,0,1,0,1,0,0,1,0,0
23.6,0,71005.0,1,5.83,77.7,2,38.9,0,0,6.4,3.88,3.6,0,0,1,0,0,0,0,0,0,0,0
18.2,0,38282.0,1,3.87,95.3,2,17.2,0,0,7.5,2.22,2.03,0,0,0,0,1,0,0,0,0,0,0
23.8,0,30249.0,1,4.34,81.8,2,14.6,0,0,7.7,1.72,1.6,0,0,0,0,0,0,0,1,0,0,0
20.3,1,61571.0,0,5.36,78.1,1,18.3,1,0,3.8,4.0,3.82,0,1,0,0,0,0,0,0,0,0,0
22.3,0,25000.0,1,3.09,88.4,0,10.7,1,0,6.8,2.73,2.78,0,0,0,1,0,0,0,0,0,1,0
19.0,1,40669.0,1,4.64,81.7,3,32.4,1,1,6.3,2.29,2.16,0,1,0,0,0,0,0,1,1,0,0
21.3,1,38491.0,1,3.04,93.3,2,22.2,1,0,7.9,0.41,0.4,1,0,0,0,1,0,0,0,0,1,0
21.7,1,25000.0,1,4.67,80.3,1,14.0,0,0,3.2,3.29,3.15,0,1,0,0,0,0,1,0,1,0,0
17.7,1,39198.0,1,4.51,78.4,3,58.6,1,0,4.3,3.84,3.5,0,1,0,0,0,1,0,0,0,0,0
22.3,0,29740.5,0,4.0,78.4,0,23.6,0,0,5.5,1.87,2.55,1,0,1,0,0,0,0,1,1,0,0
24.0,0,26709.0,1,4.66,91.9,3,30.6,0,0,8.0,2.54,2.5,0,0,0,0,0,0,0,0,0,0,0
20.6,0,29740.5,0,4.0,84.0,2,48.6,0,1,5.5,0.29,0.16,0,0,0,0,0,0,0,0,0,0,0
24.0,1,25000.0,1,3.79,76.1,0,38.1,1,0,5.4,1.98,1.82,0,1,0,0,0,0,0,0,1,0,0
20.6,0,34968.0,1,5.06,70.5,1,52.9,1,0,4.3,1.61,1.43,0,0,1,0,0,0,0,1,0,1,0
22.9,0,27474.0,1,5.4,83.7,1,21.6,0,0,6.9,0.55,0.59,1,0,1,0,1,0,0,0,0,0,0
17.0,1,25000.0,1,4.54,74.5,3,42.6,0,1,6.7,1.25,1.4,1,0,0,0,0,0,0,0,0,0,0
26.3,0,40204.0,1,4.02,67.9,4,35.9,0,0,4.5,3.1,3.81,0,1,0,0,1,0,0,0,0,0,1
24.3,1,29740.5,1,4.0,75.7,1,41.9,1,1,5.5,4.0,4.0,0,0,0,1,1,0,0,0,1,0,0
20.4,1,25000.0,1,3.58,72.1,2,40.1,1,0,6.9,1.35,1.32,0,0,1,0,0,0,0,0,0,0,0
17.0,0,25000.0,1,5.16,67.7,2,20.7,0,1,6.4,0.94,0.89,1,0,1,0,0,1,0,0,0,0,0
21.6,0,47736.0,1,3.2,80.9,1,63.9,1,0,4.3,3.57,3.62,0,1,0,0,1,0,0,0,1,0,0
17.8,1,29740.5,0,4.0,64.6,2,5.0,1,1,5.5,2.19,1.65,0,0,1,0,0,1,0,0,1,0,0
22.0,1,35159.0,1,2.79,75.0,5,19.6,1,0,6.7,2.32,2.34,0,0,0,1,1,0,0,0,0,0,0
21.9,0,30729.0,1,3.89,83.8,2,38.2,0,1,7.7,2.16,2.76,1,1,0,0,0,0,1,0,0,0,0
18.9,0,25000.0,1,5.97,79.6,1,33.5,0,0,7.0,1.35,1.23,0,1,0,0,0,0,0,1,1,0,0
23.5,1,96182.0,1,5.98,99.6,2,31.6,0,0,4.9,3.79,3.98,0,0,0,0,0,1,0,0,1,0,0
22.8,1,33117.0,1,6.12,80.5,2,38.6,1,0,4.1,4.0,3.94,0,1,0,0,1,0,0,0,0,1,0
23.1,1,46788.0,1,3.17,71.8,0,19.9,0,1,9.1,1.82,1.71,0,1,0,0,0,0,0,1,1,0,0
21.0,0,35274.0,1,7.52,84.4,2,40.1,1,1,4.6,4.0,4.0,0,0,0,1,0,0,0,0,0,1,0
17.9,1,25876.0,0,5.54,85.1,3,28.4,1,0,2.2,4.0,4.0,0,1,0,0,0,1,0,0,1,0,0
23.2,1,29394.0,1,5.32,79.3,3,46.8,0,0,3.3,1.22,1.58,1,0,0,0,0,1,0,0,1,0,0
20.4,1,29740.5,1,4.0,53.7,1,26.3,0,0,5.5,1.02,0.76,0,0,0,1,0,0,0,1,1,0,0
17.9,0,57117.0,1,1.97,94.4,2,35.6,0,0,7.7,0.71,0.53,0,0,1,0,1,0,0,0,0,1,0
24.0,0,95913.0,1,3.19,71.9,2,37.6,0,0,8.8,1.58,1.54,0,0,0,0,0,0,1,0,0,0,0
25.6,0,33962.0,1,3.46,89.1,0,40.9,1,0,5.9,3.26,3.41,0,0,0,0,0,1,0,0,0,0,1
20.9,1,25000.0,1,3.81,91.9,1,30.4,1,0,2.6,3.23,3.42,0,1,0,0,0,0,0,0,1,0,0
25.8,1,25000.0,1,3.44,79.5,0,26.6,0,0,7.7,0.87,0.42,0,0,0,1,0,0,1,0,1,0,0
21.2,0,25000.0,1,3.96,89.0,4,20.7,0,0,6.3,3.4,3.43,0,0,1,0,0,0,1,0,0,0,0
20.2,0,47109.0,1,4.62,89.7,3,35.8,0,0,7.7,1.43,1.17,0,0,0,0,0,1,0,0,0,1,0
19.6,0,25000.0,1,4.1,73.4,3,7.2,0,0,6.6,1.45,1.47,0,0,1,0,0,0,1,0,0,0,0
24.6,0,25000.0,1,3.74,93.8,4,33.7,0,1,3.0,4.0,4.0,0,0,0,0,0,0,0,1,0,0,0
19.3,0,130387.0,1,3.66,84.6,1,34.6,1,0,6.7,1.59,1.29,0,0,1,0,1,0,0,0,1,0,0
22.6,0,25000.0,1,5.84,64.7,2,52.5,1,0,2.7,2.91,3.09,0,0,1,0,1,0,0,0,0,0,1
19.8,0,25000.0,0,3.5,83.6,2,22.1,0,1,4.1,3.89,3.13,0,0,0,0,0,0,1,0,0,0,0
20.0,0,81062.0,1,5.01,77.5,1,32.3,0,1,7.4,0.04,0.08,0,1,0,0,1,0,0,0,0,0,0
23.3,1,29740.5,1,4.0,70.6,1,31.9,0,0,5.5,2.16,3.04,0,0,0,1,0,1,0,0,1,0,0
20.2,1,58804.0,0,1.58,76.9,1,16.7,0,1,3.8,3.33,3.44,0,0,0,0,0,1,0,0,0,1,0
20.1,0,29740.5,1,4.0,76.9,1,29.9,0,0,5.5,3.89,3.72,0,0,0,1,0,1,0,0,0,0,0
23.5,1,25000.0,0,5.6,73.7,1,13.9,0,0,5.5,1.65,1.51,1,0,0,0,0,0,0,0,1,0,0
24.5,0,82738.0,1,6.94,83.8,2,41.6,0,1,9.1,0.43,0.0,0,0,0,0,0,0,0,0,0,0,0
22.4,1,51733.0,1,5.15,86.2,2,37.1,0,1,6.5,1.51,1.38,0,0,0,0,0,0,1,0,0,0,0
19.6,1,51637.0,1,4.07,82.0,0,35.2,1,0,9.7,2.42,2.86,0,1,0,0,0,1,0,0,0,1,0
19.9,1,37071.0,1,4.75,79.6,1,22.4,0,1,5.2,2.77,2.32,0,0,0,0,0,1,0,0,0,1,0
21.2,1,42594.0,1,3.38,82.8,4,47.0,0,1,7.1,2.3,2.69,0,0,0,0,0,0,0,1,0,0,0
21.7,1,25000.0,1,2.89,90.5,2,17.0,0,1,4.9,4.0,4.0,0,0,0,1,0,1,0,0,0,0,0
18.8,1,31792.0,1,6.72,73.7,1,30.6,0,1,4.1,3.55,3.19,0,0,1,0,0,0,1,0,0,0,0
22.6,0,25000.0,1,3.63,71.3,1,16.0,1,0,3.8,1.4,0.81,0,0,1,0,0,0,1,0,0,0,0
21.2,1,25000.0,1,4.18,72.4,1,27.8,0,1,6.1,0.75,0.74,1,0,1,0,0,0,0,1,1,0,0
17.2,1,38047.0,1,4.61,68.9,2,45.3,0,0,7.8,0.0,0.0,1,0,0,1,0,1,0,0,0,1,0
19.0,1,59569.0,1,3.7,73.9,1,35.7,1,0,4.9,1.2,1.11,0,0,0,1,1,0,0,0,0,0,1
19.9,0,25000.0,1,5.25,91.1,1,18.9,0,0,8.1,1.74,1.92,0,1,0,0,0,0,0,1,1,0,0
20.8,0,26181.0,1,3.87,68.4,4,23.7,0,0,8.8,0.01,0.0,1,0,0,1,1,0,0,0,1,0,0
25.2,0,25000.0,1,8.58,80.0,1,25.4,0,0,7.1,2.82,2.35,0,0,0,1,0,0,0,0,0,0,1
21.5,1,29862.0,1,1.52,87.3,4,20.0,0,0,6.1,0.17,0.42,1,0,0,1,1,0,0,0,0,1,0
19.2,1,46913.0,1,3.13,82.1,4,33.3,1,0,4.3,1.39,1.39,0,0,0,0,0,1,0,0,0,0,0
21.5,0,47806.0,1,5.4,89.0,1,56.2,0,1,7.8,2.19,2.88,0,0,1,0,0,0,1,0,0,1,0
20.2,0,41238.0,0,1.96,77.4,1,23.3,0,0,3.4,2.28,2.25,0,1,0,0,1,0,0,0,0,0,0
21.7,1,25000.0,0,4.26,78.1,0,53.2,0,0,6.6,1.67,1.39,1,0,0,1,0,1,0,0,0,0,0
22.3,1,25000.0,1,3.57,78.9,2,30.0,0,1,3.2,1.37,1.07,0,0,0,0,0,0,0,0,1,0,0
23.7,1,47918.0,1,3.85,86.4,2,33.9,0,1,3.6,3.53,3.35,0,1,0,0,0,0,0,0,0,1,0
20.9,1,48397.0,1,5.57,100.0,1,33.1,1,0,5.4,2.92,2.92,0,1,0,0,0,0,0,0,0,0,0
24.6,0,26817.0,1,4.19,81.9,1,9.6,0,0,6.8,1.62,1.62,0,0,0,1,0,0,0,0,1,0,0
23.0,0,25000.0,1,3.02,80.1,1,35.5,0,1,7.3,0.78,0.81,1,1,0,0,1,0,0,0,0,0,0
19.4,1,59895.0,1,5.32,74.3,6,5.0,0,0,5.5,1.55,1.58,0,0,0,0,0,0,0,1,0,1,0
25.9,1,25000.0,0,4.3,95.9,2,32.5,1,1,4.7,1.64,1.68,0,1,0,0,0,0,0,1,0,0,0
21.7,0,46516.0,1,2.21,78.9,6,32.0,0,1,4.1,2.83,2.8,0,1,0,0,0,0,1,0,0,0,1
19.2,0,27389.0,1,3.13,77.1,2,11.6,1,0,6.8,0.88,0.92,0,1,0,0,1,0,0,0,1,0,0
24.6,0,25000.0,1,3.89,80.3,2,30.8,0,0,6.7,1.73,1.33,1,0,1,0,0,0,0,0,1,0,0
25.6,1,78228.0,1,5.0,96.6,3,26.5,0,0,5.8,3.44,3.13,0,1,0,0,0,1,0,0,1,0,0
20.9,0,29740.5,1,4.0,77.5,3,28.2,1,0,5.5,2.21,2.2,0,0,0,1,0,0,0,1,0,0,0
19.9,1,25000.0,1,5.24,81.8,1,28.3,0,1,8.4,1.35,1.32,0,0,1,0,0,0,1,0,0,1,0
20.6,1,25000.0,1,4.09,61.9,4,22.9,0,1,7.3,1.19,1.19,1,0,0,1,0,0,0,1,1,0,0
22.6,1,25000.0,1,3.12,89.8,1,30.9,0,0,3.0,1.35,1.32,1,1,0,0,0,0,1,0,1,0,0
23.8,0,25000.0,1,4.07,79.7,1,40.4,0,1,7.1,4.0,3.88,0,1,0,0,1,0,0,0,1,0,0
22.3,1,94379.0,1,4.95,89.3,0,27.1,0,0,8.0,1.13,1.03,1,0,0,1,0,1,0,0,0,0,0
21.2,0,25000.0,0,3.76,87.1,1,29.4,1,1,4.0,0.25,0.14,1,0,1,0,0,0,1,0,0,0,0
24.3,1,70861.0,1,2.57,83.3,2,37.8,1,1,7.2,1.75,2.0,1,0,1,0,0,0,0,1,0,1,0
20.3,1,27489.0,1,4.26,78.4,2,57.2,0,0,10.0,1.98,2.05,0,1,0,0,0,0,0,0,0,1,0
23.3,1,25000.0,1,2.82,82.5,2,27.7,0,1,6.4,2.67,2.58,0,0,0,1,0,1,0,0,0,0,0
20.4,1,25000.0,1,5.95,71.3,1,9.6,1,0,5.1,3.04,3.0,0,0,0,0,0,0,0,0,0,0,0
21.9,1,25000.0,1,5.48,83.8,2,19.2,1,0,5.3,1.25,1.44,1,0,1,0,0,0,0,0,1,0,0
20.8,1,25000.0,0,3.7,86.4,3,37.2,0,0,5.7,2.72,3.07,0,0,0,0,0,1,0,0,0,1,0
20.9,1,25000.0,1,4.59,82.7,3,48.2,0,0,2.7,4.0,3.95,0,0,0,1,1,0,0,0,0,0,0
20.2,1,25000.0,1,3.89,82.3,1,18.7,1,0,2.6,1.84,1.49,0,0,1,0,1,0,0,0,0,0,0
24.0,0,73694.0,1,5.95,77.2,2,29.5,0,0,6.0,2.99,3.31,0,0,1,0,0,0,0,1,0,1,0
19.4,1,33746.0,1,1.91,80.7,1,30.2,1,1,5.4,1.02,1.41,1,1,0,0,1,0,0,0,0,0,0
19.4,0,25000.0,0,4.25,73.2,0,20.8,1,0,6.7,3.66,3.4,0,1,0,0,1,0,0,0,0,0,0
25.7,1,33964.0,1,2.76,77.6,3,48.4,1,0,5.0,1.19,0.7,1,1,0,0,0,0,0,0,0,0,0
23.2,1,25000.0,1,4.55,98.5,3,44.0,0,0,5.6,2.97,3.12,0,0,1,0,0,0,0,1,0,0,0
17.0,0,29740.5,1,4.0,82.7,1,34.1,0,1,5.5,0.83,0.57,1,0,0,1,0,0,1,0,1,0,0
19.8,0,175258.0,1,4.43,85.9,3,25.0,1,0,1.4,4.0,4.0,0,0,0,1,1,0,0,0,1,0,0
17.0,1,33315.0,1,6.52,81.8,4,41.5,1,0,3.9,2.98,3.11,0,0,0,1,0,0,0,0,0,0,0
18.9,0,25000.0,0,3.29,82.5,1,36.2,0,1,4.6,1.61,1.45,1,1,0,0,0,1,0,0,0,1,0
17.0,0,25000.0,0,2.04,83.1,0,24.8,0,0,5.2,2.33,2.11,0,1,0,0,0,0,1,0,0,1,0
20.7,0,25000.0,1,4.86,80.1,2,41.7,0,0,2.9,2.14,2.09,0,0,0,0,0,0,0,1,0,1,0
18.5,0,80233.0,1,3.59,86.7,2,34.4,0,1,3.9,2.64,2.83,0,1,0,0,0,1,0,0,0,1,0
21.1,1,73216.0,1,5.23,76.3,1,10.1,1,0,6.8,3.2,2.86,0,0,0,1,0,0,0,0,0,0,0
17.4,1,46720.0,1,5.43,70.1,2,18.1,0,0,6.3,2.21,2.14,0,0,0,0,0,0,0,1,1,0,0
21.2,0,25000.0,0,5.34,83.6,0,14.0,1,0,1.0,4.0,3.97,0,0,0,1,0,0,1,0,0,1,0
20.1,0,73569.0,1,3.97,90.9,0,42.4,0,0,5.1,1.64,1.27,0,0,0,1,0,0,0,1,0,1,0
24.3,0,38944.0,1,6.37,76.8,1,21.6,1,1,5.2,3.21,3.61,0,1,0,0,0,0,0,1,0,0,0
24.1,0,44044.0,1,5.03,88.3,2,37.5,1,1,3.9,3.15,3.15,0,0,0,1,0,0,1,0,1,0,0
22.7,1,38859.0,1,3.06,87.4,3,56.1,0,1,5.2,2.33,2.54,0,1,0,0,0,0,0,0,0,1,0
20.3,1,25000.0,1,3.15,94.5,2,39.5,1,0,6.2,2.91,2.55,0,0,0,1,0,0,0,1,0,0,0
25.4,0,25000.0,1,5.7,96.9,2,25.0,1,1,6.8,3.24,2.69,0,0,0,0,1,0,0,0,1,0,0
17.6,0,25000.0,1,4.87,86.6,1,21.1,0,0,5.7,2.08,1.47,0,0,1,0,1,0,0,0,0,1,0
17.9,0,43747.0,1,3.06,81.0,3,26.3,0,1,6.7,0.99,0.32,0,1,0,0,0,0,1,0,0,1,0
20.8,0,25000.0,1,3.54,69.1,4,17.7,0,1,5.5,1.59,1.68,1,0,1,0,0,0,1,0,0,1,0
26.0,1,26763.0,1,3.92,89.8,1,16.3,0,1,1.4,3.76,3.62,0,0,0,1,0,0,0,1,0,0,0
20.6,0,26743.0,1,5.07,91.1,1,20.3,0,0,5.3,2.44,2.05,0,0,0,1,1,0,0,0,0,0,0
20.6,0,47841.0,1,3.71,79.9,1,36.4,0,1,3.3,0.75,0.85,1,0,0,1,0,0,0,1,0,0,1
17.8,0,44569.0,1,5.71,84.8,3,23.7,1,0,5.7,2.04,1.72,0,1,0,0,0,0,0,0,0,0,0
23.1,1,25000.0,1,4.47,73.8,2,27.3,1,0,5.1,1.74,1.53,0,0,1,0,1,0,0,0,0,1,0
23.1,1,70828.0,1,5.77,77.2,1,35.6,0,1,5.1,3.48,3.67,0,0,1,0,0,0,0,0,0,1,0
22.7,0,25000.0,1,2.51,71.4,3,38.7,1,0,4.0,0.63,0.82,1,0,0,1,0,0,0,1,1,0,0
19.6,1,57259.0,1,5.95,84.2,2,6.8,1,0,4.8,3.24,3.31,0,0,1,0,0,0,0,1,0,0,1
19.4,0,25000.0,0,5.52,78.8,3,9.3,0,0,6.1,2.69,2.99,0,0,0,1,0,0,0,1,0,1,0
18.2,1,32806.0,1,4.1,92.0,2,25.4,0,1,3.9,2.7,2.88,0,0,0,1,0,1,0,0,0,0,0
21.2,1,34050.0,1,3.32,83.9,2,16.6,1,0,4.4,1.87,1.4,0,0,1,0,0,0,0,1,0,1,0
18.6,0,33477.0,0,5.69,84.8,4,40.3,0,1,2.3,3.25,3.71,0,0,1,0,1,0,0,0,1,0,0
18.4,1,44565.0,0,3.4,82.1,2,24.4,1,0,6.0,2.88,3.19,0,0,1,0,0,0,0,1,0,0,0
20.1,0,37604.0,1,3.99,94.6,0,51.6,0,1,3.2,3.43,3.55,0,0,1,0,0,0,0,0,0,0,0
19.9,1,47581.0,1,4.66,93.6,4,24.1,1,0,5.6,3.11,2.82,0,0,0,1,0,1,0,0,0,0,0
19.8,0,39292.0,1,2.52,80.6,2,33.7,1,0,6.8,0.25,0.16,1,0,0,0,0,0,0,1,0,0,0
22.0,1,25000.0,1,3.76,84.4,0,22.0,1,0,7.8,1.73,1.83,0,0,0,0,1,0,0,0,1,0,0
21.2,1,34957.0,0,2.8,93.3,1,35.9,0,0,4.9,3.29,3.02,0,0,0,1,1,0,0,0,0,0,0
20.4,0,25000.0,1,1.98,72.6,2,36.1,1,0,6.6,1.16,1.54,0,1,0,0,0,0,1,0,0,1,0
21.4,0,25000.0,1,6.71,84.4,3,40.7,0,0,5.5,3.03,2.98,0,1,0,0,0,0,0,1,1,0,0
18.8,1,25000.0,1,3.15,79.2,4,28.4,1,0,2.1,2.54,2.09,0,0,0,0,1,0,0,0,1,0,0
21.2,0,33188.0,1,4.81,93.8,0,45.2,1,0,2.8,3.61,3.98,0,0,0,1,0,1,0,0,1,0,0
21.3,1,34538.0,1,6.72,86.2,1,33.6,0,0,7.0,3.11,2.87,0,0,1,0,0,0,0,1,0,0,0
17.7,0,56028.0,1,3.18,68.1,0,22.3,0,1,7.6,0.22,0.24,1,0,0,1,0,0,0,1,0,1,0
23.2,1,65146.0,1,2.36,78.7,3,22.4,0,1,1.7,3.38,3.4,0,0,0,0,0,0,0,0,1,0,0
19.1,1,36380.0,0,6.29,93.2,4,38.7,0,1,6.1,3.4,3.15,0,0,1,0,1,0,0,0,0,0,0
21.2,1,40549.0,0,2.79,89.1,2,45.2,1,0,6.0,1.67,2.03,0,0,1,0,0,0,0,0,0,0,1
23.6,1,31482.0,1,3.47,73.7,0,16.5,1,1,4.1,3.08,3.04,0,0,0,0,1,0,0,0,0,0,0
23.0,0,47114.0,0,3.26,74.2,1,39.0,0,0,4.1,4.0,3.62,0,1,0,0,0,0,1,0,0,0,0
21.1,1,39823.0,1,4.2,82.6,0,12.2,0,0,3.6,1.64,0.96,0,1,0,0,1,0,0,0,1,0,0
20.2,1,28776.0,1,1.63,81.6,3,22.6,0,0,2.0,1.62,1.88,0,0,1,0,0,0,1,0,0,0,0
23.1,1,108141.0,1,4.81,79.9,7,35.9,0,1,3.6,1.99,2.22,0,1,0,0,0,1,0,0,1,0,0
22.5,1,25000.0,1,4.6,78.8,1,19.8,1,1,6.8,2.96,2.09,0,1,0,0,0,0,0,1,0,0,1
19.6,0,71159.0,1,5.12,77.3,0,47.6,0,1,4.9,1.75,1.64,0,0,1,0,0,0,0,0,1,0,0
19.3,0,25000.0,1,5.1,100.0,2,37.3,1,0,6.8,1.71,1.85,0,0,0,0,1,0,0,0,0,0,0
17.0,0,29740.5,0,4.0,79.1,2,15.8,0,1,5.5,3.96,4.0,0,0,0,1,1,0,0,0,0,0,0
21.3,0,70399.0,1,3.6,76.7,0,37.9,1,0,6.3,0.89,0.76,1,0,0,1,0,0,0,1,1,0,0
20.8,0,29740.5,0,4.0,86.0,3,14.2,1,0,5.5,1.65,1.32,1,0,0,0,0,0,0,1,0,1,0
23.5,0,32318.0,1,3.15,81.2,0,30.0,0,0,1.0,2.93,2.92,0,0,1,0,0,0,0,0,0,0,0
21.8,1,45672.0,1,4.25,74.6,2,40.5,1,0,4.6,2.44,1.92,0,0,1,0,1,0,0,0,0,1,0
23.9,1,34585.0,1,2.97,80.0,4,38.5,0,0,6.1,3.58,3.69,0,0,0,1,0,0,1,0,0,0,0
19.5,1,29740.5,1,4.0,81.5,4,29.0,0,0,5.5,0.0,0.03,1,0,1,0,0,0,1,0,0,1,0
23.5,1,32265.0,1,3.43,85.4,0,25.9,0,0,3.0,2.97,3.0,1,0,0,0,1,0,0,0,0,1,0
19.8,0,25000.0,1,2.94,84.5,0,16.1,0,1,8.0,0.77,0.24,1,0,0,0,0,1,0,0,0,0,0
22.7,0,123109.0,1,5.37,73.9,0,32.2,1,0,6.3,1.85,2.04,0,1,0,0,0,0,0,0,1,0,0
17.8,1,25000.0,1,5.03,86.9,3,39.7,1,0,3.7,4.0,3.95,0,1,0,0,0,0,0,1,0,0,0
21.5,0,38580.0,1,4.07,89.1,0,54.8,0,0,7.3,2.22,2.14,0,1,0,0,0,0,0,1,0,0,0
17.0,1,25000.0,1,1.73,73.4,3,24.5,1,1,9.6,0.93,1.45,1,0,1,0,0,0,0,0,1,0,0
20.4,1,25000.0,1,2.86,75.8,2,40.2,0,1,4.9,1.79,1.53,0,1,0,0,1,0,0,0,0,1,0
22.0,0,25000.0,0,3.9,80.6,3,39.2,0,0,4.7,4.0,3.99,0,0,1,0,0,1,0,0,0,0,0
19.9,0,25000.0,1,4.61,83.8,0,24.3,0,0,3.8,3.16,3.35,0,0,1,0,1,0,0,0,1,0,0
18.7,0,57236.0,1,4.64,84.1,3,38.7,0,0,8.8,0.53,0.57,1,0,1,0,1,0,0,0,0,0,0
22.9,0,25000.0,1,4.3,81.7,1,20.2,0,1,4.2,4.0,3.93,0,0,0,0,0,0,1,0,0,1,0
20.8,1,25000.0,1,4.04,70.5,2,33.1,0,0,3.8,1.57,1.31,1,0,1,0,0,0,0,1,1,0,0
19.9,1,29740.5,1,4.0,75.1,0,27.5,1,0,5.5,3.47,3.37,0,0,0,1,1,0,0,0,0,0,0
21.1,1,31458.0,1,3.18,74.1,0,35.3,0,1,4.4,0.8,0.8,0,0,1,0,1,0,0,0,0,0,0
26.8,0,25000.0,1,6.15,92.8,3,36.3,1,0,4.5,3.15,3.02,0,0,0,0,0,0,1,0,0,0,0
23.5,1,53928.0,1,5.34,91.3,1,23.7,0,1,4.1,3.06,3.0,0,0,1,0,0,0,1,0,0,0,0
23.6,1,35640.0,1,4.76,73.1,0,29.9,1,0,4.2,3.02,3.3,0,0,0,1,0,1,0,0,0,0,0
22.0,0,25000.0,1,2.53,84.8,3,28.5,0,0,5.8,2.87,3.45,0,0,0,0,1,0,0,0,0,0,1
21.4,0,49520.0,1,2.46,92.9,1,16.9,1,0,7.9,2.47,2.83,0,0,0,1,1,0,0,0,0,0,0
17.0,0,29875.0,1,3.96,86.7,3,25.6,1,1,3.7,3.63,3.67,1,0,0,1,0,0,0,1,0,0,0
19.5,1,30119.0,1,3.33,68.4,1,23.1,0,0,3.2,2.19,2.33,0,1,0,0,1,0,0,0,0,0,0
19.9,1,25000.0,1,2.52,81.7,1,16.5,1,0,6.1,1.99,2.07,0,0,0,0,0,0,0,1,0,0,0
17.0,1,28491.0,1,4.14,88.7,2,20.4,0,0,6.5,3.06,3.53,0,1,0,0,1,0,0,0,0,0,0
18.5,0,36060.0,1,1.55,95.4,3,26.9,0,0,8.3,3.33,3.18,0,0,0,0,0,0,0,1,0,0,1
17.0,1,66180.0,1,3.88,80.9,0,30.7,1,0,8.0,0.77,0.73,1,1,0,0,0,0,0,1,0,0,1
20.9,0,25000.0,1,4.66,68.7,0,15.1,1,1,2.6,1.67,1.13,0,0,0,1,0,0,0,1,1,0,0
22.8,0,116642.0,1,4.62,99.5,3,44.4,0,1,1.9,4.0,4.0,0,0,0,1,1,0,0,0,0,1,0
23.4,1,41528.0,1,1.65,81.0,4,37.4,0,1,6.5,1.75,2.12,1,0,0,0,0,1,0,0,0,1,0
21.9,1,29740.5,1,4.0,93.6,2,29.0,1,0,5.5,2.49,2.32,0,0,1,0,0,0,0,1,1,0,0
18.9,0,25000.0,1,3.72,79.9,1,15.4,1,1,8.2,0.94,0.76,0,1,0,0,1,0,0,0,1,0,0
17.0,0,69745.0,1,3.18,86.4,2,27.4,1,0,6.2,1.3,0.91,1,0,1,0,1,0,0,0,0,0,0
17.1,0,62689.0,1,2.42,76.5,2,26.7,0,0,4.5,3.16,3.12,0,0,0,0,0,0,0,1,1,0,0
18.2,1,30057.0,1,1.2,76.7,0,17.0,0,0,7.4,2.15,2.26,0,0,0,0,0,0,1,0,1,0,0
19.0,1,32531.0,1,2.85,96.5,0,16.1,1,0,3.6,2.79,2.6,0,0,1,0,0,0,0,0,0,1,0
20.6,0,25000.0,1,3.87,89.5,1,39.2,1,0,9.1,0.73,0.47,1,0,0,1,0,1,0,0,0,0,0
18.8,0,65701.0,1,3.69,81.8,1,26.1,0,0,6.0,1.99,2.44,0,0,0,0,0,0,0,1,0,0,0
21.7,1,25000.0,1,2.44,89.5,3,40.6,0,1,4.2,3.93,3.49,0,0,0,0,0,0,1,0,0,0,0
20.5,1,49357.0,0,2.7,76.6,1,29.8,0,1,3.9,3.64,3.81,0,1,0,0,0,0,0,0,0,1,0
21.0,0,66918.0,1,3.56,82.0,2,39.0,1,0,5.9,1.14,0.86,1,0,0,0,0,0,0,0,1,0,0
23.5,1,30604.0,1,2.92,82.8,2,38.6,0,0,5.4,1.23,1.25,0,0,1,0,0,1,0,0,1,0,0
18.4,0,53134.0,1,4.42,75.9,1,35.6,0,0,5.3,3.73,3.51,0,1,0,0,0,0,1,0,0,1,0
21.9,1,90092.0,1,4.73,74.9,4,44.2,0,0,3.1,4.0,3.58,0,0,1,0,0,0,1,0,0,0,0
21.0,0,34919.0,1,4.59,66.9,1,31.2,0,0,5.2,2.52,2.43,0,0,0,1,0,1,0,0,0,0,0
20.3,0,26764.0,1,2.58,74.3,1,12.1,0,0,7.0,0.0,0.18,1,1,0,0,0,0,0,1,0,0,0
22.9,1,28564.0,1,4.43,96.6,1,14.0,0,1,4.1,2.54,2.58,0,0,0,0,0,0,0,1,0,0,0
22.9,0,25000.0,1,4.47,67.8,2,22.2,1,0,6.0,1.26,1.11,1,0,0,1,0,0,0,0,0,0,0
18.9,0,29740.5,1,4.0,66.7,1,38.9,0,0,5.5,1.2,1.02,1,0,0,0,0,0,1,0,1,0,0
20.6,0,38772.0,1,6.57,83.2,5,25.2,0,0,6.6,4.0,4.0,0,0,0,1,0,0,1,0,1,0,0
21.6,1,26947.0,1,5.61,80.0,4,32.5,0,0,3.3,3.84,3.99,0,1,0,0,0,1,0,0,0,0,0
20.4,0,36190.0,1,3.41,89.0,0,36.4,1,1,6.1,3.72,3.54,0,0,0,1,0,1,0,0,0,1,0
22.3,0,25000.0,1,3.0,79.8,2,32.0,1,0,8.1,0.88,1.03,1,1,0,0,0,0,0,0,0,0,1
21.6,0,28125.0,1,3.74,89.6,1,5.0,0,0,6.4,2.31,2.03,0,0,0,1,0,0,0,1,0,1,0
25.0,0,55164.0,1,3.26,86.4,1,15.8,0,1,7.6,2.63,3.48,0,1,0,0,0,0,0,1,0,0,0
17.6,1,29740.5,1,4.0,71.2,1,51.2,1,0,5.5,2.68,2.11,0,0,0,1,0,0,0,1,0,1,0
20.7,1,30029.0,1,5.24,91.3,3,33.9,0,0,3.5,4.0,3.82,1,0,0,1,1,0,0,0,1,0,0
19.0,0,25000.0,1,4.81,79.5,1,5.0,0,0,8.7,0.64,0.55,1,0,0,1,1,0,0,0,0,0,0
22.3,1,25000.0,1,5.04,67.7,2,30.8,1,0,7.8,2.41,2.85,0,1,0,0,0,0,0,0,1,0,0
17.4,0,48271.0,1,5.78,85.8,4,51.6,0,1,5.0,3.36,3.32,0,0,0,1,1,0,0,0,0,0,0
21.8,0,25000.0,1,4.8,79.7,2,33.3,0,0,7.8,2.05,1.48,0,1,0,0,0,1,0,0,1,0,0
19.6,1,88720.0,1,3.75,95.0,3,30.5,1,1,5.3,1.49,1.21,0,0,0,0,1,0,0,0,1,0,0
19.4,0,38541.0,1,4.96,90.8,4,8.1,1,0,5.3,2.95,3.19,0,1,0,0,0,1,0,0,0,1,0
17.8,1,29740.5,0,4.0,74.8,3,26.7,1,0,5.5,3.59,3.83,0,0,0,1,1,0,0,0,1,0,0
20.0,0,25000.0,1,2.55,89.6,1,10.3,0,1,3.6,4.0,4.0,0,0,0,1,0,0,0,0,0,0,1
23.4,1,25000.0,0,7.12,76.4,1,15.3,0,0,5.8,2.03,1.95,0,0,0,1,1,0,0,0,0,0,0
20.9,1,25000.0,1,3.2,68.7,2,12.6,0,1,5.0,2.16,2.29,0,0,1,0,0,1,0,0,0,1,0
22.4,1,29740.5,1,4.0,77.1,3,50.9,0,0,5.5,3.94,4.0,0,0,0,1,0,0,0,0,0,1,0
24.7,0,44282.0,1,3.79,71.4,0,38.7,0,0,6.1,1.95,1.67,0,0,0,0,0,0,0,1,0,0,0
21.6,1,49947.0,1,5.51,81.9,1,46.8,1,0,6.4,2.13,1.48,0,1,0,0,0,0,0,1,0,1,0
19.8,1,37773.0,1,4.07,97.4,2,14.1,1,1,6.0,2.7,2.65,0,0,0,1,1,0,0,0,1,0,0
22.0,1,25000.0,1,2.12,82.6,1,32.3,1,1,6.0,1.63,1.62,0,0,0,1,0,0,1,0,0,0,0
19.8,1,36259.0,1,5.39,85.7,1,17.9,0,1,6.2,2.54,2.6,0,0,1,0,0,0,0,1,1,0,0
19.9,0,25000.0,1,5.92,74.0,3,19.2,0,1,5.8,3.04,3.14,0,0,0,0,1,0,0,0,0,1,0
17.7,1,65763.0,1,3.99,77.7,1,35.6,0,0,6.1,2.19,1.96,1,0,1,0,0,1,0,0,0,1,0
23.0,0,25000.0,1,5.12,86.4,2,32.1,1,1,6.4,2.39,2.48,0,0,0,0,0,0,0,0,0,1,0
20.2,0,25000.0,1,3.1,81.5,1,33.4,0,0,4.4,2.4,2.54,0,1,0,0,0,1,0,0,0,0,0
21.4,0,31862.0,1,4.08,76.2,1,14.9,1,0,3.2,2.59,2.81,0,1,0,0,0,1,0,0,0,1,0
18.7,1,33607.0,1,5.44,90.0,3,31.5,0,0,6.1,2.14,2.0,0,0,0,0,0,0,1,0,0,0,1
22.0,0,29740.5,1,4.0,68.1,4,34.2,1,0,5.5,3.13,3.24,0,0,0,0,0,0,0,1,0,1,0
19.3,1,25000.0,1,4.67,98.4,3,21.9,0,0,6.3,3.48,3.67,0,1,0,0,0,0,0,0,1,0,0
20.7,0,58689.0,1,5.33,87.3,1,26.7,0,1,7.5,2.97,3.2,0,0,1,0,1,0,0,0,0,0,0
22.9,0,25000.0,1,6.19,72.9,4,10.3,0,1,5.4,4.0,3.7,0,0,1,0,0,0,0,1,0,0,0
22.7,0,25000.0,1,5.47,82.9,1,5.0,1,0,5.3,3.16,2.68,0,0,1,0,0,0,0,1,0,1,0
21.0,0,27884.0,1,4.43,72.4,0,54.1,0,0,6.3,0.0,0.06,1,0,1,0,0,1,0,0,0,0,1
17.1,0,25000.0,1,3.98,98.0,2,32.5,0,0,3.7,3.88,3.89,0,0,1,0,0,0,0,0,0,0,1
27.6,0,61919.0,1,4.25,74.1,1,25.7,1,0,5.6,1.61,1.75,1,0,1,0,1,0,0,0,0,0,0
24.8,1,25000.0,1,2.33,90.9,0,39.6,0,1,5.3,1.89,2.43,0,1,0,0,0,1,0,0,1,0,0
22.6,1,75676.0,0,4.35,89.6,3,19.6,0,0,7.1,2.71,2.71,0,0,0,1,1,0,0,0,1,0,0
19.3,1,55330.0,1,2.51,76.5,4,31.3,1,0,4.7,2.49,3.03,0,0,1,0,0,0,1,0,0,1,0
20.8,1,62382.0,1,3.51,84.6,1,43.3,1,0,5.7,2.59,2.14,0,0,1,0,0,0,0,1,0,0,0
19.8,0,92251.0,1,4.98,84.0,1,16.8,1,0,5.2,2.27,2.18,0,0,1,0,0,0,0,1,0,1,0
23.8,0,31218.0,1,3.49,88.7,2,24.1,0,0,1.0,4.0,3.88,0,1,0,0,1,0,0,0,0,1,0
21.6,1,25000.0,1,5.83,83.4,2,13.4,1,0,4.5,3.07,3.29,0,0,0,1,0,1,0,0,0,0,0
19.3,0,27951.0,1,3.95,76.7,2,40.0,1,1,5.5,4.0,3.65,0,0,0,1,0,1,0,0,0,0,0
20.0,1,29740.5,0,4.0,86.5,4,32.5,0,1,5.5,2.17,2.39,0,0,0,0,0,0,0,1,0,1,0
23.5,0,25000.0,1,3.64,86.5,0,44.1,1,1,5.3,0.8,0.53,0,0,0,1,0,0,0,1,1,0,0
24.5,0,32549.0,1,3.86,74.6,3,40.1,1,1,7.9,0.89,1.31,1,0,0,1,1,0,0,0,0,0,0
24.4,0,25000.0,1,5.5,63.6,5,26.9,1,0,7.2,1.78,1.98,1,0,0,1,1,0,0,0,0,1,0
22.7,0,29740.5,1,4.0,71.7,1,34.9,0,1,5.5,3.3,2.74,0,1,0,0,0,0,1,0,0,0,0
20.4,1,25662.0,1,4.49,85.0,0,35.1,1,0,6.9,3.31,3.56,0,0,0,1,1,0,0,0,1,0,0
17.0,0,41332.0,0,3.45,85.5,1,38.8,1,0,6.5,2.38,2.06,0,0,0,1,0,0,0,0,1,0,0
21.7,1,29740.5,1,4.0,77.6,0,47.6,1,1,5.5,2.84,1.79,0,0,1,0,0,0,1,0,1,0,0
21.0,1,25000.0,1,3.22,89.0,1,16.9,1,0,1.3,3.16,3.02,0,1,0,0,1,0,0,0,0,0,0
21.3,0,25000.0,1,5.9,92.3,0,7.5,0,0,6.9,2.38,3.08,0,1,0,0,0,1,0,0,1,0,0
21.1,1,27315.0,1,4.44,88.3,3,17.4,0,0,4.7,1.88,2.01,0,1,0,0,0,0,0,1,0,0,0
18.1,0,25000.0,1,5.16,83.2,2,35.7,0,0,5.9,2.45,2.57,0,1,0,0,0,0,1,0,0,0,0
22.2,0,27672.0,1,5.21,72.2,3,35.0,0,1,3.8,0.5,0.02,0,0,0,0,0,0,0,1,1,0,0
22.4,1,29740.5,1,4.0,79.3,2,23.2,1,0,5.5,3.03,3.15,0,0,0,1,0,1,0,0,0,0,0
22.5,0,40591.0,1,6.07,80.3,1,26.7,1,1,7.2,0.13,0.0,1,0,0,0,0,1,0,0,1,0,0
23.1,1,31141.0,1,3.59,77.2,1,20.0,1,0,8.4,1.33,1.49,1,0,1,0,0,1,0,0,0,1,0
22.3,0,25000.0,1,5.93,87.1,1,28.7,0,0,4.7,1.48,1.36,0,0,0,0,0,1,0,0,0,0,0
20.1,0,99431.0,1,4.87,67.3,1,21.7,0,1,8.2,0.91,1.31,1,0,0,1,0,0,0,1,0,0,0
20.8,1,48897.0,1,4.58,76.1,3,49.6,1,1,4.7,0.19,0.0,0,0,0,0,0,0,0,0,0,0,1
21.2,1,41425.0,1,1.33,77.0,4,45.9,1,0,4.7,1.03,0.82,1,0,0,0,0,1,0,0,0,0,0
21.2,1,54334.0,1,4.52,76.7,1,38.7,1,0,2.9,4.0,3.98,0,0,1,0,0,0,0,0,0,0,0
23.2,0,34433.0,1,5.19,97.5,5,30.4,0,1,6.4,4.0,3.95,0,0,1,0,0,1,0,0,1,0,0
22.4,1,64330.0,1,4.3,81.3,4,43.7,0,0,5.1,2.76,2.56,0,1,0,0,0,1,0,0,0,0,0
25.6,1,30765.0,1,5.63,76.9,0,31.2,0,1,5.2,1.12,1.27,1,1,0,0,1,0,0,0,0,0,0
25.9,0,29764.0,1,5.68,81.6,2,31.9,0,0,4.8,3.59,4.0,0,0,0,1,1,0,0,0,1,0,0
21.2,0,43527.0,1,3.64,88.8,5,9.3,1,1,3.7,2.85,2.64,1,0,1,0,0,0,0,0,0,0,0
17.0,0,76559.0,1,4.14,66.8,0,33.1,0,0,6.6,1.1,1.23,1,0,1,0,0,0,1,0,0,0,1
23.7,0,73661.0,1,3.65,82.9,1,14.5,1,0,5.4,1.3,1.5,0,1,0,0,0,0,0,0,0,0,0
19.8,0,42434.0,1,3.45,78.4,2,25.2,1,1,7.0,1.83,1.31,1,0,0,1,0,0,0,1,0,0,0
19.2,0,40537.0,1,4.13,84.2,4,32.0,0,0,3.8,1.81,1.76,1,1,0,0,1,0,0,0,0,1,0
20.1,1,45145.0,1,4.3,72.8,1,19.2,1,0,5.9,1.1,1.48,1,0,0,1,0,0,0,0,0,0,0
20.0,0,29740.5,1,4.0,80.6,2,35.7,0,0,5.5,1.53,1.35,0,0,0,0,0,0,0,0,0,0,0
22.3,1,64812.0,1,3.95,80.9,2,42.6,0,0,4.2,3.0,3.15,0,1,0,0,0,0,0,0,0,0,1
17.6,1,25798.0,1,4.53,71.8,0,19.4,0,0,4.6,3.61,3.28,0,0,1,0,0,0,0,0,1,0,0
18.6,0,65568.0,1,4.17,96.9,2,31.4,1,1,4.6,4.0,3.59,0,0,0,1,0,0,0,0,1,0,0
21.8,1,36527.0,1,3.91,85.3,3,15.0,0,0,3.6,3.19,3.13,0,0,1,0,1,0,0,0,1,0,0
22.4,0,43939.0,1,2.69,89.4,3,16.0,0,0,8.5,2.78,2.6,0,0,1,0,0,1,0,0,1,0,0
22.4,1,68130.0,1,2.3,79.2,2,33.7,0,0,1.4,2.21,2.62,0,0,0,0,0,0,1,0,0,0,0
19.3,1,46548.0,1,3.31,83.7,3,38.6,0,0,3.3,4.0,3.97,0,0,1,0,0,0,0,1,1,0,0
18.8,0,51513.0,1,1.64,72.4,2,11.9,0,0,6.3,1.12,1.41,1,1,0,0,0,0,1,0,0,0,0
19.9,0,29740.5,1,4.0,76.9,1,54.6,0,1,5.5,2.92,2.95,0,0,0,0,0,0,0,1,1,0,0
21.5,1,73056.0,1,2.91,74.8,2,24.0,0,1,5.4,1.29,1.26,0,1,0,0,0,0,0,0,0,0,0
24.3,0,45135.0,0,4.26,84.4,1,32.5,1,0,5.4,0.99,0.73,0,0,0,0,1,0,0,0,1,0,0
17.0,1,32069.0,1,3.27,95.7,1,23.6,0,0,6.4,3.5,3.99,1,0,1,0,0,0,0,1,0,0,0
20.5,0,57564.0,1,1.47,89.2,2,26.6,1,0,5.6,3.22,3.47,0,0,0,0,0,0,1,0,0,0,0
18.1,1,140463.0,1,2.72,96.5,1,48.2,0,1,4.8,3.34,3.23,0,0,0,1,0,0,1,0,1,0,0
17.4,0,25000.0,1,4.24,88.4,5,48.1,1,0,5.7,4.0,3.84,0,0,0,1,0,0,0,0,0,1,0
23.1,1,25000.0,1,5.01,85.4,1,10.2,0,1,5.2,2.92,3.4,0,0,0,0,0,0,1,0,0,0,0
22.2,0,148923.0,1,3.64,74.6,1,23.2,1,0,8.6,2.93,2.52,0,1,0,0,0,0,0,0,0,0,0
22.0,0,38408.0,1,4.33,84.6,1,65.4,0,1,4.5,3.48,3.31,0,1,0,0,0,0,0,0,1,0,0
23.0,1,33340.0,1,3.76,78.2,1,24.8,1,0,6.5,2.21,2.08,0,1,0,0,0,1,0,0,1,0,0
19.9,0,27744.0,0,3.72,88.7,2,35.1,1,0,7.1,4.0,3.63,0,0,0,0,0,0,0,0,0,1,0
20.0,1,61394.0,1,2.95,71.1,0,43.6,0,0,3.1,0.79,0.66,1,0,0,0,0,0,1,0,1,0,0
25.8,1,142450.0,1,3.96,81.1,2,40.2,0,1,3.5,1.58,1.65,0,0,0,1,0,0,0,0,0,1,0
20.5,0,25000.0,1,3.2,82.1,3,5.0,0,1,9.0,1.07,1.44,1,1,0,0,0,0,1,0,0,0,0
22.6,1,28054.0,1,5.79,96.3,2,34.0,0,1,4.3,4.0,3.75,0,1,0,0,0,0,0,0,1,0,0
21.0,1,25000.0,1,3.12,73.8,3,51.0,0,0,5.5,0.0,0.18,1,0,1,0,0,0,0,0,1,0,0
17.0,1,46153.0,1,4.23,91.3,3,30.4,0,1,5.2,1.07,1.08,0,0,1,0,1,0,0,0,0,0,0
17.0,0,61910.0,0,2.61,88.6,0,17.5,1,1,5.4,2.68,2.63,0,1,0,0,0,0,0,0,0,1,0
19.7,1,78634.0,1,3.74,80.0,2,17.7,0,0,4.8,1.75,1.41,1,1,0,0,0,0,0,0,0,0,0
23.3,0,47100.0,1,2.69,85.3,7,27.6,1,0,5.7,1.96,1.82,1,0,0,0,0,0,0,0,0,1,0
22.7,0,134807.0,1,3.26,80.0,5,38.1,0,0,4.0,1.39,1.66,0,0,1,0,0,1,0,0,0,1,0
23.0,0,25000.0,1,5.27,82.1,1,64.7,0,1,5.1,3.52,3.79,0,0,1,0,0,0,0,1,0,0,0
18.8,0,25000.0,1,3.94,88.0,2,26.5,0,0,2.0,2.63,2.59,0,1,0,0,0,0,1,0,1,0,0
24.6,0,71798.0,1,5.08,100.0,2,36.7,0,1,5.3,2.77,2.87,0,0,1,0,0,1,0,0,1,0,0
18.9,0,32007.0,1,3.73,89.7,3,11.5,0,0,6.1,1.11,0.71,1,0,0,1,0,1,0,0,1,0,0
21.5,1,25000.0,1,4.96,84.0,0,9.8,0,0,7.2,1.53,1.8,0,0,1,0,1,0,0,0,0,0,0
21.0,1,25000.0,1,5.06,93.4,4,24.0,0,0,7.6,3.88,3.69,0,0,0,0,0,0,0,1,0,1,0
20.6,0,34662.0,1,4.93,70.6,1,35.3,0,1,4.8,2.73,2.7,0,0,0,0,0,0,0,1,0,0,0
23.9,0,29740.5,1,4.0,63.8,1,29.0,1,0,5.5,1.6,1.51,1,1,0,0,0,0,1,0,0,0,0
19.4,0,25000.0,1,4.63,82.5,2,30.6,1,0,3.4,4.0,3.64,0,1,0,0,0,0,0,0,0,0,1
18.0,1,26250.0,1,3.44,73.7,0,26.7,1,0,4.6,0.73,0.22,1,0,1,0,0,0,0,1,0,0,0
21.0,1,25000.0,1,2.16,77.7,2,29.7,0,1,8.4,2.16,2.16,0,0,1,0,0,0,1,0,0,0,0
20.1,0,43524.0,1,3.01,68.8,3,26.5,1,0,5.8,0.89,0.38,1,0,1,0,0,1,0,0,0,0,0
28.4,0,25000.0,0,4.51,71.8,2,13.8,0,1,5.9,1.36,2.05,1,0,0,1,0,0,0,1,0,0,0
22.5,0,31390.0,1,5.45,80.0,4,12.1,0,0,5.2,3.18,2.92,0,1,0,0,0,0,1,0,0,1,0
20.1,0,40607.0,0,4.64,74.5,0,46.3,0,0,8.9,1.02,0.94,1,0,1,0,0,1,0,0,1,0,0
18.7,1,28160.0,0,3.59,85.4,1,20.1,0,0,6.5,1.74,1.55,1,0,0,0,0,1,0,0,0,1,0
17.0,0,57293.0,1,3.45,84.1,3,27.1,1,0,8.2,1.37,2.52,0,0,0,1,1,0,0,0,0,0,0
18.7,0,25000.0,1,4.05,84.9,1,44.3,0,1,4.4,0.0,0.13,1,1,0,0,0,0,1,0,0,0,0
21.3,1,25000.0,1,4.79,78.0,3,26.8,0,0,3.7,1.63,1.62,1,1,0,0,0,0,1,0,1,0,0
24.1,1,25000.0,1,4.05,90.7,4,40.5,0,1,4.1,3.21,2.67,0,0,0,1,1,0,0,0,0,0,0
23.5,0,45599.0,1,3.35,86.0,3,19.3,0,1,6.6,0.0,0.04,1,0,0,1,0,0,1,0,1,0,0
21.5,0,33898.0,1,2.9,83.8,4,48.7,1,0,8.5,1.6,1.33,1,0,0,0,0,0,1,0,0,0,0
20.3,1,107583.0,1,3.07,83.9,1,32.7,1,0,6.8,3.73,3.6,0,1,0,0,0,1,0,0,0,0,0
21.6,1,25000.0,0,3.1,80.3,1,29.7,0,0,7.1,0.07,0.02,1,0,1,0,0,0,0,1,0,0,0
19.9,1,29740.5,1,4.0,92.5,1,28.0,0,0,5.5,3.37,3.89,0,0,0,1,1,0,0,0,0,0,0
24.8,1,86982.0,0,2.95,91.1,0,39.2,1,0,3.2,3.07,2.85,0,1,0,0,1,0,0,0,0,0,0
20.6,0,25000.0,1,3.27,79.1,0,32.8,0,1,9.1,1.53,1.8,0,0,1,0,0,1,0,0,1,0,0
20.8,0,44794.0,1,4.89,83.3,2,5.0,1,0,6.7,4.0,4.0,0,0,1,0,0,0,0,1,0,0,0
17.0,0,29740.5,1,4.0,78.8,1,24.6,0,1,5.5,1.08,0.78,1,1,0,0,0,0,0,0,0,1,0
20.6,0,25000.0,1,6.21,100.0,0,33.9,0,0,7.1,2.49,2.29,0,0,1,0,0,0,0,0,0,1,0
22.8,1,25000.0,1,4.44,80.0,1,18.4,1,0,2.4,2.47,2.17,0,1,0,0,0,0,1,0,1,0,0
18.7,1,51006.0,0,2.17,91.6,1,24.0,0,0,4.6,2.78,2.82,0,0,1,0,0,0,0,0,0,0,0
19.3,1,25000.0,1,2.0,100.0,4,25.3,1,0,6.6,0.53,0.74,1,0,1,0,0,0,1,0,0,0,0
22.7,1,42010.0,1,4.16,84.5,0,49.1,0,0,5.2,3.48,3.21,0,0,0,0,0,0,0,0,0,0,0
17.8,1,46991.0,1,3.94,68.1,0,37.2,1,0,5.4,2.63,3.24,0,0,0,1,0,0,0,1,1,0,0
23.3,0,25000.0,1,3.67,94.1,1,33.9,1,1,7.8,1.84,1.64,0,0,0,0,0,0,0,1,0,0,0
19.8,0,25935.0,0,2.47,77.9,0,16.0,1,0,5.7,1.91,2.24,0,0,1,0,0,0,0,0,0,1,0
20.1,0,76592.0,1,2.75,76.5,1,21.8,1,0,9.8,0.0,0.0,1,0,1,0,0,0,0,1,1,0,0
18.5,0,43930.0,1,5.4,96.2,0,40.2,0,1,5.4,1.82,1.76,0,0,0,0,1,0,0,0,0,0,0
21.8,0,25415.0,1,5.33,71.6,3,37.9,0,0,6.9,1.29,1.12,0,1,0,0,0,0,0,0,0,0,0
26.4,0,38146.0,0,4.34,93.5,2,13.0,1,0,6.4,0.26,0.41,0,0,0,0,0,1,0,0,0,1,0
22.7,1,25000.0,1,4.81,80.2,4,46.8,0,1,4.5,1.82,1.95,0,0,0,0,0,0,1,0,1,0,0
19.1,0,58001.0,1,2.51,67.2,0,19.7,0,0,3.6,3.33,3.51,0,1,0,0,0,1,0,0,0,0,1
23.5,1,57986.0,1,4.41,89.1,1,34.3,0,1,5.6,4.0,3.61,0,0,0,1,0,0,0,1,0,0,0
20.3,1,31970.0,0,3.16,64.0,0,62.8,0,0,9.0,0.24,0.0,1,0,1,0,0,0,0,1,1,0,0
24.0,1,34147.0,1,5.62,81.6,2,25.0,0,0,4.8,1.94,1.88,0,1,0,0,1,0,0,0,0,0,0
22.8,0,25000.0,1,4.63,68.9,2,32.0,1,0,6.4,1.61,1.81,1,1,0,0,0,0,1,0,1,0,0
17.0,0,25000.0,1,1.99,79.4,1,23.3,1,1,5.0,2.84,2.22,0,0,0,0,0,1,0,0,0,0,0
18.8,0,29740.5,1,4.0,72.6,2,32.1,0,0,5.5,3.59,3.25,0,0,0,1,0,1,0,0,0,1,0
23.1,0,28214.0,1,3.89,85.4,0,47.1,0,0,7.6,3.55,3.68,0,1,0,0,0,0,1,0,1,0,0
21.3,0,56251.0,1,2.82,83.7,2,27.7,0,0,5.7,1.84,1.77,1,0,0,1,0,0,0,1,1,0,0
18.7,0,51713.0,1,5.45,90.1,3,26.5,0,0,4.4,1.45,1.66,0,0,0,1,1,0,0,0,1,0,0
19.6,0,33220.0,1,1.59,82.0,1,43.2,0,0,8.4,0.0,0.55,1,0,0,1,0,0,0,0,0,0,0
17.0,0,60738.0,1,3.91,80.3,4,14.8,0,0,4.4,2.37,2.5,0,0,1,0,0,0,0,0,1,0,0
20.8,1,25000.0,0,1.94,84.3,1,31.0,0,0,6.7,2.9,2.93,0,0,1,0,0,0,0,1,0,0,1
25.9,1,56750.0,1,3.51,76.7,3,21.3,0,1,2.8,0.75,1.12,0,1,0,0,0,0,1,0,0,1,0
22.8,0,25000.0,1,2.39,88.9,4,27.1,0,1,7.8,2.92,3.15,0,0,0,0,0,1,0,0,0,0,0
25.8,1,62556.0,1,3.91,82.6,1,19.4,0,0,10.0,1.57,1.89,1,0,0,0,0,0,1,0,1,0,0
22.9,0,29495.0,1,2.81,87.7,1,12.9,1,0,5.5,4.0,3.94,0,0,0,0,0,0,1,0,1,0,0
23.3,1,25000.0,1,3.1,80.6,0,5.0,0,0,3.7,1.33,1.11,0,0,0,1,0,0,0,0,0,0,0
25.3,0,46078.0,1,5.38,86.0,2,24.6,1,1,6.9,3.36,4.0,0,1,0,0,0,1,0,0,0,0,0
21.8,1,48326.0,1,3.42,87.3,2,32.7,0,0,5.7,3.28,3.32,0,1,0,0,0,1,0,0,1,0,0
20.6,0,25000.0,1,0.5,65.8,1,39.8,1,0,9.4,0.0,0.35,1,0,1,0,0,1,0,0,0,1,0
23.3,1,25000.0,1,3.78,70.3,4,14.0,0,0,4.4,3.09,2.93,0,0,0,0,0,0,1,0,0,0,0
24.2,0,27018.0,1,5.84,77.5,3,31.8,1,0,3.1,4.0,3.62,0,0,1,0,0,0,0,0,1,0,0
19.9,1,25000.0,1,4.47,81.0,1,36.7,0,0,6.0,0.48,0.0,1,0,1,0,1,0,0,0,1,0,0
19.4,0,25000.0,1,5.2,92.2,0,34.3,1,0,6.5,1.85,1.47,0,0,1,0,0,0,0,1,0,0,0
21.3,0,64924.0,0,3.21,85.6,2,33.1,0,1,4.1,2.5,2.24,0,0,0,0,0,0,1,0,0,1,0
22.8,1,25000.0,1,4.83,86.2,3,5.0,0,0,7.2,1.89,1.71,0,0,0,0,1,0,0,0,0,0,0
22.8,0,90505.0,1,3.4,94.3,1,28.6,0,0,5.6,1.53,1.48,0,0,0,1,0,0,1,0,0,0,1
17.9,1,67659.0,1,4.42,93.0,2,29.0,0,1,5.0,3.87,3.12,0,0,0,1,0,0,0,1,0,0,0
25.2,1,76139.0,1,5.52,73.9,1,36.5,1,0,6.5,4.0,3.98,0,0,0,1,0,1,0,0,1,0,0
19.6,1,25000.0,1,2.6,91.9,1,46.6,0,0,5.0,2.41,2.38,0,0,0,0,0,0,0,1,0,0,0
20.4,0,25000.0,1,1.66,82.8,2,26.9,0,0,4.2,3.25,3.2,0,0,1,0,0,1,0,0,0,1,0
19.0,1,29740.5,1,4.0,77.9,5,25.9,1,0,5.5,1.95,1.84,0,1,0,0,0,0,1,0,0,0,0
26.9,1,25000.0,1,4.43,79.7,2,31.6,0,0,4.4,0.88,0.98,0,0,1,0,0,0,0,1,1,0,0
21.5,0,25000.0,1,6.14,77.0,2,30.3,1,0,10.0,1.7,1.27,0,1,0,0,1,0,0,0,1,0,0
19.1,0,29740.5,1,4.0,83.1,0,35.2,0,1,5.5,3.66,3.88,0,0,0,0,0,0,0,1,0,1,0
22.9,1,26344.0,1,4.81,81.3,4,36.3,1,0,3.7,1.76,1.59,0,0,0,0,0,0,0,0,1,0,0
22.7,0,25000.0,1,3.11,91.9,1,27.9,0,1,7.8,1.19,1.07,0,0,0,1,0,0,0,1,0,1,0
20.6,0,25000.0,1,3.14,97.5,1,36.0,0,1,5.4,1.68,1.83,0,0,1,0,1,0,0,0,0,1,0
22.8,1,26047.0,1,4.45,78.8,2,27.4,1,1,6.0,4.0,3.84,0,0,0,1,1,0,0,0,0,1,0
19.2,0,36819.0,1,6.06,71.6,3,12.6,0,1,6.0,1.9,1.44,0,1,0,0,0,1,0,0,1,0,0
19.9,0,25000.0,1,4.03,87.3,4,16.1,0,0,8.2,1.39,1.38,1,0,0,0,1,0,0,0,1,0,0
17.0,0,35431.0,1,4.35,89.5,1,5.0,0,0,3.1,4.0,4.0,0,0,0,1,0,0,1,0,1,0,0
18.1,1,32277.0,1,3.11,85.0,3,50.0,0,1,8.1,0.27,0.0,0,0,0,1,1,0,0,0,1,0,0
25.0,0,30581.0,0,3.27,69.7,3,45.4,0,1,6.8,1.64,2.39,0,0,1,0,1,0,0,0,1,0,0
24.6,1,25000.0,1,5.46,75.7,2,42.4,0,1,5.6,3.25,3.55,0,0,0,1,0,1,0,0,0,0,0
21.1,0,25000.0,1,2.11,83.2,1,27.4,1,0,4.0,3.44,3.51,0,0,1,0,0,0,0,0,0,0,0
24.7,1,82279.0,1,3.01,77.1,0,41.7,0,0,5.1,1.28,1.04,1,0,0,1,0,1,0,0,0,0,0
20.6,1,43399.0,0,3.69,74.0,0,40.8,0,1,5.6,0.93,0.53,1,1,0,0,1,0,0,0,0,0,0
20.5,1,54363.0,0,4.14,99.2,5,12.5,0,0,8.8,3.25,3.18,0,0,0,0,0,0,1,0,0,0,0
21.1,0,29740.5,1,4.0,59.0,0,20.6,0,0,5.5,1.03,1.13,1,0,1,0,0,0,0,1,0,0,0
20.7,1,26946.0,1,5.03,91.7,2,36.4,0,1,4.8,1.45,1.75,0,0,0,1,0,0,0,0,0,0,0
20.5,1,39911.0,1,7.84,85.3,2,24.1,1,1,9.1,3.16,2.5,0,0,1,0,0,0,0,1,0,1,0
23.5,1,25000.0,1,2.63,86.9,3,21.5,1,0,7.2,0.65,0.38,1,0,0,1,1,0,0,0,0,0,0
21.3,0,25000.0,1,4.35,91.1,1,39.9,0,0,6.3,2.33,2.56,0,0,0,1,0,0,1,0,1,0,0
22.6,1,25000.0,1,3.13,76.5,2,20.1,1,1,5.0,1.9,2.05,0,0,0,1,0,0,0,1,0,1,0
23.3,0,25000.0,1,5.21,79.6,1,59.8,1,0,4.5,2.41,2.19,1,1,0,0,0,1,0,0,0,0,0
21.9,1,25000.0,1,6.39,85.8,1,49.1,0,1,6.5,4.0,3.52,0,0,0,1,0,1,0,0,0,1,0
18.9,1,29740.5,1,4.0,67.2,1,27.4,0,0,5.5,0.36,0.77,1,0,1,0,0,1,0,0,0,0,0
18.0,0,31222.0,1,5.3,95.2,1,45.0,0,1,4.8,2.8,2.64,0,1,0,0,0,0,0,1,0,0,0
21.3,0,68577.0,1,2.74,82.9,0,32.2,0,0,7.5,2.27,2.4,0,1,0,0,0,0,0,1,0,0,0
20.6,1,131171.0,1,5.65,74.5,0,25.0,1,0,5.8,1.49,1.78,1,0,1,0,0,0,0,0,1,0,0
21.2,1,25000.0,1,6.24,90.8,0,53.7,0,0,6.3,2.48,2.65,0,0,0,1,0,1,0,0,0,0,0
21.0,1,32480.0,1,3.83,82.7,2,34.7,0,1,7.4,2.14,1.92,1,0,1,0,0,1,0,0,0,1,0
26.7,0,29740.5,0,4.0,76.2,2,19.3,1,1,5.5,1.74,1.18,0,0,1,0,0,1,0,0,0,0,1
18.1,1,29480.0,1,2.38,89.6,0,35.5,0,0,2.6,2.73,2.69,0,0,0,1,0,0,1,0,0,1,0
17.0,0,25000.0,1,3.19,63.4,4,50.1,1,0,6.9,2.36,2.71,1,0,0,1,0,0,0,1,0,0,1
21.7,1,25000.0,1,4.71,85.4,2,30.0,1,0,5.6,4.0,3.76,0,1,0,0,1,0,0,0,0,1,0
20.2,1,34346.0,1,7.09,92.5,1,32.5,1,0,4.7,3.47,2.75,0,0,1,0,0,0,0,1,0,0,0
21.7,1,25000.0,1,1.63,75.3,5,26.4,0,0,5.6,1.48,1.55,0,1,0,0,0,0,0,1,0,0,0
22.3,0,32714.0,1,4.25,71.7,2,34.2,0,0,4.9,1.76,2.11,0,0,0,1,0,1,0,0,0,0,0
23.8,0,25653.0,1,5.64,85.4,1,18.3,0,1,5.7,2.41,2.74,0,0,1,0,1,0,0,0,0,0,0
17.7,1,32370.0,1,6.38,76.6,0,20.5,1,1,5.5,2.63,2.91,0,0,0,1,0,0,0,0,0,0,0
19.8,0,25000.0,1,3.74,100.0,1,25.9,1,1,6.7,4.0,4.0,0,0,0,0,0,0,1,0,0,1,0
21.9,1,32679.0,1,5.68,77.8,0,32.0,0,0,2.7,2.68,2.6,0,1,0,0,0,0,1,0,1,0,0
22.7,0,25000.0,0,4.96,80.4,4,43.3,1,0,5.8,3.34,3.26,0,1,0,0,0,0,0,1,0,0,0
25.8,0,32742.0,1,6.31,86.2,3,28.2,1,0,5.4,3.47,3.8,0,0,0,0,0,0,1,0,0,0,0
23.1,1,66412.0,1,3.74,67.5,2,39.9,0,0,9.6,1.22,1.55,1,1,0,0,0,0,0,1,0,0,0
20.9,0,34773.0,1,4.13,82.5,2,24.7,0,0,2.0,4.0,4.0,0,1,0,0,1,0,0,0,1,0,0
19.0,0,36067.0,1,3.2,91.0,3,37.1,0,0,7.2,4.0,3.95,0,0,0,0,0,0,0,1,1,0,0
19.8,1,48549.0,1,3.62,81.4,1,44.4,0,0,6.3,0.42,1.14,1,1,0,0,0,0,1,0,1,0,0
19.7,0,25000.0,1,3.61,72.8,4,28.6,1,0,6.9,1.35,1.09,1,0,0,1,0,0,0,1,0,0,0
22.4,1,83396.0,1,2.94,78.5,0,34.2,0,1,4.7,4.0,4.0,0,0,1,0,0,0,1,0,0,0,0
21.6,0,29740.5,1,4.0,66.7,3,23.0,0,0,5.5,2.5,2.17,0,0,0,0,0,1,0,0,1,0,0
18.1,1,29740.5,1,4.0,64.7,2,37.0,1,0,5.5,2.75,3.12,0,0,0,1,0,0,0,0,0,0,0
20.0,0,46544.0,1,3.38,90.9,2,5.0,0,1,10.0,1.01,1.33,0,0,1,0,0,1,0,0,1,0,0
22.9,1,25000.0,1,3.48,77.0,0,10.5,1,1,4.9,2.0,2.39,0,1,0,0,1,0,0,0,1,0,0
21.8,1,54466.0,1,1.99,87.6,2,36.9,1,0,4.1,3.63,3.56,0,1,0,0,0,0,0,0,1,0,0
22.3,1,40082.0,1,4.79,70.1,3,10.4,1,0,9.1,2.87,3.13,0,0,0,1,0,0,0,1,0,0,0
21.8,1,92410.0,1,2.88,97.0,1,24.1,0,0,6.1,2.21,2.46,0,1,0,0,0,1,0,0,1,0,0
24.6,1,33391.0,1,3.2,91.1,6,46.8,0,1,6.4,1.08,2.01,1,1,0,0,0,0,1,0,1,0,0
21.5,1,27858.0,1,5.48,78.1,2,40.4,0,0,7.5,2.19,2.04,1,1,0,0,0,0,0,1,1,0,0
20.2,0,25000.0,1,3.3,71.4,3,58.7,1,0,5.6,2.52,2.44,0,0,0,1,1,0,0,0,0,0,0
19.0,1,25000.0,1,4.6,77.9,3,30.9,1,1,4.7,3.84,3.7,0,0,1,0,0,0,1,0,0,1,0
21.5,0,25000.0,1,3.28,84.3,1,29.0,0,1,5.7,3.24,3.36,0,0,0,0,0,0,1,0,0,0,0
17.0,0,25197.0,1,3.34,90.7,0,30.1,0,0,4.0,3.83,4.0,0,0,0,0,0,0,0,0,0,0,1
20.6,0,34795.0,1,3.18,65.1,2,18.9,0,0,2.9,2.05,1.9,0,1,0,0,0,0,1,0,0,0,0
20.5,0,25000.0,1,3.76,91.6,2,27.4,1,0,4.0,3.96,3.57,0,0,1,0,0,0,0,0,1,0,0
18.0,0,25760.0,1,2.19,84.1,3,14.9,0,0,1.2,3.16,3.32,0,0,0,1,0,0,1,0,0,1,0
19.0,0,42014.0,0,4.99,72.7,0,44.1,0,0,4.8,2.3,1.83,0,0,0,0,0,0,0,0,0,0,0
22.8,1,44592.0,1,7.65,61.6,2,38.9,1,0,4.6,1.73,1.77,0,0,0,1,1,0,0,0,0,0,0
21.5,0,25000.0,1,4.77,83.1,1,16.1,0,0,6.6,0.96,0.67,0,1,0,0,0,0,0,1,0,1,0
21.2,0,45426.0,1,2.8,83.8,1,22.0,1,0,5.7,2.05,2.31,0,0,1,0,0,0,0,1,1,0,0
21.7,1,25644.0,1,4.88,77.1,1,34.7,1,0,5.2,1.44,1.5,0,0,0,0,1,0,0,0,0,0,0
21.2,0,29740.5,0,4.0,89.3,2,33.3,0,0,5.5,2.97,2.61,0,0,0,1,0,1,0,0,0,0,0
23.7,1,25000.0,0,3.0,98.3,2,17.4,0,0,4.7,2.43,2.38,0,0,0,0,0,0,0,1,0,0,0
21.3,0,72849.0,0,3.43,78.8,2,30.8,0,1,3.5,0.26,0.13,0,0,0,0,0,1,0,0,0,0,0
17.8,1,33060.0,1,5.36,76.0,3,36.9,1,0,1.0,3.75,3.12,0,0,0,0,0,0,0,1,0,0,0
24.6,0,25000.0,1,4.91,95.7,2,37.2,0,0,5.5,2.77,2.11,0,0,0,0,0,0,0,1,1,0,0
21.8,0,37239.0,1,2.14,80.2,1,50.2,1,0,5.4,0.91,0.71,0,0,1,0,0,0,1,0,0,1,0
19.7,0,36559.0,1,5.06,87.3,2,33.0,1,0,7.8,2.46,2.46,0,1,0,0,0,1,0,0,0,0,0
18.2,0,61916.0,1,3.28,77.1,3,15.1,0,0,3.9,1.92,2.13,0,0,0,1,0,1,0,0,0,0,0
21.9,0,25000.0,1,4.79,91.1,0,17.2,0,0,6.9,2.4,2.68,0,0,1,0,0,0,0,0,1,0,0
20.7,1,29947.0,1,3.01,72.0,1,45.1,0,0,1.0,1.05,0.92,1,0,0,0,0,0,0,1,1,0,0
24.5,1,25000.0,1,3.86,83.2,3,49.3,0,1,3.2,3.15,3.15,0,0,1,0,0,0,0,0,0,0,0
20.2,1,42564.0,1,2.93,84.4,1,29.6,1,1,6.2,1.53,1.69,0,0,1,0,0,0,0,1,1,0,0
19.2,1,25000.0,0,3.87,80.5,4,34.6,0,0,6.7,4.0,3.97,0,1,0,0,0,0,0,1,0,0,1
23.0,1,25000.0,1,2.46,76.9,3,31.1,0,0,2.5,2.19,2.09,0,1,0,0,0,0,0,0,1,0,0
23.0,0,28547.0,1,2.89,96.3,0,26.4,1,1,4.1,2.7,3.04,0,0,1,0,0,0,1,0,0,0,0
21.4,0,25000.0,1,3.17,88.5,0,12.1,1,0,5.6,3.08,3.06,1,1,0,0,1,0,0,0,0,1,0
22.5,0,77752.0,1,2.74,75.1,1,35.7,1,0,5.3,1.72,1.71,0,1,0,0,0,0,0,0,0,0,0
20.9,1,94500.0,1,3.51,66.9,1,51.4,1,0,6.5,2.27,2.69,0,1,0,0,1,0,0,0,1,0,0
21.5,1,25000.0,1,4.11,93.8,1,32.0,1,1,7.1,2.66,2.67,0,1,0,0,0,1,0,0,0,0,0
23.6,0,25000.0,1,5.72,74.6,5,26.4,1,1,3.2,1.91,1.71,0,0,0,1,0,0,0,0,1,0,0
22.4,1,36387.0,1,2.54,82.5,2,24.8,1,1,6.3,3.05,2.8,0,0,1,0,0,0,1,0,0,0,0
20.6,1,29740.5,1,4.0,82.7,2,36.0,1,0,5.5,2.57,2.03,0,0,0,0,0,0,0,1,0,1,0
24.0,1,60163.0,1,4.04,84.3,2,43.8,1,1,6.1,1.93,1.69,0,0,0,1,0,0,0,1,0,0,0
17.0,1,25000.0,1,1.87,68.5,4,36.4,1,1,4.7,1.0,0.73,0,0,0,1,0,0,1,0,0,1,0
25.5,1,41221.0,1,4.32,79.2,0,7.6,1,1,7.4,0.61,0.77,1,0,1,0,0,0,0,0,1,0,0
17.2,1,31837.0,1,4.02,81.9,4,50.9,1,0,6.6,2.86,2.83,0,0,1,0,0,0,0,0,0,0,0
19.6,1,25000.0,1,4.71,81.6,1,40.0,0,0,3.7,1.65,1.55,0,0,0,0,0,0,1,0,1,0,0
20.9,0,34339.0,1,6.91,87.7,1,27.8,0,0,2.5,4.0,3.55,0,0,1,0,0,0,0,0,0,1,0
20.7,1,50368.0,1,4.08,83.3,4,23.6,1,0,7.6,1.31,1.22,1,0,1,0,0,0,0,0,0,1,0
23.2,1,31323.0,0,3.3,85.6,0,24.6,1,0,4.2,2.19,2.23,0,0,0,0,0,1,0,0,0,0,0
18.7,0,31520.0,1,5.25,77.2,2,40.4,0,0,4.4,2.9,3.01,0,0,0,0,1,0,0,0,0,0,0
21.6,0,29740.5,1,4.0,95.7,1,6.3,0,1,5.5,2.95,2.72,0,0,0,0,1,0,0,0,0,0,0
19.7,1,59073.0,1,3.79,79.7,1,36.2,0,0,3.7,2.5,2.17,0,0,0,1,0,0,0,0,1,0,0
21.6,0,55644.0,1,6.32,84.6,3,33.4,0,0,5.9,3.79,3.73,0,1,0,0,0,0,0,0,0,0,0
20.9,1,25000.0,1,4.98,82.9,2,33.2,1,0,5.5,4.0,3.61,0,0,0,0,0,0,0,0,1,0,0
21.2,1,27596.0,1,2.76,85.6,2,16.0,0,1,5.4,2.75,2.7,0,0,0,0,0,0,0,0,0,0,0
19.8,0,69462.0,1,2.8,91.6,2,9.6,0,1,7.7,1.6,1.55,0,0,0,0,0,0,0,1,0,0,0
19.9,0,25000.0,0,2.26,75.3,0,56.9,1,0,6.3,1.78,1.94,0,1,0,0,0,0,0,0,0,1,0
21.6,1,42726.0,1,2.57,88.6,3,31.6,0,0,7.3,0.49,0.81,1,0,0,1,0,1,0,0,0,0,0
23.1,0,25000.0,1,5.47,87.9,0,53.2,0,0,5.1,2.11,2.43,0,1,0,0,0,0,0,0,0,0,0
19.7,0,86409.0,1,3.34,83.4,7,40.8,1,0,4.2,2.9,3.28,1,0,0,1,1,0,0,0,1,0,0
19.1,1,30886.0,1,1.68,83.8,2,31.3,1,1,7.4,1.37,1.75,1,0,0,1,0,1,0,0,0,0,0
22.3,1,63337.0,1,4.59,72.8,2,32.8,1,1,4.5,3.06,3.04,0,0,0,0,0,0,0,1,0,0,0
20.9,1,25000.0,1,4.22,79.3,3,43.0,1,0,5.7,2.33,2.94,0,0,0,0,0,0,1,0,0,1,0
22.8,0,25000.0,1,3.42,66.7,0,44.3,1,0,6.3,1.21,0.91,0,1,0,0,1,0,0,0,1,0,0
19.0,1,25834.0,1,3.17,79.6,2,35.7,1,0,4.1,1.61,1.98,0,0,1,0,1,0,0,0,0,0,0
17.1,0,34808.0,1,4.02,81.5,0,43.1,1,1,4.1,3.18,3.39,0,0,0,1,0,0,1,0,0,0,0
19.8,1,25000.0,1,4.1,70.8,0,43.7,0,1,5.0,0.64,0.93,0,0,0,1,0,0,0,0,0,1,0
19.3,1,46863.0,1,4.52,84.4,3,34.0,0,1,6.8,1.4,1.2,1,0,0,0,0,0,0,0,0,0,0
20.8,0,26213.0,1,1.73,91.7,3,22.8,0,0,6.1,1.3,1.76,1,0,1,0,0,1,0,0,0,0,0
19.6,0,25000.0,1,2.57,83.7,0,36.0,1,1,3.1,1.93,1.64,0,0,0,0,0,0,0,0,0,0,0
22.6,1,41427.0,1,3.42,82.0,2,21.0,1,1,9.0,0.84,0.76,1,0,0,0,0,0,0,1,0,0,0
20.4,1,25000.0,1,2.27,77.8,1,25.4,0,1,6.2,0.0,0.28,1,0,0,1,0,1,0,0,1,0,0
21.3,0,25000.0,1,4.62,85.0,3,34.8,1,1,4.7,2.09,2.52,1,0,1,0,0,0,1,0,1,0,0
21.3,1,75499.0,1,4.88,73.9,3,29.0,1,1,5.2,1.69,1.42,0,1,0,0,0,0,1,0,0,0,1
21.4,1,86136.0,1,3.21,62.7,1,45.8,0,0,5.1,2.9,3.39,0,0,0,0,0,0,1,0,0,0,0
20.9,0,25000.0,1,4.86,94.6,2,22.1,1,0,4.8,2.93,2.43,0,0,1,0,0,0,0,0,0,0,0
22.1,0,42052.0,1,4.29,89.7,0,5.0,1,1,7.6,3.01,3.13,0,0,0,1,0,1,0,0,0,0,0
19.2,1,25000.0,1,4.3,73.2,2,45.7,0,0,9.8,1.6,2.27,0,0,0,0,0,0,0,1,1,0,0
24.1,0,25031.0,1,0.5,70.4,1,30.6,1,0,4.6,0.58,0.48,1,0,1,0,0,0,1,0,0,0,0
20.5,0,25000.0,1,3.75,82.9,1,31.1,0,1,4.7,1.64,1.78,0,0,1,0,1,0,0,0,0,0,1
18.1,1,25000.0,1,3.22,82.5,3,20.5,0,0,5.3,1.13,0.47,1,0,0,1,1,0,0,0,0,0,1
21.4,0,31478.0,1,3.82,88.5,2,7.4,1,1,3.0,2.49,2.37,0,0,0,0,0,0,0,1,0,1,0
19.1,1,35345.0,0,3.45,79.3,2,20.2,0,1,6.5,3.42,3.74,0,0,0,0,0,0,0,1,1,0,0
22.5,1,29740.5,1,4.0,91.2,1,36.8,0,1,5.5,1.66,1.99,0,1,0,0,0,0,0,1,0,0,0
25.9,1,29740.5,1,4.0,80.3,2,27.6,0,1,5.5,2.5,2.12,0,0,1,0,0,0,0,1,1,0,0
19.3,1,25000.0,1,3.46,91.7,1,26.0,1,0,2.2,4.0,4.0,0,0,1,0,1,0,0,0,0,0,0
21.7,0,25000.0,1,5.17,80.5,1,9.6,0,1,1.4,4.0,4.0,0,1,0,0,0,0,0,1,0,0,0
17.1,1,40778.0,0,3.82,75.1,3,51.7,0,0,4.8,2.93,3.17,0,0,0,1,1,0,0,0,1,0,0
22.0,0,25000.0,1,3.26,79.0,3,29.3,0,0,6.7,0.46,0.33,0,0,0,1,0,1,0,0,0,0,0
19.1,1,51226.0,1,2.38,87.2,0,58.1,0,0,2.3,2.02,2.22,0,0,0,1,0,1,0,0,0,0,0
19.6,1,25000.0,1,7.55,84.8,2,34.4,0,0,7.1,4.0,4.0,0,0,0,1,1,0,0,0,0,0,0
18.6,0,53829.0,1,5.29,82.4,2,48.6,1,0,5.0,2.5,2.65,0,0,0,1,0,0,0,0,1,0,0
22.6,0,64401.0,1,4.21,73.6,0,21.4,1,1,4.0,3.09,3.14,0,0,0,1,0,0,0,0,0,0,0
23.2,0,43656.0,1,2.16,81.5,3,11.8,1,1,5.6,1.67,1.79,0,0,0,0,0,0,1,0,0,0,0
21.1,0,25000.0,1,2.03,76.8,1,27.8,0,0,3.2,2.48,2.37,0,1,0,0,1,0,0,0,1,0,0
19.1,1,25000.0,1,6.17,76.6,0,36.7,0,1,1.0,4.0,4.0,0,0,0,1,0,1,0,0,0,1,0
24.5,0,25000.0,1,6.09,90.0,0,38.0,0,1,7.7,0.11,0.41,1,1,0,0,0,0,0,1,1,0,0
19.3,1,57627.0,1,4.36,75.9,0,34.7,0,0,5.4,1.57,1.99,0,1,0,0,0,0,0,0,0,0,0
17.0,0,27423.0,1,2.95,75.4,1,57.5,0,0,4.2,3.69,3.21,0,0,0,0,0,1,0,0,0,1,0
22.0,0,25000.0,1,3.29,84.5,1,34.7,1,1,4.5,0.97,0.45,1,1,0,0,0,0,0,1,0,0,0
18.6,1,27467.0,1,2.87,74.7,1,26.3,0,1,4.1,1.99,1.92,0,1,0,0,0,0,1,0,1,0,0
23.2,1,56861.0,1,6.7,77.6,1,27.2,1,1,4.9,1.86,2.57,0,0,1,0,1,0,0,0,1,0,0
20.2,0,47441.0,1,3.73,97.4,2,20.3,1,1,5.3,2.65,2.58,0,1,0,0,0,0,0,0,0,1,0
22.3,0,38681.0,1,5.06,80.7,2,33.5,0,0,6.7,1.7,2.07,0,0,0,0,0,0,0,1,0,0,0
24.1,1,43596.0,0,5.24,87.4,2,43.0,1,0,4.2,3.79,3.34,0,1,0,0,0,0,0,1,0,0,0
18.3,0,33127.0,1,2.33,100.0,0,46.9,1,1,3.6,3.76,4.0,0,0,0,0,0,0,0,1,0,0,0
19.8,0,35642.0,1,4.1,83.6,2,26.4,0,1,4.5,2.83,2.64,0,0,1,0,0,0,1,0,0,0,0
20.8,1,33949.0,1,3.63,86.2,2,29.4,0,0,9.9,2.14,1.64,1,0,1,0,0,0,1,0,0,0,0
24.4,1,29732.0,1,5.67,84.5,0,22.3,0,1,5.8,2.09,2.62,0,1,0,0,0,0,1,0,0,0,0
19.6,0,46725.0,1,4.78,79.4,1,41.6,0,1,6.2,2.29,2.15,0,0,0,0,0,1,0,0,0,0,0
19.7,1,36930.0,1,3.93,83.0,5,15.2,0,0,5.0,1.21,0.5,0,0,0,1,0,0,0,0,1,0,0
22.1,1,25000.0,1,4.19,80.6,4,21.3,0,1,8.6,0.68,0.59,0,0,0,1,0,0,0,1,0,0,0
19.7,0,40836.0,1,3.11,74.7,1,5.0,1,0,7.0,1.3,1.44,0,1,0,0,0,1,0,0,0,0,0
21.3,0,34487.0,1,2.77,88.7,4,15.8,0,0,3.6,3.73,3.44,1,0,1,0,0,0,0,0,0,0,0
17.6,0,42909.0,1,3.02,67.5,0,22.9,1,0,5.8,1.14,0.75,1,1,0,0,0,0,0,0,0,0,0
25.9,1,27931.0,1,4.64,82.1,0,23.9,0,1,4.8,3.41,3.94,0,1,0,0,0,0,1,0,0,0,0
18.0,0,48390.0,1,5.19,79.8,3,14.5,1,1,6.2,2.75,2.46,0,0,0,1,1,0,0,0,0,1,0
20.3,0,28657.0,1,4.82,73.7,3,16.4,1,1,7.3,0.22,0.19,1,0,0,0,0,0,0,1,1,0,0
20.9,1,29740.5,1,4.0,87.0,1,45.1,0,1,5.5,2.1,1.85,0,0,1,0,1,0,0,0,0,0,1
25.2,0,25000.0,1,4.42,73.8,2,20.6,0,0,6.1,1.82,1.83,0,0,0,0,0,0,1,0,1,0,0
18.1,0,25000.0,1,4.8,78.7,3,8.3,1,1,4.0,3.94,4.0,0,1,0,0,0,1,0,0,0,1,0
25.4,0,42669.0,1,6.22,87.8,4,17.5,0,0,8.0,2.68,2.66,1,0,1,0,1,0,0,0,0,0,0
22.7,0,25000.0,1,2.26,66.6,1,17.6,0,0,7.2,0.0,0.24,1,0,1,0,1,0,0,0,1,0,0
21.9,1,111689.0,1,5.4,90.6,2,29.2,0,0,1.9,4.0,3.54,0,0,0,1,0,0,0,1,0,0,0
18.8,0,41767.0,1,6.07,81.7,2,34.3,1,0,3.5,3.65,3.48,0,1,0,0,0,0,0,1,0,0,0
22.3,0,30181.0,1,2.58,79.5,0,13.8,0,1,3.1,2.26,2.16,0,1,0,0,0,0,0,1,0,1,0
19.4,0,48627.0,0,4.85,71.0,1,33.6,1,0,5.4,0.0,0.04,0,0,0,0,0,1,0,0,0,0,0
23.8,0,25000.0,0,1.8,82.7,1,46.8,1,1,6.0,2.38,2.48,1,1,0,0,0,0,0,1,0,0,0
18.9,1,51731.0,1,3.97,82.2,0,42.2,0,0,6.9,0.25,0.49,1,0,0,1,1,0,0,0,0,1,0
20.8,1,50876.0,1,2.65,86.4,2,37.0,1,0,5.1,2.25,2.45,0,0,0,1,1,0,0,0,0,1,0
19.8,1,63078.0,1,4.89,78.2,2,34.9,0,1,5.0,3.94,3.88,0,1,0,0,0,0,0,0,0,0,0
18.8,0,25000.0,1,3.94,74.2,0,26.2,0,0,6.0,3.7,3.76,0,0,0,1,1,0,0,0,1,0,0
22.6,1,25000.0,0,3.55,84.5,2,47.0,0,1,10.0,1.55,2.04,0,0,1,0,1,0,0,0,0,0,0
22.2,0,25000.0,1,4.79,77.4,2,35.2,0,0,2.8,3.99,4.0,0,0,1,0,1,0,0,0,0,0,0
23.7,1,25110.0,1,2.89,86.0,1,20.3,0,0,2.1,3.91,3.68,0,0,1,0,0,0,0,0,0,0,0
17.1,1,80848.0,0,4.03,73.8,3,28.2,0,1,4.5,4.0,4.0,0,1,0,0,0,0,1,0,1,0,0
23.3,1,110969.0,1,4.9,88.4,2,21.9,1,0,4.2,2.95,2.32,0,0,0,1,0,0,1,0,1,0,0
26.5,0,29740.5,1,4.0,93.9,0,28.3,0,0,5.5,3.03,2.76,0,0,0,1,0,0,0,1,0,0,0
20.0,0,29901.0,1,4.17,80.7,1,44.6,0,0,5.5,1.09,0.55,1,1,0,0,0,0,0,1,0,0,0
25.2,0,25000.0,1,3.67,92.8,2,27.9,0,0,3.4,1.25,1.37,1,0,1,0,0,0,0,0,0,0,0
20.4,0,48767.0,1,5.86,88.0,2,20.5,1,0,4.4,4.0,3.47,0,0,0,0,0,1,0,0,1,0,0
18.0,1,110542.0,0,5.84,84.7,3,42.5,1,1,5.0,1.15,1.7,1,0,1,0,0,0,0,0,0,0,1
20.3,1,86813.0,0,3.89,81.9,1,45.3,0,1,5.0,1.89,2.04,1,1,0,0,0,0,1,0,0,0,0
23.3,0,58852.0,1,3.85,77.6,2,20.6,1,0,5.2,3.03,3.0,0,0,1,0,0,1,0,0,0,1,0
19.2,0,58336.0,1,2.69,91.6,3,47.8,1,0,5.2,3.88,3.6,0,0,1,0,0,0,0,0,0,0,0
19.7,1,48991.0,1,6.93,90.0,2,41.6,0,0,4.0,4.0,3.83,0,0,1,0,1,0,0,0,0,0,0
22.3,0,28901.0,1,5.02,73.6,4,23.4,0,0,5.0,1.32,1.27,0,1,0,0,0,0,0,1,1,0,0
21.0,1,25000.0,1,5.17,82.9,0,44.6,0,0,5.5,2.05,2.39,0,0,1,0,0,0,0,1,0,0,0
22.3,1,29364.0,1,5.85,75.5,3,15.2,0,0,7.2,1.75,2.04,0,1,0,0,0,1,0,0,0,0,0
21.5,1,38308.0,0,3.94,85.8,3,24.2,0,1,2.8,2.44,1.88,0,0,1,0,1,0,0,0,1,0,0
22.1,0,25000.0,0,3.65,88.0,5,16.9,1,1,5.5,1.62,1.16,1,1,0,0,0,0,0,1,0,0,0
20.0,1,27126.0,1,5.94,69.5,4,18.3,0,0,5.8,1.23,1.01,0,0,0,0,0,0,0,1,0,0,0
21.5,1,25000.0,1,3.3,81.3,2,40.2,1,0,5.8,1.03,1.18,0,0,1,0,0,1,0,0,0,0,0
19.0,1,54628.0,1,3.76,85.4,4,29.8,1,0,5.9,2.92,3.14,0,0,0,0,0,0,0,0,0,0,1
23.8,1,29740.5,1,4.0,82.7,4,16.7,0,0,5.5,3.19,3.71,0,0,1,0,0,0,0,0,0,0,0
19.6,1,36204.0,1,2.59,96.3,0,22.9,1,0,5.8,2.29,2.22,0,0,1,0,0,1,0,0,1,0,0
23.5,1,25000.0,1,5.04,69.4,2,22.0,0,1,5.7,1.48,1.69,0,0,1,0,0,0,0,1,0,1,0
20.5,1,77545.0,1,4.71,92.8,1,33.0,0,1,6.5,1.64,1.94,0,0,0,1,0,0,0,1,1,0,0
21.4,0,25000.0,1,3.3,74.9,0,57.3,1,1,5.2,1.7,1.2,0,1,0,0,0,0,1,0,0,0,0
19.9,1,39557.0,1,5.51,64.9,7,32.5,1,0,4.5,2.84,2.93,0,0,1,0,0,0,0,0,0,0,0
18.8,1,25000.0,0,2.48,84.6,0,33.3,0,0,7.3,1.19,1.1,1,0,0,1,0,1,0,0,0,0,0
17.2,1,25000.0,1,3.52,81.0,0,48.5,1,0,3.3,2.57,2.84,0,0,0,1,0,0,0,0,0,0,0
18.7,0,33648.0,1,5.94,82.7,2,23.5,0,0,3.0,2.53,2.0,0,0,1,0,0,0,0,1,0,0,0
20.3,0,34656.0,1,3.83,86.2,4,46.0,1,0,3.3,4.0,3.65,0,0,0,0,0,1,0,0,1,0,0
21.5,1,34117.0,1,2.07,86.4,3,24.9,0,1,6.1,2.39,2.75,0,0,0,0,1,0,0,0,0,1,0
23.2,0,32567.0,1,4.32,77.8,0,25.7,0,0,4.2,2.4,2.04,0,1,0,0,0,0,0,0,1,0,0
20.0,0,25000.0,1,3.63,88.5,3,26.0,0,0,5.3,3.69,3.13,0,1,0,0,0,0,0,1,0,0,0
19.1,0,26945.0,1,4.68,65.9,0,28.7,1,1,8.0,0.77,0.67,0,0,0,1,0,0,0,1,1,0,0
17.8,1,30302.0,1,5.43,81.2,3,27.9,1,1,3.4,4.0,3.91,0,0,0,1,0,1,0,0,0,0,1
22.1,1,33430.0,1,3.91,91.0,1,34.3,1,0,2.4,2.48,1.74,0,1,0,0,0,1,0,0,0,0,0
24.0,0,28584.0,1,0.92,84.3,5,24.9,0,0,7.0,1.24,1.5,1,0,0,0,1,0,0,0,0,0,0
23.8,0,46062.0,1,4.73,82.4,1,31.2,1,1,4.0,0.57,0.75,1,1,0,0,0,0,0,1,0,0,0
22.6,0,31446.0,1,2.69,79.2,2,10.7,0,0,3.4,3.15,2.85,0,1,0,0,0,0,0,1,0,0,1
22.4,1,33550.0,1,4.66,84.8,1,39.4,0,0,5.3,1.39,1.61,0,1,0,0,0,0,0,1,0,0,0
24.7,1,29740.5,1,4.0,79.8,1,43.6,0,0,5.5,3.32,3.37,0,0,0,1,0,0,0,1,1,0,0
21.7,0,25000.0,1,5.38,87.0,1,32.7,0,0,3.9,2.92,3.12,0,0,1,0,0,0,0,0,1,0,0
22.4,0,32611.0,0,5.1,77.8,1,39.0,0,1,6.5,2.4,2.32,0,0,1,0,0,0,1,0,0,0,0
20.3,1,61357.0,1,3.6,94.2,1,20.0,1,0,4.1,4.0,3.57,0,1,0,0,1,0,0,0,0,0,0
18.0,1,38805.0,1,3.85,86.4,0,48.2,1,1,4.0,4.0,4.0,0,0,0,0,0,0,0,1,1,0,0
19.5,1,25000.0,1,4.56,96.5,0,32.3,0,1,2.1,3.41,3.56,0,0,0,1,0,0,1,0,0,0,0
21.0,0,48477.0,1,5.06,78.9,2,10.7,0,0,1.1,4.0,4.0,0,0,0,1,0,0,0,0,1,0,0
21.1,0,25000.0,1,2.71,91.8,0,44.6,1,0,5.9,2.28,2.18,0,0,0,0,0,0,0,0,0,1,0
25.2,0,45652.0,1,5.2,71.9,2,38.6,0,0,3.1,1.96,2.21,0,0,0,0,0,1,0,0,1,0,0
21.2,0,25000.0,1,1.64,87.8,5,52.5,0,0,5.2,2.71,2.7,0,0,0,0,0,1,0,0,0,1,0
23.6,1,36753.0,1,1.29,81.1,1,50.0,1,1,9.0,0.67,0.8,1,1,0,0,0,0,0,0,0,1,0
20.0,0,25000.0,1,1.85,83.0,1,46.1,0,0,6.3,1.6,1.44,0,0,0,0,0,0,0,1,0,1,0
20.3,0,25000.0,1,4.68,87.8,3,35.7,1,0,5.6,1.67,1.05,1,0,0,1,0,0,1,0,1,0,0
18.1,0,25000.0,1,4.81,87.9,2,38.6,1,0,6.3,2.85,3.09,0,1,0,0,0,1,0,0,0,0,1
19.4,0,40427.0,1,4.26,88.7,2,17.1,0,0,9.4,1.0,0.87,0,0,1,0,0,1,0,0,0,0,0
22.2,1,37127.0,1,3.27,84.8,2,26.7,0,0,2.1,4.0,4.0,0,1,0,0,0,0,1,0,1,0,0
21.0,0,38402.0,1,4.62,86.3,1,65.8,0,1,5.3,3.18,2.96,0,1,0,0,0,0,0,0,0,0,0
23.1,0,35073.0,1,3.13,80.2,3,9.3,0,1,8.2,0.26,0.36,0,0,0,1,0,0,0,0,1,0,0
21.4,0,25000.0,1,3.58,76.8,3,33.7,0,0,6.1,0.59,1.19,1,1,0,0,1,0,0,0,0,0,0
20.2,1,53079.0,1,2.91,83.3,1,29.5,0,0,7.7,2.69,2.51,0,0,1,0,0,0,1,0,1,0,0
25.7,0,53942.0,1,4.84,64.8,1,40.2,0,1,4.4,1.12,1.24,1,0,0,1,0,0,0,1,0,0,0
20.8,1,25000.0,0,3.25,85.4,3,32.4,1,1,3.2,2.67,2.91,0,0,1,0,0,1,0,0,0,0,0
23.6,1,40916.0,0,4.5,89.0,1,44.6,1,0,8.9,2.2,2.36,0,0,0,1,0,0,1,0,0,0,0
20.1,1,50262.0,1,4.11,87.0,4,30.2,0,0,5.6,2.42,2.23,0,0,0,1,0,0,0,1,0,1,0
22.6,0,25000.0,1,6.08,77.1,1,39.3,0,0,7.0,2.42,2.81,0,0,1,0,0,0,0,0,0,0,0
23.0,1,25000.0,0,4.09,65.6,2,34.4,0,0,7.1,0.0,0.0,1,0,0,1,1,0,0,0,0,0,0
21.5,1,40965.0,0,5.62,87.2,1,26.5,0,1,7.8,0.92,0.98,1,0,0,1,0,0,0,0,0,0,0
17.0,0,25000.0,0,5.05,75.7,4,24.8,1,0,6.0,0.55,0.81,1,0,1,0,0,0,0,0,0,0,1
21.0,0,25000.0,1,2.54,71.7,3,45.3,1,0,6.1,1.72,1.4,1,0,0,1,0,0,1,0,1,0,0
23.7,0,25000.0,1,3.28,89.6,5,37.5,0,1,6.4,1.3,1.19,1,0,0,0,0,0,0,0,0,0,0
22.2,1,25000.0,1,3.65,71.2,2,42.0,1,1,4.3,1.09,1.22,0,0,0,0,0,1,0,0,0,0,0
22.0,0,57009.0,1,4.71,80.6,3,45.1,0,1,7.4,2.24,2.23,0,0,0,1,0,0,1,0,0,0,1
17.2,1,25000.0,1,5.01,96.2,1,23.8,0,1,4.5,3.19,2.83,0,0,1,0,0,0,0,0,0,1,0
19.4,1,36529.0,0,4.85,76.7,2,26.8,1,0,7.5,2.42,2.39,1,1,0,0,0,1,0,0,1,0,0
21.9,1,48388.0,1,2.97,73.5,2,25.9,0,0,6.9,0.07,0.4,1,0,1,0,0,0,1,0,1,0,0
21.9,0,25000.0,0,3.98,86.1,2,42.4,0,0,1.5,3.63,4.0,0,0,1,0,0,1,0,0,0,1,0
23.7,1,25000.0,1,3.46,84.6,3,31.1,0,1,7.0,3.33,3.71,0,0,0,0,1,0,0,0,0,0,0
20.7,1,34191.0,1,4.48,68.7,2,32.2,0,0,5.9,2.46,2.4,1,0,0,1,0,0,1,0,1,0,0
21.9,1,29740.5,1,4.0,67.4,1,17.3,0,0,5.5,0.78,1.06,1,1,0,0,0,0,1,0,1,0,0
21.0,1,54290.0,1,3.97,91.4,3,39.9,0,0,8.6,1.44,1.92,1,1,0,0,1,0,0,0,0,0,0
18.8,0,25000.0,1,1.71,93.2,3,40.3,0,0,5.7,1.72,1.76,0,0,0,0,1,0,0,0,0,0,0
17.0,0,25000.0,1,2.59,79.9,0,36.7,1,1,6.1,2.51,2.57,0,0,1,0,1,0,0,0,1,0,0
21.9,1,41645.0,0,6.12,86.0,2,32.0,1,1,3.2,2.74,2.52,0,0,0,1,0,1,0,0,0,0,0
21.4,1,30646.0,1,6.2,86.3,4,42.5,0,1,5.2,2.03,2.34,1,0,0,1,0,1,0,0,1,0,0
19.6,1,46687.0,1,3.15,90.1,0,29.4,0,0,8.5,1.85,1.76,0,1,0,0,0,0,1,0,0,0,0
17.4,0,34794.0,1,4.64,81.3,1,47.0,0,0,5.5,3.2,2.82,1,0,0,1,1,0,0,0,0,0,0
22.4,1,27424.0,1,4.63,92.4,1,38.6,0,0,7.2,1.74,1.52,0,0,0,0,0,0,0,1,0,0,0
20.4,1,25000.0,1,5.78,76.2,2,14.9,0,0,5.5,4.0,3.85,0,0,0,1,0,0,0,0,0,0,0
22.2,0,119974.0,1,4.32,88.2,2,28.4,0,0,5.3,2.52,2.62,0,0,0,0,0,1,0,0,0,0,0
25.1,1,74680.0,1,2.64,74.0,1,33.9,0,1,6.5,3.68,3.25,0,1,0,0,0,0,0,1,0,0,0
17.0,1,40027.0,1,2.93,67.7,3,21.6,1,0,1.0,3.64,4.0,0,0,0,1,0,0,0,0,1,0,0
19.5,1,31166.0,1,4.52,86.9,0,43.0,1,0,6.2,4.0,4.0,0,0,0,0,0,0,1,0,1,0,0
20.5,1,41064.0,1,1.62,100.0,3,6.3,0,1,1.5,1.74,1.4,0,1,0,0,0,0,0,1,1,0,0
24.2,0,48830.0,1,1.77,84.6,4,39.6,0,0,5.4,0.32,0.23,1,0,0,1,0,0,0,0,0,1,0
17.4,0,38227.0,1,5.1,80.3,3,38.3,0,0,4.0,2.57,2.95,1,0,0,1,0,1,0,0,0,0,0
25.3,1,25000.0,1,7.43,91.9,2,6.2,1,0,3.4,2.29,2.21,0,0,0,1,0,0,0,0,1,0,0
21.3,1,86743.0,1,3.19,78.4,1,31.2,1,1,8.2,1.15,1.22,1,0,0,1,0,1,0,0,0,0,0
20.8,0,34466.0,1,3.79,67.9,2,24.8,0,0,7.5,1.37,1.18,1,0,0,0,1,0,0,0,1,0,0
20.6,0,99544.0,0,3.89,89.5,0,47.0,0,1,4.9,1.64,1.23,0,0,0,1,0,0,0,0,0,0,0
20.0,1,33266.0,1,4.32,94.4,3,20.0,0,1,9.8,1.29,1.16,1,1,0,0,1,0,0,0,0,0,0
23.3,0,25658.0,1,2.89,83.0,5,39.6,0,0,7.3,0.15,0.24,1,1,0,0,0,0,0,1,0,0,0
18.6,1,68219.0,1,3.87,84.5,2,42.0,0,0,5.2,3.39,3.55,0,1,0,0,0,0,0,0,0,1,0
21.8,0,35622.0,1,5.04,77.1,4,25.3,1,0,2.1,4.0,3.99,0,0,0,1,0,0,0,1,0,1,0
20.2,0,32211.0,1,3.25,80.7,3,45.6,0,0,5.3,3.86,3.97,0,0,1,0,0,0,0,1,0,0,0
19.3,0,25000.0,1,4.01,83.8,4,25.0,0,0,4.4,2.67,2.53,0,0,0,0,0,0,0,0,0,0,0
26.7,1,44185.0,1,5.35,82.4,2,46.0,0,1,4.7,2.26,2.14,0,0,0,1,1,0,0,0,0,0,0
21.9,1,25000.0,1,3.96,82.3,0,61.3,1,0,6.2,0.41,0.16,0,1,0,0,0,0,0,1,1,0,0
22.3,0,25000.0,1,2.0,56.9,0,41.2,0,0,4.4,1.06,0.66,1,1,0,0,0,0,1,0,1,0,0
23.5,0,25000.0,0,1.04,83.3,1,37.3,0,1,7.9,3.8,3.39,0,0,0,1,0,0,0,1,0,1,0
17.9,0,38693.0,1,2.52,71.4,1,24.3,1,0,4.5,2.42,2.55,0,0,0,0,1,0,0,0,0,1,0
24.9,1,25000.0,1,5.54,85.8,4,52.3,1,0,3.7,3.7,4.0,0,1,0,0,0,0,0,1,0,1,0
17.0,0,26199.0,1,3.66,90.5,2,40.7,1,0,6.7,2.16,2.41,0,1,0,0,0,0,0,0,1,0,0
19.3,0,53539.0,1,4.45,86.5,4,24.5,0,0,5.4,2.06,1.95,0,0,0,0,0,0,1,0,0,0,0
20.0,1,25000.0,1,5.69,72.8,1,48.0,1,0,7.0,1.07,0.7,1,1,0,0,1,0,0,0,0,0,1
22.3,1,32982.0,1,2.38,75.3,0,31.3,0,0,5.8,2.63,2.68,0,0,0,0,1,0,0,0,0,0,0
21.5,1,25000.0,1,7.46,81.5,1,38.1,0,1,3.0,3.22,3.08,0,0,1,0,1,0,0,0,0,0,0
20.6,0,25000.0,1,3.86,88.8,0,25.1,0,1,6.0,2.39,2.04,0,0,0,0,0,0,0,1,0,0,0
21.0,0,80265.0,1,4.7,90.0,4,18.7,1,0,3.9,3.77,4.0,0,1,0,0,0,1,0,0,0,0,0
18.8,0,25000.0,1,3.08,84.9,0,19.4,1,0,5.8,0.77,1.19,0,0,0,0,0,0,0,1,0,0,0
17.7,1,47069.0,1,2.74,74.3,0,25.4,1,0,4.4,2.15,1.96,0,0,0,1,0,0,0,1,0,1,0
22.6,0,25000.0,1,4.03,91.4,2,36.2,1,0,5.1,2.52,2.3,0,0,0,1,0,0,1,0,0,0,0
22.5,0,25000.0,1,3.21,81.8,3,26.4,0,1,5.6,1.25,1.17,0,1,0,0,1,0,0,0,0,0,0
24.5,1,25000.0,1,4.12,78.8,3,20.5,0,1,6.8,0.99,0.98,1,0,0,0,1,0,0,0,0,1,0
19.3,1,46739.0,1,1.23,78.1,0,18.6,0,1,4.5,2.24,2.32,0,0,1,0,0,0,1,0,0,0,0
22.5,1,26507.0,1,2.21,69.8,1,45.2,1,0,1.0,4.0,3.86,0,0,0,1,0,0,0,0,1,0,0
20.4,0,25000.0,1,3.33,90.8,1,28.5,0,0,3.8,2.81,2.67,0,0,0,1,0,1,0,0,0,0,0
23.6,1,31758.0,1,2.52,81.0,1,6.5,0,1,5.7,1.43,1.29,1,1,0,0,0,0,1,0,0,1,0
23.2,1,26845.0,1,7.95,76.5,0,29.9,0,0,7.6,1.67,1.95,0,1,0,0,0,0,0,1,0,1,0
21.5,1,25000.0,1,4.24,86.9,2,25.0,0,0,6.0,3.12,3.42,0,1,0,0,0,0,0,0,0,0,0
20.3,0,25000.0,1,4.35,88.3,3,32.5,1,1,7.3,3.22,3.23,0,0,0,0,0,0,1,0,1,0,0
23.1,1,50882.0,1,2.58,68.1,0,23.2,1,1,5.8,3.18,2.57,0,0,0,0,0,0,0,0,0,0,0
22.4,1,25000.0,1,3.09,94.4,0,45.4,0,0,5.9,2.3,2.01,1,0,0,0,1,0,0,0,0,0,0
19.5,1,29740.5,0,4.0,99.8,1,28.2,0,0,5.5,4.0,3.67,0,0,0,0,0,0,0,1,0,0,0
18.1,1,25000.0,1,5.49,82.8,3,27.5,1,1,7.4,1.03,0.6,1,0,0,1,0,1,0,0,0,0,0
20.4,1,25000.0,1,2.16,83.9,1,26.2,1,1,8.5,2.42,2.02,0,0,0,0,1,0,0,0,0,0,0
24.3,1,29239.0,0,3.55,100.0,2,35.7,0,0,3.8,3.78,3.99,0,0,1,0,0,0,0,1,0,0,0
23.5,0,25000.0,1,4.57,73.3,0,34.7,0,0,5.9,2.41,2.22,0,0,0,1,1,0,0,0,0,0,0
18.6,0,25000.0,1,1.0,77.8,4,25.3,0,0,3.4,3.75,3.51,0,0,1,0,0,0,1,0,1,0,0
18.4,0,28889.0,1,1.84,86.7,1,30.3,1,0,8.5,2.33,2.33,0,0,0,1,0,0,0,0,0,0,0
23.8,1,43887.0,1,2.18,91.2,1,27.0,0,0,5.8,2.05,1.86,0,1,0,0,1,0,0,0,0,0,0
18.5,0,62747.0,1,3.76,82.3,1,40.2,0,0,5.5,3.18,2.55,0,0,1,0,0,0,1,0,0,1,0
22.1,1,25414.0,1,3.41,75.5,1,14.5,0,0,3.5,2.35,2.33,0,0,0,0,0,0,0,1,0,0,0
19.6,1,92303.0,0,5.21,92.3,2,25.9,0,1,5.1,2.2,2.12,0,0,0,0,0,0,0,0,0,1,0
24.6,0,26626.0,1,1.11,81.9,2,27.7,0,0,5.4,1.21,1.4,0,0,0,0,0,0,1,0,0,1,0
19.3,0,48890.0,1,3.46,82.0,2,46.7,1,1,3.6,2.05,1.96,0,0,0,0,0,0,0,0,0,0,0
23.5,0,94741.0,1,5.53,89.4,2,44.1,0,0,5.8,2.75,3.0,1,0,1,0,0,1,0,0,0,0,0
21.4,0,32325.0,1,1.95,94.0,2,34.7,1,0,4.0,1.99,2.36,0,0,0,1,0,0,1,0,0,1,0
21.6,0,25000.0,1,3.85,83.9,3,18.1,1,0,6.3,1.69,1.49,0,0,1,0,0,1,0,0,0,0,0
17.0,0,31399.0,1,4.98,85.8,0,30.7,1,1,3.7,4.0,3.91,0,0,0,1,1,0,0,0,0,1,0
17.0,0,25000.0,1,5.83,90.4,1,52.6,1,0,5.8,4.0,3.96,0,0,1,0,0,1,0,0,0,0,1
20.5,0,25219.0,1,2.37,80.2,0,28.2,0,0,5.2,2.56,2.66,0,1,0,0,0,0,0,1,0,0,0
21.5,1,97830.0,1,4.48,77.6,2,31.5,1,1,6.0,0.46,0.92,1,0,0,0,0,1,0,0,1,0,0
18.5,1,25000.0,1,4.05,79.1,1,32.2,0,1,5.8,2.56,2.38,1,0,0,0,0,0,0,0,0,0,0
18.6,0,35606.0,0,2.65,74.6,0,19.8,0,1,5.7,1.6,1.71,0,1,0,0,0,0,0,1,1,0,0
22.2,1,25000.0,1,2.4,73.3,2,20.3,1,0,4.2,1.5,1.22,0,1,0,0,0,0,0,0,0,1,0
22.2,1,25000.0,1,2.36,99.8,2,20.3,1,1,6.5,0.85,1.5,1,0,1,0,0,0,1,0,0,0,0
20.7,1,46486.0,1,8.83,74.8,0,26.4,0,1,6.0,1.25,1.45,0,0,0,1,0,0,1,0,1,0,0
22.7,1,35986.0,0,5.53,84.2,2,35.3,1,1,6.6,3.07,2.85,0,0,0,1,0,1,0,0,0,0,0
18.4,0,25977.0,1,4.09,81.3,1,32.0,0,0,5.5,3.79,3.91,0,0,0,0,0,0,0,1,1,0,0
20.2,0,25000.0,1,2.9,90.4,1,36.1,1,0,5.2,1.55,1.35,1,1,0,0,0,0,0,1,1,0,0
24.6,0,35941.0,1,4.73,82.9,2,55.9,1,1,3.7,2.05,2.17,1,0,0,0,0,0,0,1,0,0,0
21.2,0,82836.0,1,2.42,93.1,1,61.1,0,0,4.3,3.76,3.85,0,0,1,0,1,0,0,0,0,1,0
21.3,0,25000.0,1,4.42,81.0,0,31.1,1,0,4.6,3.24,3.75,0,0,1,0,0,0,0,1,1,0,0
26.1,0,93620.0,1,5.09,84.0,2,41.1,1,1,7.2,1.08,1.34,1,0,1,0,0,0,0,0,0,0,0
17.9,0,61065.0,1,3.79,88.0,1,37.9,1,0,3.3,3.53,3.3,0,1,0,0,0,0,1,0,0,0,0
22.8,1,67617.0,0,3.22,83.6,2,42.9,1,0,3.1,4.0,4.0,0,0,1,0,1,0,0,0,1,0,0
24.7,1,29740.5,1,4.0,86.2,0,42.5,1,0,5.5,2.38,1.79,0,0,1,0,0,0,0,1,1,0,0
20.3,1,60035.0,1,5.26,84.3,0,23.7,1,0,4.1,0.75,1.39,0,0,0,0,0,1,0,0,0,0,1
22.9,0,25000.0,1,3.94,70.7,2,53.8,0,0,4.8,2.08,2.06,1,1,0,0,0,0,0,0,0,0,0
18.8,1,25000.0,1,6.15,88.1,0,48.4,0,0,4.7,4.0,3.79,0,0,0,1,0,0,0,1,0,0,1
19.5,0,47075.0,1,1.62,91.4,4,41.6,0,0,4.4,3.32,2.83,0,0,0,0,0,0,0,0,0,0,0
21.8,0,35508.0,1,2.35,81.0,0,38.2,0,0,4.1,0.18,0.0,0,1,0,0,0,0,1,0,0,1,0
22.8,1,27200.0,0,4.11,80.4,3,34.8,0,0,3.8,2.04,1.83,1,0,0,0,1,0,0,0,1,0,0
23.5,1,25000.0,1,4.59,84.3,1,32.5,0,1,4.8,2.84,2.93,0,1,0,0,0,0,0,0,1,0,0
24.5,0,25000.0,1,3.91,97.6,2,39.5,0,0,2.9,3.33,3.09,0,0,1,0,0,0,0,0,0,1,0
20.9,1,25000.0,1,5.82,79.7,2,33.0,0,0,6.6,4.0,4.0,0,0,0,1,0,1,0,0,0,1,0
23.6,0,39979.0,1,2.77,87.0,1,34.5,0,0,3.9,3.01,3.04,0,0,0,1,0,0,0,1,0,1,0
20.2,0,26511.0,1,4.02,80.6,2,30.3,0,1,6.3,2.22,2.38,0,0,1,0,0,0,1,0,0,0,0
23.0,0,25000.0,1,5.41,86.8,5,28.4,0,1,4.3,3.22,3.22,0,0,0,1,0,1,0,0,0,1,0
21.5,1,145182.0,1,6.32,71.8,4,53.0,0,0,7.4,0.91,0.61,0,0,0,1,0,1,0,0,1,0,0
22.0,0,55432.0,1,3.73,96.4,2,32.5,0,0,5.6,3.2,3.29,1,0,1,0,1,0,0,0,0,0,0
21.9,0,56023.0,1,7.49,84.9,2,26.6,0,1,3.6,4.0,3.66,0,0,0,1,0,0,1,0,0,0,1
17.5,0,111450.0,1,4.12,79.8,3,33.5,0,0,10.0,1.11,1.11,1,1,0,0,0,0,0,0,1,0,0
18.5,0,48113.0,1,6.21,80.0,2,17.0,0,1,4.7,2.97,2.89,0,0,0,1,0,0,1,0,0,0,0
21.2,0,25000.0,1,3.55,84.2,2,42.8,0,1,4.5,2.33,2.22,0,0,1,0,1,0,0,0,1,0,0
17.3,1,25000.0,1,3.8,98.0,2,31.7,1,1,4.6,2.49,2.8,0,0,1,0,0,0,1,0,1,0,0
22.8,0,53047.0,1,5.52,94.4,4,27.6,0,1,6.2,2.97,3.17,0,0,0,0,0,0,0,1,0,0,0
22.9,0,25000.0,1,5.06,79.8,0,26.4,1,0,2.9,2.11,2.32,0,0,0,1,0,0,1,0,0,1,0
21.7,1,28377.0,1,3.98,82.8,1,12.6,1,1,5.7,2.24,2.46,0,1,0,0,1,0,0,0,0,0,0
18.5,1,25000.0,0,2.64,83.2,3,53.4,0,0,2.5,4.0,3.26,0,1,0,0,0,1,0,0,0,0,0
24.0,1,31549.0,1,7.41,66.4,3,33.9,0,0,5.4,3.68,3.35,1,0,1,0,0,0,0,0,0,0,0
25.5,0,49635.0,1,3.64,80.2,2,53.2,1,0,7.5,2.21,2.24,0,0,0,0,0,0,1,0,1,0,0
21.3,1,35159.0,1,4.09,83.7,0,28.5,0,0,4.5,0.85,1.07,0,0,0,1,0,0,0,1,0,1,0
22.1,1,52201.0,1,1.5,74.7,2,37.1,0,0,7.1,0.21,0.0,0,0,1,0,0,0,0,1,0,0,0
21.4,0,96654.0,1,3.27,95.8,0,40.4,1,1,2.5,3.59,3.89,0,0,1,0,1,0,0,0,0,1,0
22.2,0,27279.0,1,5.16,73.0,1,37.5,1,0,4.4,2.12,1.91,0,1,0,0,1,0,0,0,0,0,0
20.7,1,160266.0,1,3.81,73.9,3,26.2,0,0,3.3,2.86,2.67,0,0,0,1,0,0,0,0,0,0,0
20.9,1,29740.5,1,4.0,87.5,1,10.4,1,0,5.5,2.42,2.46,0,0,0,1,0,0,0,0,0,0,0
23.0,1,52549.0,1,4.38,84.2,0,58.7,1,0,4.8,2.88,2.99,0,1,0,0,0,1,0,0,0,0,0
26.2,1,25000.0,1,3.23,78.4,3,22.8,1,0,4.3,3.28,3.41,0,0,0,1,0,1,0,0,0,0,0
17.9,1,78558.0,1,6.22,90.1,0,62.0,0,0,5.0,3.65,3.37,0,1,0,0,0,0,0,1,0,0,0
20.8,0,55549.0,1,7.19,84.0,2,24.4,1,0,5.5,2.58,3.11,0,0,0,0,0,0,0,1,1,0,0
18.4,0,71888.0,0,5.75,96.8,0,48.1,0,0,4.8,2.38,2.94,0,0,0,1,0,1,0,0,0,1,0
24.5,0,30721.0,1,4.18,67.8,3,38.6,0,1,3.4,0.69,0.69,1,0,0,0,0,0,1,0,1,0,0
19.7,1,25000.0,0,3.76,77.8,4,39.2,1,0,7.9,2.61,2.44,1,0,0,0,0,0,0,0,0,1,0
17.8,0,39192.0,1,1.87,95.2,3,24.1,0,0,7.5,1.69,1.51,0,0,1,0,1,0,0,0,0,0,0
22.4,0,25000.0,1,4.46,85.8,0,26.7,0,0,6.1,1.11,1.4,0,0,0,0,1,0,0,0,0,0,0
24.8,1,25000.0,1,4.51,81.2,2,26.9,0,0,6.0,1.18,1.38,0,0,0,1,0,0,1,0,0,0,0
22.5,1,33345.0,1,2.52,78.8,0,33.3,0,1,5.9,2.52,2.65,0,0,0,1,0,0,0,0,1,0,0
21.5,0,29740.5,1,4.0,84.8,0,29.0,1,0,5.5,3.44,3.26,0,1,0,0,0,0,1,0,0,1,0
21.9,0,35995.0,0,5.46,72.8,1,25.1,0,0,4.5,3.66,3.29,0,0,0,0,0,1,0,0,0,1,0
24.1,1,32329.0,0,3.63,70.5,1,20.2,1,0,8.4,2.05,1.71,1,0,0,1,0,0,0,1,0,0,1
19.1,0,29740.5,1,4.0,71.5,3,21.4,1,0,5.5,2.82,2.69,0,0,1,0,0,0,0,1,0,0,0
20.8,0,25000.0,1,1.39,88.8,4,36.4,1,0,3.1,3.64,3.15,0,0,1,0,1,0,0,0,0,1,0
20.0,0,31304.0,1,6.37,89.5,1,21.6,0,0,4.7,3.29,2.89,0,0,1,0,0,0,0,0,0,0,1
18.4,1,31626.0,1,3.13,78.6,2,16.8,1,0,6.4,1.97,1.66,0,0,0,1,0,1,0,0,0,0,0
20.3,0,25000.0,1,3.61,78.2,0,31.7,0,0,6.2,3.42,3.1,0,0,1,0,0,0,1,0,1,0,0
23.4,1,25000.0,1,4.34,82.0,3,5.0,0,1,6.5,2.96,2.91,0,0,0,1,0,0,0,0,0,0,0
22.2,0,25000.0,1,3.74,74.1,0,29.9,0,0,2.8,3.77,3.67,0,0,1,0,1,0,0,0,0,0,0
22.4,0,30914.0,1,5.25,87.3,3,30.9,0,0,6.1,2.49,2.58,0,0,1,0,0,0,1,0,0,0,0
21.3,1,25000.0,1,3.52,79.6,2,36.8,1,0,7.5,0.0,0.18,0,1,0,0,0,0,0,0,0,1,0
22.2,0,25000.0,1,3.25,81.5,2,34.1,0,0,2.8,2.62,2.33,0,0,1,0,0,0,0,0,0,1,0
19.2,1,35368.0,1,5.21,80.6,1,14.7,0,0,8.6,1.44,1.15,0,0,1,0,0,0,0,0,0,1,0
20.3,0,29740.5,1,4.0,86.1,2,27.8,1,1,5.5,2.0,1.96,0,0,0,1,0,0,0,1,0,0,0
21.4,1,31977.0,1,2.34,84.3,3,37.8,0,1,5.7,1.9,2.03,0,0,0,0,0,0,1,0,1,0,0
21.6,0,25000.0,1,4.32,97.3,1,35.0,1,0,3.8,3.7,4.0,0,0,1,0,1,0,0,0,0,0,0
21.7,1,42485.0,1,5.09,78.9,1,20.6,0,1,4.4,4.0,3.93,0,1,0,0,1,0,0,0,0,0,0
20.7,0,26521.0,1,5.1,96.3,1,35.0,0,0,4.8,2.47,2.36,0,1,0,0,0,0,1,0,1,0,0
20.2,0,25000.0,1,0.5,67.5,2,41.0,0,1,2.9,2.03,2.3,0,0,1,0,0,0,0,0,0,0,0
27.9,0,55367.0,1,3.37,85.9,2,18.3,0,0,4.9,1.95,2.5,0,0,1,0,0,0,1,0,1,0,0
23.0,1,36758.0,1,5.12,69.3,0,6.5,0,0,3.9,2.92,2.66,0,0,0,1,0,1,0,0,0,0,0
21.9,0,27679.0,1,2.66,73.8,3,51.3,1,1,6.7,0.18,0.0,1,0,0,1,0,0,0,1,0,0,0
20.5,1,25000.0,1,3.7,74.2,2,33.8,0,0,1.0,2.86,3.05,0,1,0,0,0,1,0,0,1,0,0
20.0,0,25000.0,1,4.59,73.6,2,24.5,0,1,5.1,1.13,1.21,1,0,1,0,0,0,0,1,1,0,0
20.7,0,29740.5,1,4.0,77.1,4,24.1,0,0,5.5,3.85,3.71,0,1,0,0,0,0,1,0,0,0,0
21.6,0,25000.0,1,4.64,99.6,0,31.8,0,1,5.5,2.14,1.94,0,0,0,1,0,0,0,1,0,0,0
17.0,0,25570.0,1,3.78,75.0,2,42.5,0,1,9.7,1.21,0.83,1,1,0,0,0,0,0,1,0,0,0
17.5,1,29443.0,1,4.74,69.1,1,11.9,1,0,8.5,0.0,0.04,1,0,1,0,1,0,0,0,0,0,0
19.6,0,36036.0,1,4.77,85.9,4,25.2,1,1,4.6,3.7,3.47,0,0,1,0,0,0,0,0,0,1,0
21.5,1,25000.0,1,5.11,83.9,1,49.8,0,0,5.2,3.02,2.78,0,1,0,0,0,0,0,1,1,0,0
20.5,0,33008.0,0,5.04,99.7,2,39.9,0,1,4.0,4.0,3.73,0,0,0,0,0,1,0,0,0,1,0
24.3,0,25000.0,1,5.28,81.7,2,38.9,0,1,5.2,0.14,0.0,1,0,0,1,1,0,0,0,0,0,0
17.7,0,31523.0,1,3.37,63.7,1,34.9,1,0,6.8,1.12,1.25,1,0,0,0,0,0,0,1,0,0,0
19.3,0,25000.0,1,3.44,78.6,4,33.7,1,1,3.1,3.65,3.4,0,1,0,0,0,0,0,0,0,0,1
24.3,1,25000.0,1,4.26,78.4,0,24.4,1,1,8.3,2.34,2.13,0,0,1,0,0,1,0,0,0,0,0
21.3,0,49064.0,1,6.55,72.1,2,23.3,1,0,7.1,0.74,0.55,0,1,0,0,0,1,0,0,0,0,1
22.9,1,25813.0,1,4.3,77.5,1,39.7,0,0,7.1,1.67,1.47,0,0,1,0,0,0,0,1,0,0,0
25.5,0,39507.0,1,6.18,80.8,0,23.5,0,0,6.2,2.26,2.11,1,0,0,1,1,0,0,0,1,0,0
19.5,0,40300.0,1,5.92,81.5,2,33.4,0,1,3.9,2.78,2.97,0,0,0,1,0,0,0,0,1,0,0
20.8,1,63702.0,1,5.93,71.0,3,31.8,1,0,7.3,1.42,1.86,1,0,0,1,0,0,0,0,1,0,0
20.4,1,25000.0,1,5.84,86.9,0,56.3,1,1,4.9,3.53,3.96,0,1,0,0,0,0,0,1,0,0,0
17.0,1,51607.0,1,2.77,95.1,1,28.1,0,0,2.5,3.62,3.45,0,1,0,0,0,1,0,0,0,0,0
20.3,0,30028.0,1,2.6,84.2,3,44.0,1,0,5.6,3.4,3.34,0,0,0,1,0,0,0,1,0,0,0
22.9,1,25000.0,1,2.88,90.9,1,38.5,0,0,3.4,1.61,1.74,0,0,0,0,1,0,0,0,0,0,0
22.2,0,25000.0,1,5.45,83.5,2,28.6,0,1,4.4,2.79,2.83,0,0,0,1,0,0,1,0,0,0,1
22.4,0,42785.0,1,3.64,73.6,0,15.1,0,0,6.8,1.51,1.76,1,1,0,0,0,0,1,0,0,0,0
20.2,1,25000.0,1,3.22,84.2,2,29.4,1,0,5.3,1.85,1.54,0,0,0,1,0,1,0,0,0,0,0
19.6,1,40566.0,1,3.46,78.0,2,40.8,1,0,5.4,0.0,0.13,1,1,0,0,0,0,0,0,0,0,0
23.8,0,94532.0,1,4.62,73.1,2,15.3,1,1,7.6,2.51,2.21,1,0,1,0,0,1,0,0,0,1,0
19.9,1,53529.0,1,3.09,81.4,2,40.0,1,0,1.4,4.0,4.0,0,0,1,0,0,0,0,1,0,0,0
21.6,0,68519.0,1,3.35,88.6,1,46.1,0,1,7.5,3.07,3.1,0,0,1,0,1,0,0,0,0,0,0
21.4,1,25000.0,1,3.6,79.3,0,31.2,0,0,5.8,2.36,1.75,0,0,0,0,0,0,0,0,0,0,1
24.2,1,46988.0,1,5.19,97.5,3,41.0,1,0,5.4,4.0,3.69,0,1,0,0,1,0,0,0,0,0,0
23.1,0,25000.0,1,1.84,89.6,2,31.7,1,0,5.4,2.12,2.66,1,0,1,0,0,0,1,0,0,1,0
18.2,1,25846.0,1,4.01,77.6,0,36.9,1,1,6.7,2.01,1.66,1,1,0,0,0,1,0,0,0,0,0
18.4,0,84522.0,0,3.54,77.4,2,47.9,0,1,7.3,0.0,0.51,1,1,0,0,0,1,0,0,1,0,0
22.3,0,25000.0,1,4.79,99.2,3,11.4,0,1,5.1,2.75,2.89,0,1,0,0,0,0,0,0,1,0,0
20.9,1,57920.0,0,3.85,79.3,3,20.8,0,0,5.3,0.71,0.9,1,1,0,0,0,1,0,0,1,0,0
20.0,1,54687.0,1,2.81,84.9,3,45.0,0,1,6.6,4.0,3.98,0,0,0,1,0,0,1,0,1,0,0
23.2,1,56661.0,1,6.79,85.4,3,47.2,0,0,1.7,1.64,1.91,0,0,1,0,0,0,0,0,1,0,0
21.4,1,25000.0,1,6.01,68.2,2,13.1,0,1,5.3,2.11,2.53,1,0,0,1,1,0,0,0,0,1,0
21.1,0,40746.0,1,4.32,68.3,0,48.7,0,1,6.4,2.57,2.27,0,0,0,1,0,1,0,0,0,0,0
22.7,0,27066.0,0,4.77,88.9,1,5.0,1,0,4.6,4.0,4.0,0,0,0,1,0,1,0,0,0,1,0
20.2,1,57131.0,1,3.03,73.6,5,37.5,1,0,4.1,1.14,1.08,1,0,0,0,0,1,0,0,1,0,0
24.5,1,25000.0,1,4.27,82.1,1,32.6,1,1,5.2,4.0,3.98,0,1,0,0,0,1,0,0,1,0,0
19.3,1,37074.0,0,7.45,69.9,0,21.2,1,0,4.4,3.49,3.46,0,1,0,0,0,0,1,0,0,0,0
22.4,1,34058.0,0,5.61,79.4,1,21.9,1,0,5.1,2.11,1.85,0,1,0,0,1,0,0,0,1,0,0
24.2,0,25000.0,1,2.63,83.7,1,22.4,1,0,4.7,1.1,1.0,0,0,1,0,1,0,0,0,0,0,0
18.0,0,25000.0,1,4.53,65.5,0,27.6,1,0,8.3,1.86,1.8,1,0,1,0,0,0,0,1,1,0,0
20.2,1,25000.0,1,4.11,82.4,1,53.8,0,0,3.4,2.61,2.94,0,0,0,1,0,0,1,0,0,0,1
23.5,1,25000.0,1,4.68,82.9,2,39.9,0,0,7.0,1.66,1.8,0,1,0,0,0,0,0,0,0,0,0
23.5,0,41338.0,0,6.32,78.3,1,47.2,1,0,4.4,2.27,2.39,0,0,0,0,0,0,1,0,0,0,0
20.6,1,33430.0,1,2.82,73.2,4,26.1,0,0,6.1,4.0,4.0,0,0,0,0,0,0,1,0,1,0,0
19.4,0,32914.0,1,3.74,79.0,0,32.8,0,0,6.7,1.54,2.0,0,1,0,0,0,0,1,0,0,1,0
23.1,1,25000.0,1,2.54,79.0,3,17.1,1,0,8.3,2.86,2.88,1,0,0,0,0,1,0,0,0,1,0
23.6,0,58237.0,1,4.28,97.4,5,26.7,0,0,6.2,4.0,3.86,0,1,0,0,0,0,1,0,0,0,0
18.4,0,29399.0,1,4.14,81.0,7,23.4,1,0,4.8,3.17,3.16,0,0,0,1,0,1,0,0,0,0,1
18.4,1,30340.0,1,6.71,78.3,0,35.9,0,0,5.6,2.23,2.18,0,0,0,0,0,0,1,0,1,0,0
21.5,0,52273.0,1,2.89,81.0,1,21.5,0,0,9.0,1.77,1.76,1,1,0,0,0,0,1,0,0,1,0
22.4,0,25000.0,1,5.18,85.4,1,20.0,0,0,5.8,3.68,3.7,0,0,0,1,0,0,0,0,0,1,0
20.3,1,34103.0,1,0.59,85.1,2,34.8,0,0,3.1,1.83,1.69,0,1,0,0,0,0,0,1,0,0,0
22.5,1,38333.0,1,6.51,85.6,1,29.4,0,1,4.8,4.0,3.65,0,0,0,1,0,1,0,0,0,0,0
19.4,0,25000.0,1,4.04,86.8,2,21.6,1,1,4.8,3.09,3.15,0,0,0,0,1,0,0,0,1,0,0
17.0,0,43977.0,1,4.18,70.3,2,19.8,1,0,6.8,0.42,0.62,1,1,0,0,1,0,0,0,1,0,0
20.1,0,29740.5,1,4.0,71.1,0,21.6,0,1,5.5,2.39,2.35,0,0,0,1,0,0,1,0,0,0,0
21.1,0,27981.0,1,4.62,83.5,4,39.8,0,0,4.6,3.23,3.28,0,0,1,0,0,0,0,1,1,0,0
20.4,0,27466.0,1,3.23,77.0,0,35.0,0,1,5.9,1.77,1.96,0,1,0,0,0,0,0,0,1,0,0
18.5,0,29740.5,1,4.0,82.9,3,20.9,0,0,5.5,1.96,2.11,0,0,0,0,0,0,1,0,0,0,0
17.0,0,47719.0,1,5.75,81.1,3,21.4,1,1,5.7,1.23,1.28,0,0,0,1,0,0,1,0,1,0,0
19.9,1,30876.0,1,3.49,81.8,1,16.2,0,1,5.8,3.05,3.18,0,0,0,0,0,1,0,0,1,0,0
23.0,0,58228.0,1,3.61,83.4,0,25.3,0,0,5.9,1.22,1.52,0,0,0,1,0,0,1,0,0,0,0
23.8,1,44140.0,1,3.63,68.6,4,31.5,0,0,3.8,1.29,1.19,0,0,0,0,0,0,0,0,1,0,0
23.6,1,25000.0,1,5.25,84.1,2,19.5,0,1,6.9,3.65,3.62,0,1,0,0,0,0,0,1,0,0,0
19.2,0,25000.0,1,3.8,87.2,5,56.2,1,1,4.5,2.85,2.55,0,0,0,0,1,0,0,0,1,0,0
18.5,1,60436.0,1,3.42,84.0,2,37.5,0,1,5.5,1.84,1.7,0,0,0,0,0,0,1,0,1,0,0
22.1,1,25641.0,1,4.23,76.2,3,29.6,0,0,3.3,0.15,0.0,1,0,0,1,0,0,0,0,0,0,0
22.4,1,32811.0,1,5.38,75.1,4,31.0,1,0,5.6,4.0,4.0,0,0,1,0,1,0,0,0,0,0,0
21.9,0,58899.0,1,2.31,83.5,0,13.3,0,0,5.8,3.48,3.38,0,0,1,0,0,0,0,0,0,1,0
17.0,0,29618.0,1,4.97,88.4,1,15.6,0,0,5.6,2.36,2.4,0,1,0,0,0,0,0,0,1,0,0
19.1,0,30405.0,1,4.46,92.5,2,45.9,1,0,4.1,2.77,2.98,0,0,0,1,0,0,0,1,0,0,0
20.9,1,25000.0,1,4.52,88.1,1,49.6,1,0,7.5,4.0,3.98,0,0,1,0,0,0,0,1,0,0,0
22.1,1,37123.0,0,4.02,86.1,2,5.0,1,0,6.6,1.12,0.59,1,0,1,0,1,0,0,0,0,0,0
22.7,1,42273.0,1,4.04,61.7,2,35.6,0,1,5.2,1.94,1.59,1,0,0,0,0,1,0,0,0,0,0
21.3,1,25000.0,1,4.92,77.1,1,46.6,0,0,5.2,1.19,1.14,1,1,0,0,1,0,0,0,0,0,0
21.7,1,25000.0,1,1.99,84.5,3,25.9,0,1,4.2,3.56,3.83,0,0,1,0,0,0,1,0,0,0,0
21.2,1,143742.0,1,2.95,76.6,1,48.2,1,1,4.4,3.32,3.27,0,0,0,0,0,0,1,0,1,0,0
22.5,1,28121.0,1,1.81,74.6,0,39.2,0,0,8.1,1.3,0.75,1,0,0,0,0,0,0,1,0,0,0
21.7,1,25000.0,1,6.36,73.5,3,35.4,1,1,4.9,1.74,2.06,0,0,0,0,0,1,0,0,0,0,0
21.1,0,45431.0,0,5.64,96.1,4,27.1,0,1,10.0,0.8,1.31,0,0,1,0,0,1,0,0,0,0,0
20.4,0,28840.0,1,1.18,71.6,1,31.1,0,1,3.4,2.3,2.31,0,0,0,1,0,0,0,1,0,0,1
21.2,0,25000.0,1,4.47,80.3,1,24.6,1,0,6.2,1.36,1.09,0,0,1,0,0,0,0,1,0,0,0
22.1,0,39729.0,1,3.71,76.2,6,33.6,1,1,5.9,2.76,2.74,0,0,1,0,0,1,0,0,0,0,0
21.6,1,29740.5,1,4.0,75.1,3,33.0,0,1,5.5,0.87,1.14,0,1,0,0,0,0,0,0,1,0,0
21.8,0,76563.0,1,4.43,85.3,1,24.8,1,0,2.6,3.4,3.45,0,0,0,0,0,0,0,0,0,1,0
24.0,1,40003.0,1,3.82,88.6,2,6.6,0,1,3.0,1.6,1.3,1,0,0,0,0,0,0,0,0,1,0
21.6,0,25182.0,1,3.92,72.6,1,27.7,1,0,5.9,3.61,3.79,0,0,0,1,1,0,0,0,0,1,0
19.6,0,31749.0,1,5.32,82.4,2,17.8,1,0,3.7,1.79,1.97,0,0,0,0,0,0,0,1,0,1,0
22.9,0,51122.0,1,3.23,81.1,0,16.5,0,0,7.7,1.29,1.35,1,0,1,0,0,0,0,1,0,0,0
18.0,0,33242.0,1,3.5,78.4,3,21.7,0,1,5.1,2.78,2.73,0,0,0,0,1,0,0,0,0,1,0
18.6,0,106220.0,1,4.84,74.5,3,39.9,0,1,6.0,3.15,3.19,0,0,1,0,1,0,0,0,1,0,0
21.7,0,58778.0,1,5.11,90.9,2,16.7,1,0,5.4,3.17,2.95,0,0,0,0,0,0,1,0,0,0,0
22.1,1,39838.0,1,4.38,73.7,1,19.4,1,0,5.4,3.28,3.29,0,0,0,0,0,0,0,0,0,0,0
18.3,0,25000.0,1,3.37,71.6,2,38.5,0,0,8.2,1.09,0.44,1,0,0,1,0,0,0,1,0,0,0
20.2,1,27224.0,1,1.83,90.8,2,20.8,0,0,7.5,1.15,1.16,1,1,0,0,0,0,0,1,1,0,0
19.7,0,39629.0,1,1.88,83.6,1,16.5,1,1,5.8,0.0,0.0,1,0,0,1,0,1,0,0,0,0,0
19.9,1,25000.0,1,3.73,72.6,1,39.7,0,0,6.7,2.29,2.11,1,1,0,0,0,1,0,0,0,0,0
23.1,1,64606.0,1,4.22,81.4,0,28.4,0,0,7.6,3.74,4.0,0,0,0,0,0,0,1,0,1,0,0
22.6,0,25000.0,1,3.54,77.0,2,30.8,1,0,4.4,1.26,1.03,0,0,0,0,0,0,0,1,0,0,0
21.0,1,25000.0,0,2.63,93.9,1,27.3,0,0,2.7,4.0,3.98,0,0,0,1,1,0,0,0,0,0,0
19.8,0,25000.0,1,2.43,80.1,2,35.1,0,1,6.5,1.71,1.54,0,1,0,0,0,0,0,0,0,0,0
18.0,1,46458.0,0,4.21,86.3,1,38.2,1,0,7.7,2.07,2.14,0,0,0,0,1,0,0,0,0,0,0
24.1,0,25000.0,1,5.76,81.8,3,28.5,1,1,2.4,4.0,3.7,0,0,0,0,0,1,0,0,0,1,0
22.3,0,25000.0,0,3.03,93.5,0,12.0,1,0,4.4,2.13,2.8,0,0,1,0,1,0,0,0,0,1,0
19.4,0,57115.0,1,3.97,83.6,1,33.6,0,1,5.1,3.58,3.99,0,0,0,1,0,0,1,0,0,0,1
22.6,1,25000.0,1,3.08,91.3,1,25.9,0,0,3.7,3.0,3.28,0,0,1,0,0,0,1,0,0,1,0
20.8,1,25000.0,1,4.78,86.3,3,40.3,1,1,5.2,4.0,3.48,0,0,1,0,0,0,0,0,0,1,0
20.4,0,25000.0,0,3.84,77.6,4,19.3,0,1,3.5,1.27,1.4,0,1,0,0,0,0,0,0,0,0,0
22.0,1,83288.0,1,5.28,82.0,0,26.2,0,1,4.9,3.22,3.11,0,0,1,0,0,1,0,0,0,1,0
19.4,1,25000.0,1,4.15,80.3,2,12.2,0,1,6.8,3.05,2.62,0,0,1,0,0,0,0,0,0,1,0
20.2,0,29740.5,1,4.0,77.4,3,39.4,0,1,5.5,3.59,3.96,0,0,1,0,1,0,0,0,1,0,0
21.3,1,29740.5,1,4.0,58.400000000000006,3,44.7,0,1,5.5,4.0,3.94,0,0,0,1,0,0,0,0,1,0,0
19.9,1,25000.0,1,2.91,92.9,5,24.1,1,1,8.0,1.22,1.21,0,1,0,0,0,0,0,0,1,0,0
22.5,1,29740.5,1,4.0,65.5,2,27.7,1,1,5.5,1.7,1.94,0,0,1,0,0,0,0,0,1,0,0
25.1,1,25000.0,1,4.3,92.7,5,20.3,0,0,1.0,1.52,2.28,0,0,0,0,0,0,0,1,0,0,0
19.3,0,52761.0,1,6.62,71.3,0,21.4,0,1,5.8,2.08,2.6,1,0,1,0,1,0,0,0,0,0,0
17.3,1,31588.0,1,2.57,86.3,1,38.3,0,0,5.4,1.47,1.5,1,0,0,1,0,0,1,0,0,0,0
17.0,0,131875.0,1,5.29,77.3,2,24.0,0,0,5.8,3.97,4.0,0,0,0,0,0,0,1,0,0,0,0
20.7,1,25000.0,1,4.17,68.7,2,35.7,0,0,5.6,1.11,0.74,1,0,1,0,0,0,0,0,0,1,0
19.5,1,25000.0,1,2.73,91.2,1,29.8,0,1,7.8,2.34,2.17,1,0,0,1,0,0,0,0,0,0,0
21.5,0,74627.0,1,0.52,62.8,2,39.0,0,1,4.2,1.72,1.8,1,0,1,0,1,0,0,0,0,0,1
21.3,1,56094.0,1,3.17,88.4,1,25.3,1,0,5.3,2.16,2.1,0,0,0,0,0,0,1,0,0,0,0
17.5,0,37454.0,1,3.34,83.0,1,43.0,0,0,4.7,1.97,1.52,0,0,1,0,0,1,0,0,1,0,0
17.0,0,25000.0,0,3.34,90.4,3,52.5,1,0,6.7,2.13,2.48,0,0,0,1,0,0,0,0,1,0,0
21.7,1,84711.0,1,5.17,87.0,4,9.6,0,0,6.9,3.88,4.0,0,0,1,0,0,0,0,0,1,0,0
21.3,0,28474.0,1,3.4,86.9,1,28.9,0,0,6.2,2.25,2.27,0,1,0,0,0,0,0,1,0,0,1
20.1,1,25000.0,1,4.35,89.2,3,28.9,1,0,9.4,0.0,0.09,1,0,0,1,0,0,0,1,1,0,0
17.4,1,59029.0,1,2.19,88.7,4,21.4,0,0,6.5,1.13,0.65,0,0,0,0,1,0,0,0,0,0,0
22.0,1,29740.5,1,4.0,85.6,1,34.9,1,1,5.5,3.94,4.0,0,0,0,0,0,1,0,0,0,1,0
23.8,0,25000.0,1,2.31,79.3,0,43.4,0,0,3.9,0.26,0.41,1,0,1,0,0,1,0,0,0,0,0
21.6,1,30460.0,1,4.88,80.2,1,6.3,0,0,4.2,3.73,3.75,0,1,0,0,0,1,0,0,0,1,0
19.1,0,25000.0,1,5.26,82.9,2,5.4,1,0,9.1,2.07,2.14,0,0,1,0,1,0,0,0,1,0,0
21.1,0,29740.5,1,4.0,79.9,2,49.9,0,0,5.5,3.47,3.11,0,0,0,0,1,0,0,0,1,0,0
18.0,1,25000.0,1,6.5,99.5,1,27.1,0,0,6.9,1.59,1.43,1,1,0,0,1,0,0,0,1,0,0
23.3,1,25000.0,1,3.41,81.3,1,31.1,0,0,7.8,3.19,3.41,0,0,1,0,0,0,1,0,0,0,0
21.2,0,25000.0,1,4.47,72.8,4,17.2,0,0,7.6,1.98,2.37,1,0,1,0,0,0,0,0,1,0,0
17.1,0,41988.0,1,4.99,81.0,3,30.5,0,0,2.6,3.37,3.37,0,0,0,0,0,0,1,0,0,0,0
20.3,1,25000.0,1,3.12,75.3,1,46.4,1,0,4.9,0.84,1.4,0,0,0,0,0,0,0,0,0,1,0
22.0,0,39619.0,1,3.09,97.7,0,36.0,0,1,6.6,1.33,1.4,1,1,0,0,0,0,0,1,1,0,0
20.3,1,25000.0,1,3.45,82.8,3,32.3,1,0,6.8,1.57,1.35,1,0,0,0,0,0,0,0,0,1,0
20.4,0,51304.0,1,4.59,87.1,3,8.8,0,1,5.5,3.12,2.9,0,1,0,0,0,0,0,0,1,0,0
18.3,0,25000.0,1,4.76,86.1,3,38.9,1,1,4.2,2.21,2.25,0,0,0,0,0,0,0,0,1,0,0
22.2,0,25000.0,1,5.81,89.6,1,30.1,1,0,5.0,3.65,3.73,0,0,0,0,0,1,0,0,0,0,1
19.6,0,62465.0,1,5.62,83.9,1,22.7,1,1,4.4,2.33,2.26,0,0,0,1,0,0,1,0,1,0,0
17.0,0,25000.0,1,5.6,78.8,1,37.7,0,1,3.3,2.37,1.89,0,0,0,0,0,0,1,0,0,0,0
20.2,0,85319.0,1,5.14,82.4,2,19.8,0,0,5.0,1.85,1.94,0,0,0,1,0,0,1,0,0,0,0
23.2,0,41721.0,0,5.04,72.2,2,36.7,0,0,8.8,2.29,2.26,1,0,0,1,0,0,0,0,0,0,0
20.1,1,47770.0,1,3.48,80.8,4,44.6,0,0,5.0,3.85,3.87,0,0,0,0,0,0,1,0,0,1,0
24.8,0,55675.0,1,3.28,96.4,1,31.9,0,0,2.8,3.29,3.08,0,0,1,0,0,0,0,0,0,0,0
21.9,1,31812.0,1,1.99,87.9,1,24.9,1,1,4.9,1.87,1.92,0,0,1,0,0,0,0,1,0,0,0
21.7,1,32030.0,1,5.82,81.1,1,23.1,0,0,8.6,1.8,1.94,0,0,0,0,0,1,0,0,0,0,0
20.7,1,64139.0,1,4.06,98.1,5,34.6,0,0,2.6,0.78,0.8,0,0,0,1,0,0,1,0,0,0,0
20.8,1,31787.0,1,4.43,77.1,0,24.8,1,0,5.5,1.9,1.91,0,1,0,0,0,0,0,0,0,1,0
20.4,1,25000.0,1,0.5,84.7,4,58.4,0,1,6.8,1.01,1.18,1,1,0,0,0,1,0,0,0,0,0
20.3,0,42254.0,1,3.14,79.6,4,13.0,0,1,3.4,2.97,3.13,0,0,0,1,0,1,0,0,0,1,0
22.2,1,25000.0,1,5.27,80.4,1,28.4,1,0,5.8,3.98,3.91,0,1,0,0,1,0,0,0,1,0,0
18.9,0,65627.0,1,4.43,85.2,2,33.3,0,1,3.9,4.0,3.64,0,1,0,0,0,1,0,0,0,1,0
18.6,1,66454.0,1,3.14,86.6,2,31.8,1,1,3.3,1.46,1.25,1,0,0,0,0,0,0,1,0,1,0
18.5,1,29740.5,1,4.0,80.4,4,23.3,1,1,5.5,3.02,3.19,0,0,0,0,0,1,0,0,0,1,0
25.5,1,29740.5,1,4.0,75.3,0,44.8,0,0,5.5,2.94,2.86,0,0,0,0,1,0,0,0,0,0,0
22.2,1,28268.0,1,3.69,96.7,1,38.0,0,0,4.8,4.0,3.98,0,1,0,0,1,0,0,0,1,0,0
21.7,0,27889.0,1,4.16,82.8,2,38.9,1,0,6.5,1.02,0.74,0,0,0,1,0,0,1,0,0,0,0
18.7,0,25000.0,1,3.99,73.7,1,22.0,1,0,6.4,2.14,2.71,1,0,1,0,0,0,1,0,1,0,0
22.4,1,84866.0,1,4.27,73.8,2,25.2,0,0,5.8,0.91,0.94,0,1,0,0,0,0,0,1,0,0,0
20.7,1,25000.0,0,5.57,97.9,3,35.9,1,0,4.3,4.0,3.99,0,0,0,1,1,0,0,0,0,0,0
21.5,0,36459.0,0,7.23,100.0,5,16.8,0,0,3.7,4.0,4.0,0,0,0,1,0,0,0,1,0,1,0
18.9,1,34628.0,1,5.92,84.7,1,38.0,1,0,4.1,2.98,3.19,0,1,0,0,1,0,0,0,1,0,0
21.4,1,25000.0,1,4.3,77.1,4,28.8,0,1,5.2,1.9,2.07,1,0,0,1,0,1,0,0,0,0,0
20.1,0,25000.0,1,5.55,84.7,1,42.8,0,1,4.7,2.59,2.46,0,1,0,0,0,0,1,0,1,0,0
19.3,1,29832.0,1,2.06,79.6,1,24.9,0,1,3.4,2.87,2.74,0,0,0,0,0,0,0,0,1,0,0
22.6,0,25000.0,0,3.98,86.6,1,51.8,0,0,5.1,1.29,0.94,0,0,0,0,0,0,1,0,0,0,0
17.6,0,28179.0,1,3.09,84.8,1,34.9,0,1,4.4,2.93,3.04,0,0,0,1,0,0,1,0,0,0,0
22.2,1,56345.0,1,3.26,81.7,1,36.2,0,0,6.5,2.11,2.04,0,0,0,0,0,0,1,0,0,0,0
22.5,1,34029.0,0,5.25,81.3,4,21.7,0,0,4.8,3.17,2.63,0,0,0,1,0,0,0,1,0,1,0
19.1,0,46869.0,1,5.78,80.2,1,33.0,0,1,7.0,3.64,3.94,0,1,0,0,0,0,0,0,0,0,0
19.2,1,38840.0,1,2.27,89.6,5,23.4,1,1,5.9,1.01,1.26,0,1,0,0,0,0,0,1,0,0,0
20.5,0,25000.0,1,3.77,80.5,1,11.5,1,1,4.6,1.96,2.08,0,0,0,1,0,1,0,0,1,0,0
21.6,0,25000.0,0,3.15,98.4,0,27.7,0,0,5.2,3.67,3.74,0,0,0,1,0,0,0,1,1,0,0
20.7,1,34851.0,1,4.87,99.2,1,44.0,0,0,5.3,3.84,3.85,0,0,0,0,0,0,0,0,0,0,0
22.0,0,31268.0,0,5.45,79.0,0,29.2,0,0,5.8,0.7,0.59,1,0,1,0,0,0,0,0,1,0,0
24.9,1,51487.0,0,6.95,79.1,1,26.5,1,0,6.1,4.0,4.0,0,0,0,0,0,1,0,0,0,1,0
19.9,1,27159.0,1,5.56,81.6,1,26.3,0,1,4.7,3.1,3.11,0,1,0,0,0,1,0,0,1,0,0
17.2,0,25000.0,1,5.49,76.9,2,56.9,0,0,5.1,1.62,1.59,0,0,1,0,0,0,1,0,0,0,0
22.8,0,25908.0,1,2.7,88.8,1,37.3,0,0,5.7,0.59,0.67,0,0,0,1,1,0,0,0,0,0,0
24.7,0,25000.0,1,3.12,91.5,1,10.9,1,0,1.0,4.0,4.0,0,0,0,1,1,0,0,0,1,0,0
21.9,1,29740.5,1,4.0,92.3,1,23.5,0,1,5.5,2.38,1.96,0,0,0,1,0,0,0,0,1,0,0
18.6,0,58911.0,0,7.34,80.3,1,25.2,1,0,3.8,4.0,3.77,0,1,0,0,1,0,0,0,0,1,0
20.7,1,25000.0,1,4.1,80.2,3,21.3,0,1,5.0,4.0,3.84,0,0,0,0,0,0,0,0,0,0,0
18.5,0,48164.0,1,5.86,66.1,2,30.8,0,1,4.3,2.66,2.7,0,0,0,1,1,0,0,0,0,0,0
22.4,0,25000.0,1,3.46,76.7,0,23.1,0,0,6.8,1.62,2.09,0,0,0,1,0,0,1,0,0,0,0
18.0,0,53700.0,1,3.97,74.5,3,23.8,0,0,7.3,1.72,1.17,1,0,1,0,0,0,0,1,0,0,1
20.3,0,25000.0,1,3.97,73.1,1,31.8,0,1,5.3,0.0,0.68,0,0,1,0,0,1,0,0,0,0,0
18.8,0,36899.0,1,3.36,78.1,0,11.5,1,0,5.3,2.93,2.69,0,0,0,0,0,1,0,0,1,0,0
21.3,0,25000.0,1,4.89,79.5,4,5.0,0,0,5.4,3.3,3.05,0,0,1,0,0,0,0,1,1,0,0
20.2,0,25000.0,1,2.32,81.8,2,44.9,1,0,5.5,1.91,2.25,0,0,0,1,0,0,0,0,0,0,0
21.4,0,39388.0,1,1.62,92.9,1,40.0,0,1,7.3,1.61,2.27,0,0,1,0,0,1,0,0,0,1,0
21.0,0,25000.0,1,3.66,91.3,2,34.4,0,0,10.0,0.22,0.24,1,0,0,0,0,0,1,0,1,0,0
18.8,0,25000.0,1,4.72,73.0,0,33.7,0,1,5.2,2.66,2.71,0,0,0,0,1,0,0,0,0,0,0
22.4,0,68701.0,1,3.01,85.4,1,27.7,0,0,6.5,0.53,0.71,0,0,0,0,0,0,0,0,0,0,0
20.9,1,112036.0,0,7.02,75.6,2,66.2,0,0,4.0,3.12,3.17,0,0,0,1,0,0,1,0,0,0,1
18.8,1,52167.0,1,4.0,83.2,1,32.3,1,1,4.1,2.66,2.46,0,0,0,1,0,1,0,0,0,0,0
25.9,0,25000.0,1,4.1,92.5,2,61.3,0,1,3.7,3.47,3.46,0,0,1,0,0,1,0,0,0,0,0
22.0,1,85657.0,1,2.7,78.1,2,54.8,0,0,7.9,0.97,1.59,1,0,0,1,0,0,1,0,1,0,0
20.7,0,25000.0,0,4.82,74.1,5,35.5,0,0,6.8,1.43,1.2,1,0,0,1,0,0,0,1,1,0,0
24.1,1,25000.0,0,5.33,82.4,0,27.5,0,1,4.8,3.76,4.0,0,0,0,0,0,0,0,1,0,1,0
25.1,1,30726.0,1,4.26,92.6,2,30.2,0,1,5.9,1.4,1.35,1,0,1,0,0,0,0,1,0,0,0
20.7,0,94318.0,1,4.41,98.0,2,25.2,1,1,6.9,0.4,0.34,1,0,0,1,0,0,0,0,0,1,0
21.8,0,51410.0,1,4.32,77.1,2,35.5,1,0,7.7,1.18,0.9,1,0,1,0,1,0,0,0,1,0,0
18.8,1,29740.5,1,4.0,83.1,4,38.1,1,0,5.5,1.85,2.36,1,0,1,0,0,0,1,0,1,0,0
20.7,0,25000.0,1,5.87,84.2,0,15.3,0,0,5.7,3.38,2.62,0,0,0,0,1,0,0,0,1,0,0
20.6,0,54248.0,1,3.59,70.6,2,61.4,1,0,7.9,1.72,1.76,0,0,1,0,0,0,1,0,0,0,0
21.4,1,25000.0,1,6.25,70.2,4,20.6,0,0,3.5,0.89,0.74,0,0,0,0,0,1,0,0,0,0,0
21.7,1,33862.0,1,2.43,84.6,0,5.0,1,1,2.0,0.97,1.27,0,0,0,0,0,1,0,0,0,0,0
22.2,1,25000.0,1,5.18,79.0,1,29.0,0,1,7.8,1.67,1.38,1,0,0,1,1,0,0,0,0,0,0
21.5,1,41838.0,1,4.24,70.8,2,16.2,0,0,4.7,0.54,0.56,1,0,0,1,0,1,0,0,0,0,0
18.3,1,39864.0,1,4.12,87.5,1,29.4,1,1,7.9,2.99,3.32,0,0,1,0,1,0,0,0,1,0,0
18.9,1,25000.0,0,3.23,82.5,1,30.9,1,0,9.0,0.18,0.0,1,1,0,0,0,0,0,1,0,0,0
19.8,1,55214.0,1,4.87,82.1,3,35.3,0,0,8.8,1.77,1.31,0,0,0,1,1,0,0,0,0,0,0
20.4,0,41475.0,0,4.7,73.2,1,42.1,0,1,1.0,4.0,3.42,0,0,1,0,0,0,0,0,0,0,0
23.3,0,46352.0,1,6.32,68.3,4,17.9,0,0,6.9,3.7,3.85,0,0,0,1,0,1,0,0,1,0,0
18.4,0,25000.0,1,4.87,77.2,0,25.6,1,1,4.6,3.65,3.62,0,0,0,0,1,0,0,0,1,0,0
20.2,1,33103.0,1,3.47,82.4,1,38.1,0,1,4.3,2.86,3.04,0,0,1,0,0,0,0,0,0,0,0
23.1,0,30885.0,1,3.44,76.3,2,22.1,0,1,6.2,1.66,1.6,0,0,0,0,0,1,0,0,0,1,0
20.3,0,27203.0,1,4.42,73.2,2,7.5,1,0,4.4,3.74,3.59,0,1,0,0,0,0,0,0,0,1,0
22.0,0,32935.0,1,5.93,79.0,1,37.4,0,0,6.8,2.84,3.57,0,0,0,0,0,0,1,0,0,0,0
20.7,0,63188.0,1,4.5,82.3,2,23.2,0,1,7.9,0.17,0.0,1,0,0,0,0,1,0,0,0,0,0
21.6,0,56668.0,0,5.33,93.3,4,22.4,1,0,5.1,2.01,2.33,1,0,0,1,0,0,0,0,1,0,0
20.5,0,25000.0,1,4.38,83.2,2,31.4,0,1,6.1,2.15,2.49,1,0,1,0,0,0,0,0,0,0,0
22.5,0,53704.0,1,1.56,70.3,4,30.0,0,0,4.7,1.32,1.5,0,0,0,1,0,0,0,1,1,0,0
17.6,1,29740.5,1,4.0,65.8,2,42.0,1,0,5.5,3.41,3.34,1,0,1,0,0,0,1,0,0,0,0
20.2,1,27154.0,1,3.75,62.4,4,15.0,0,0,8.1,1.56,1.43,0,0,0,1,0,0,1,0,0,0,0
21.7,1,40339.0,1,5.6,84.7,1,57.1,0,0,6.2,3.31,3.27,0,0,0,1,0,0,1,0,0,1,0
22.2,1,39991.0,1,6.15,73.6,2,13.0,0,1,5.3,2.1,2.6,1,0,1,0,0,0,0,0,0,0,0
24.3,1,25000.0,0,6.34,86.0,3,25.3,0,1,7.9,0.99,0.44,0,0,0,0,0,0,0,1,0,1,0
20.1,0,25000.0,1,3.78,91.4,1,19.6,0,0,4.8,4.0,4.0,0,0,0,0,0,0,0,0,0,0,0
24.3,1,46653.0,1,3.39,86.7,2,30.7,0,0,4.8,0.78,0.84,1,0,1,0,0,0,0,0,0,0,0
19.6,0,25000.0,1,3.58,80.2,5,30.2,1,0,4.3,0.51,1.04,0,0,1,0,0,1,0,0,0,0,0
23.9,0,53386.0,1,3.85,96.8,3,32.0,0,1,2.7,4.0,3.92,0,0,0,1,0,0,1,0,0,0,0
22.8,1,65055.0,1,4.22,78.3,1,33.1,0,0,4.0,2.67,3.01,0,1,0,0,1,0,0,0,0,1,0
19.0,1,59054.0,1,2.8,74.8,2,45.7,0,0,5.6,3.44,3.38,0,0,0,1,0,0,0,0,0,0,0
21.7,1,97527.0,1,4.03,84.7,1,31.9,0,1,5.9,1.63,1.05,0,0,0,1,0,1,0,0,0,0,0
20.9,0,28157.0,1,1.36,88.2,1,46.7,0,0,3.8,3.55,3.38,0,0,0,1,0,0,0,0,1,0,0
22.4,0,33068.0,1,6.8,61.3,4,9.0,0,0,4.6,1.98,2.44,1,0,1,0,0,0,0,1,1,0,0
20.5,1,36040.0,1,3.7,90.9,0,5.0,0,1,2.1,2.14,2.6,0,1,0,0,0,1,0,0,1,0,0
20.3,0,28674.0,1,3.45,69.0,2,31.5,1,1,9.4,0.0,0.02,0,1,0,0,0,0,1,0,0,0,0
24.0,0,41164.0,1,4.71,65.6,4,33.9,1,1,8.1,3.31,3.97,0,1,0,0,0,0,1,0,0,0,0
20.8,1,25000.0,1,5.09,79.2,3,23.6,0,1,4.2,2.74,2.97,0,1,0,0,0,0,0,0,0,1,0
22.8,0,33622.0,1,1.36,73.5,1,29.9,1,0,5.7,0.08,0.01,1,0,1,0,0,0,0,0,0,0,0
20.5,0,25000.0,1,3.11,85.3,0,42.9,1,0,3.9,3.71,3.46,0,1,0,0,0,0,0,0,1,0,0
24.7,1,25000.0,1,5.85,84.9,1,38.0,1,0,7.3,0.59,0.94,1,1,0,0,1,0,0,0,0,1,0
19.5,0,46154.0,1,5.14,84.5,1,26.0,1,1,6.7,3.09,2.83,1,1,0,0,0,0,1,0,1,0,0
19.6,1,26384.0,1,2.48,91.8,2,32.4,1,0,3.1,3.6,3.57,0,0,1,0,1,0,0,0,1,0,0
24.4,1,45187.0,1,5.54,79.5,1,39.1,1,0,3.7,2.37,2.74,0,1,0,0,0,0,0,0,1,0,0
20.0,1,26044.0,1,4.98,84.9,3,15.2,1,1,5.4,2.13,2.42,0,0,0,0,1,0,0,0,1,0,0
24.5,0,57748.0,0,2.95,68.6,2,20.3,1,0,8.0,0.49,0.17,1,0,1,0,0,0,0,0,0,0,0
23.0,0,25759.0,1,3.99,89.7,0,41.1,1,0,4.8,4.0,3.82,0,0,0,1,0,1,0,0,0,0,1
20.7,1,25000.0,1,1.79,78.0,0,9.2,1,0,7.9,0.8,1.22,1,0,1,0,0,1,0,0,0,0,0
17.0,1,34038.0,1,5.05,79.7,1,16.9,0,0,6.1,1.5,1.75,0,1,0,0,1,0,0,0,0,0,0
21.0,1,25000.0,1,6.0,79.3,2,15.4,1,0,4.0,4.0,4.0,0,0,0,0,0,0,0,0,1,0,0
21.2,0,25000.0,1,3.56,81.2,4,41.0,0,0,4.7,3.42,4.0,0,0,0,0,0,1,0,0,0,1,0
23.6,1,25000.0,0,3.99,79.0,0,17.0,1,0,6.6,3.54,3.11,0,1,0,0,0,1,0,0,0,0,0
24.5,0,25000.0,1,4.55,64.7,1,39.5,1,1,7.0,1.84,1.64,0,0,1,0,1,0,0,0,0,0,0
19.5,0,25000.0,1,3.71,91.9,2,25.8,0,0,7.2,2.64,2.38,0,1,0,0,1,0,0,0,0,0,1
22.8,0,25000.0,1,1.31,76.8,0,51.3,0,1,5.9,1.54,1.24,0,0,0,0,0,0,1,0,0,0,0
22.7,1,25000.0,1,5.4,79.0,1,31.5,1,1,6.3,1.65,1.73,1,0,1,0,1,0,0,0,0,0,0
23.4,1,29740.5,1,4.0,65.5,1,42.8,1,0,5.5,1.58,1.72,0,0,0,0,0,0,0,1,1,0,0
22.1,1,25000.0,1,4.89,86.2,5,35.5,1,0,9.8,2.16,2.08,0,0,0,0,0,0,1,0,1,0,0
17.0,0,25000.0,1,5.82,78.1,1,24.6,0,0,5.6,1.5,1.61,0,0,1,0,0,0,1,0,0,0,0
20.7,0,25000.0,1,3.83,90.5,1,29.8,1,0,2.3,2.46,2.56,0,0,0,0,0,0,0,1,0,0,0
18.5,0,25000.0,1,4.58,97.0,0,30.1,1,0,5.7,1.96,2.12,0,0,0,1,0,0,0,0,0,1,0
20.6,1,25000.0,1,3.09,95.1,1,24.5,0,0,5.7,2.13,2.16,0,0,0,1,1,0,0,0,1,0,0
23.2,0,45534.0,0,2.86,84.0,1,40.7,1,0,3.2,0.53,0.36,0,0,1,0,0,0,0,1,0,0,0
21.7,1,25000.0,1,2.31,77.4,1,60.1,1,0,5.7,1.01,0.94,1,1,0,0,0,1,0,0,1,0,0
23.5,1,25000.0,1,4.45,77.2,3,31.4,1,0,3.6,3.93,3.7,0,0,0,0,1,0,0,0,0,0,0
21.8,0,38861.0,1,4.11,79.0,4,38.6,1,0,6.2,1.55,1.2,1,0,0,0,0,0,1,0,0,0,1
18.1,1,59276.0,1,5.43,75.2,1,36.3,1,1,6.6,3.68,3.57,0,0,0,1,0,0,1,0,0,1,0
17.0,0,41033.0,1,1.74,85.3,1,5.0,0,0,6.4,2.07,2.02,0,1,0,0,0,0,0,0,0,0,0
21.3,0,25000.0,1,4.34,80.2,1,35.9,0,0,7.3,1.74,1.85,0,0,1,0,0,0,1,0,1,0,0
20.5,0,25000.0,1,6.24,81.9,4,35.3,0,0,6.3,2.3,2.44,0,1,0,0,0,0,0,0,1,0,0
18.9,1,30591.0,1,4.15,79.5,6,15.0,0,0,6.9,2.14,2.2,0,1,0,0,0,0,1,0,0,0,0
17.3,1,25679.0,1,5.17,85.6,1,8.5,0,0,7.8,2.62,2.36,1,0,0,0,0,1,0,0,1,0,0
19.4,1,25000.0,1,7.05,84.0,2,35.1,0,0,4.7,2.29,2.48,0,0,0,1,0,0,1,0,0,0,0
20.6,1,25000.0,1,5.77,79.2,2,49.7,0,1,5.2,4.0,3.56,0,0,0,0,0,0,0,1,0,0,0
22.5,0,25000.0,1,2.15,80.8,1,25.6,0,1,4.9,2.08,2.34,1,0,1,0,1,0,0,0,0,0,0
21.4,0,99178.0,1,3.59,80.8,1,26.0,1,1,4.2,2.94,3.01,0,0,0,0,0,0,1,0,0,0,0
24.5,1,30220.0,1,4.47,87.4,0,57.7,1,0,5.0,4.0,3.77,0,0,0,0,0,0,1,0,0,0,0
18.7,0,43707.0,1,3.92,75.8,3,40.8,0,1,7.0,1.96,1.63,0,0,1,0,0,0,0,1,0,1,0
22.9,0,29844.0,0,5.71,78.3,3,15.4,1,1,6.8,1.88,2.2,1,0,0,0,0,0,0,1,0,0,0
21.1,1,30571.0,0,3.97,66.8,2,21.4,0,1,2.5,4.0,3.95,0,0,0,1,0,0,1,0,0,0,0
22.5,1,28645.0,1,3.91,73.4,2,56.2,0,0,8.6,1.27,1.12,1,1,0,0,1,0,0,0,0,0,0
20.0,1,25000.0,1,5.41,80.1,1,22.0,0,1,7.0,2.42,2.53,0,0,1,0,0,0,0,0,0,0,0
23.4,0,25000.0,1,2.17,78.5,3,23.6,1,1,5.9,0.16,0.27,0,0,0,0,0,1,0,0,0,0,0
21.6,0,37486.0,1,4.64,66.3,1,38.0,1,0,3.0,3.89,3.89,0,0,1,0,0,0,0,1,1,0,0
19.5,0,33280.0,1,3.18,86.2,3,26.8,0,1,3.4,1.89,2.02,0,0,0,0,1,0,0,0,1,0,0
21.0,1,52207.0,1,5.01,75.0,4,35.3,0,1,8.2,1.48,1.28,1,0,0,0,0,0,0,0,0,0,0
20.5,0,46222.0,1,3.52,69.0,2,33.5,0,1,7.3,1.25,1.61,1,0,1,0,1,0,0,0,1,0,0
22.1,1,25000.0,1,4.67,84.9,3,28.3,0,0,7.5,0.0,0.17,0,0,0,1,0,0,0,1,0,0,0
18.4,0,58662.0,1,3.29,88.7,1,44.5,1,1,5.3,3.66,3.88,0,0,0,1,0,0,0,1,1,0,0
20.9,0,47052.0,1,1.43,62.5,1,14.7,0,0,7.9,1.15,1.13,1,0,0,1,0,0,0,1,0,1,0
21.9,1,45004.0,1,4.47,87.5,0,31.4,0,1,3.0,3.76,3.8,0,0,0,0,1,0,0,0,1,0,0
21.1,0,114645.0,1,2.31,80.3,1,23.0,0,0,3.3,3.02,3.21,0,1,0,0,0,0,0,1,0,0,0
24.0,0,101354.0,1,5.95,80.0,2,49.7,0,0,7.3,1.12,1.59,0,0,0,1,0,0,0,1,0,0,0
22.7,0,44979.0,1,4.73,73.0,2,27.9,1,0,3.8,2.56,2.68,0,1,0,0,0,1,0,0,1,0,0
21.0,1,41736.0,0,4.94,80.8,0,53.1,1,1,5.4,3.24,3.51,0,0,1,0,0,0,0,1,0,0,0
21.5,1,56897.0,1,3.63,81.3,3,24.9,0,0,2.3,2.8,3.12,0,1,0,0,1,0,0,0,0,0,0
21.7,0,25000.0,0,3.98,100.0,3,31.3,0,0,1.0,3.92,3.77,0,1,0,0,0,0,0,1,0,0,0
21.9,0,25000.0,1,0.92,86.2,1,43.1,0,0,3.7,1.01,0.86,0,0,1,0,0,0,0,1,0,1,0
17.0,1,44536.0,0,4.51,82.0,2,18.5,0,0,4.8,2.39,2.11,0,0,1,0,0,0,0,0,1,0,0
20.3,0,25000.0,1,2.52,91.5,4,48.1,0,1,3.8,4.0,3.68,0,0,0,0,0,1,0,0,0,0,0
17.7,1,42432.0,1,4.41,89.1,1,30.3,1,0,6.6,3.86,4.0,0,0,0,0,0,0,0,0,1,0,0
23.8,0,32666.0,1,2.58,70.4,1,34.9,0,1,7.3,1.43,1.3,1,0,0,1,1,0,0,0,0,0,0
20.9,1,25000.0,1,4.8,87.3,3,36.6,1,0,6.6,4.0,4.0,0,0,0,0,0,0,0,0,0,0,0
20.6,1,30198.0,1,4.24,82.8,2,29.1,1,0,3.4,3.03,2.93,0,0,1,0,0,0,1,0,0,1,0
23.0,1,29740.5,1,4.0,76.4,5,20.3,0,1,5.5,2.42,2.35,0,1,0,0,1,0,0,0,0,1,0
21.9,1,31239.0,0,5.76,73.7,0,31.1,0,0,3.3,2.88,2.73,0,0,0,0,1,0,0,0,1,0,0
18.5,0,31317.0,1,3.74,80.8,0,5.9,0,0,8.9,1.31,1.6,1,0,0,0,1,0,0,0,0,0,0
20.8,0,36221.0,1,2.85,81.9,2,14.3,0,1,5.6,1.41,1.28,0,1,0,0,0,0,1,0,0,1,0
20.3,1,39164.0,1,5.35,91.2,0,28.3,0,0,4.0,4.0,4.0,0,1,0,0,0,0,1,0,1,0,0
17.2,1,29740.5,1,4.0,49.0,0,48.6,0,1,5.5,2.18,2.01,0,0,1,0,0,0,0,1,1,0,0
19.5,0,36686.0,1,3.78,71.9,1,48.2,0,0,5.8,1.08,0.57,0,0,1,0,0,0,0,0,0,1,0
20.6,1,25000.0,1,5.99,83.6,0,41.8,1,0,6.8,1.89,1.45,1,0,1,0,0,0,1,0,1,0,0
20.7,1,25000.0,1,4.52,80.9,0,11.5,1,0,2.1,3.38,3.63,0,0,1,0,0,0,0,0,0,0,1
17.7,0,25000.0,0,4.8,82.9,0,33.6,0,0,4.2,3.01,3.12,0,0,1,0,0,0,0,0,1,0,0
23.5,0,39413.0,1,3.85,78.3,4,19.7,0,0,6.4,1.26,1.13,1,0,0,0,0,0,1,0,1,0,0
20.8,0,32733.0,1,3.14,84.0,4,29.2,1,1,6.9,1.39,1.74,1,1,0,0,0,0,1,0,0,0,0
21.1,1,27430.0,1,3.57,69.3,2,41.5,0,0,10.0,0.87,1.09,1,0,1,0,0,0,0,0,0,0,0
21.9,0,45002.0,1,0.93,98.8,2,37.9,0,0,8.0,0.77,0.95,0,0,0,1,0,0,0,0,0,0,0
19.3,0,37321.0,1,4.87,85.3,2,45.4,0,1,4.3,3.85,3.43,0,0,1,0,0,0,0,1,1,0,0
22.0,1,25000.0,1,4.77,85.7,0,13.1,0,1,8.7,2.32,2.1,0,0,0,1,0,0,1,0,0,0,0
20.2,0,25000.0,1,2.07,73.5,1,17.7,0,0,6.5,2.7,2.92,1,1,0,0,0,0,0,0,1,0,0
19.0,0,25000.0,1,4.49,77.3,0,48.1,0,0,8.0,2.1,2.32,0,0,0,1,0,0,1,0,1,0,0
22.3,1,25000.0,1,0.5,86.1,2,48.3,1,0,6.3,0.0,0.0,1,0,0,0,0,0,1,0,1,0,0
24.3,1,32349.0,0,6.78,79.2,1,29.8,1,1,8.1,2.1,2.04,0,0,0,0,0,1,0,0,0,0,0
22.6,0,25000.0,1,3.26,84.1,6,29.7,0,0,7.4,0.64,0.49,1,0,1,0,0,1,0,0,0,1,0
23.0,1,25000.0,1,3.33,75.8,1,44.1,0,1,6.5,1.92,1.5,1,1,0,0,0,0,0,1,1,0,0
19.9,1,27541.0,1,4.97,71.3,1,36.4,1,0,4.7,2.34,2.92,1,0,0,0,0,1,0,0,0,0,0
17.5,1,55626.0,1,4.61,90.9,1,37.3,0,0,4.7,2.81,2.9,0,0,0,1,1,0,0,0,0,0,0
24.3,1,51910.0,1,2.01,74.8,3,18.9,0,0,3.8,2.26,2.95,0,0,1,0,0,0,0,0,1,0,0
25.5,1,28772.0,1,4.06,89.3,1,43.8,1,0,5.4,0.07,0.1,1,1,0,0,0,0,0,1,0,0,0
24.4,0,63532.0,1,4.56,75.3,3,27.6,0,1,7.5,0.07,0.0,1,1,0,0,0,0,0,0,0,1,0
20.3,1,25000.0,1,2.91,80.7,1,13.3,1,1,6.5,2.17,1.77,0,0,1,0,0,0,1,0,0,0,0
18.5,0,91705.0,1,5.03,78.9,3,20.6,1,0,4.1,1.83,1.99,0,1,0,0,1,0,0,0,0,1,0
18.7,1,45049.0,1,2.34,80.3,2,22.8,1,0,7.2,1.51,1.86,0,0,0,0,0,0,0,1,0,0,0
17.3,1,31624.0,1,4.78,88.1,2,47.7,1,0,3.4,3.7,4.0,0,0,0,0,0,0,0,1,0,0,0
20.8,1,25000.0,1,2.06,95.1,3,21.6,0,0,6.1,2.84,3.33,0,0,0,1,0,0,0,0,0,0,0
24.5,1,25000.0,1,3.45,80.5,0,34.6,0,0,8.0,0.79,0.73,0,0,0,0,0,1,0,0,0,1,0
20.7,1,42856.0,1,1.88,83.0,1,5.0,0,0,3.4,2.99,2.82,0,0,0,0,0,0,1,0,1,0,0
21.7,0,43445.0,1,5.04,79.8,1,41.2,0,1,5.8,1.98,2.05,0,1,0,0,1,0,0,0,1,0,0
24.0,0,44402.0,1,5.63,82.7,1,20.5,0,0,4.2,2.12,2.01,0,0,1,0,1,0,0,0,0,0,0
20.1,1,25000.0,0,6.22,76.3,0,34.7,0,0,8.4,2.62,2.94,0,0,0,0,0,0,1,0,0,0,0
25.5,1,25000.0,1,3.46,73.7,2,34.7,0,0,9.5,0.44,0.42,1,1,0,0,0,1,0,0,0,0,0
25.4,1,33427.0,1,3.0,84.6,1,37.6,0,0,6.5,2.4,2.54,1,0,0,1,0,0,0,1,0,0,0
20.7,0,47189.0,1,5.32,83.8,2,34.0,0,1,7.1,1.16,1.83,0,0,0,0,0,1,0,0,0,0,0
19.7,0,29789.0,1,4.08,91.1,0,53.0,0,1,8.0,3.38,3.71,0,0,1,0,0,0,0,1,0,0,0
22.5,1,72322.0,1,3.17,82.4,0,32.5,1,0,6.9,3.93,3.99,0,1,0,0,0,0,1,0,1,0,0
20.2,1,30330.0,1,3.15,81.6,3,57.0,0,1,4.0,2.1,1.94,0,0,0,0,0,0,1,0,1,0,0
18.5,0,29720.0,1,4.04,86.1,2,37.7,0,0,4.7,2.47,2.47,0,0,0,0,0,0,1,0,0,1,0
23.8,1,44460.0,1,5.59,89.9,2,33.3,0,0,4.7,2.81,2.73,0,1,0,0,0,0,0,0,0,0,0
23.7,0,61793.0,1,2.63,80.7,1,40.7,1,1,2.4,1.63,1.78,0,0,0,1,0,0,0,1,0,0,0
21.3,1,25000.0,1,5.71,61.4,2,32.4,1,0,7.3,1.81,1.5,1,1,0,0,0,0,0,1,0,0,0
18.2,0,25000.0,1,3.77,73.6,0,35.4,0,0,3.2,3.23,2.98,0,0,0,0,1,0,0,0,0,0,0
18.3,0,25000.0,1,5.58,90.6,5,34.2,1,0,7.0,3.37,3.28,1,0,1,0,0,0,1,0,0,0,0
21.2,0,197870.0,1,3.73,95.6,3,33.0,1,0,4.2,0.81,0.99,0,1,0,0,0,0,0,1,1,0,0
19.9,0,25416.0,1,5.09,92.7,1,55.4,1,0,5.1,2.89,2.35,0,1,0,0,0,0,1,0,0,0,0
20.2,1,29740.5,1,4.0,78.5,0,57.3,1,0,5.5,0.43,0.39,0,0,0,0,0,0,0,1,0,0,0
23.2,1,43088.0,1,4.55,79.4,0,33.9,1,0,8.2,4.0,4.0,0,0,1,0,1,0,0,0,0,1,0
22.6,1,53432.0,1,4.85,87.9,3,45.1,0,0,7.1,2.48,2.06,0,0,0,1,1,0,0,0,0,1,0
24.0,0,32921.0,1,1.58,86.8,1,44.4,1,0,5.3,1.66,1.72,0,0,0,1,1,0,0,0,0,0,0
18.8,0,59791.0,1,6.13,62.1,0,43.1,0,1,5.4,2.24,1.97,1,0,0,1,1,0,0,0,0,1,0
20.2,1,25000.0,1,2.11,82.3,3,36.5,0,0,3.4,0.35,0.01,1,1,0,0,0,1,0,0,0,0,0
22.7,1,25000.0,0,5.41,81.6,0,38.0,0,1,6.6,2.23,2.39,0,0,0,1,1,0,0,0,1,0,0
22.0,0,59724.0,1,3.36,72.8,0,36.9,1,1,5.4,2.11,1.71,0,0,0,0,0,0,0,0,0,1,0
24.4,0,29928.0,1,5.0,77.2,3,21.4,1,0,3.8,3.67,3.95,0,0,0,0,0,0,0,1,1,0,0
21.9,0,25000.0,1,4.55,84.1,4,29.2,0,0,6.9,1.68,1.26,1,1,0,0,0,1,0,0,0,0,0
25.1,1,25000.0,1,3.55,80.3,2,15.6,0,0,8.1,1.33,1.21,0,0,1,0,1,0,0,0,1,0,0
22.2,1,25000.0,1,2.85,89.5,2,36.9,0,1,5.2,3.6,3.63,0,1,0,0,0,0,0,1,1,0,0
23.3,1,29771.0,1,3.68,96.1,1,35.2,1,1,4.5,4.0,3.41,0,0,0,1,0,0,0,0,1,0,0
20.3,0,39357.0,1,3.38,89.6,3,38.4,1,1,4.5,3.21,2.81,1,0,0,1,0,0,0,0,0,0,0
21.0,0,25000.0,1,4.48,85.6,1,20.7,1,1,6.2,0.51,0.69,1,0,1,0,0,1,0,0,1,0,0
23.0,0,37459.0,1,4.11,80.8,0,41.6,1,0,3.4,2.56,2.72,0,0,0,0,0,0,1,0,0,1,0
24.5,0,25000.0,1,2.97,88.4,2,35.7,1,0,5.6,2.75,2.46,0,1,0,0,0,0,0,0,0,0,0
22.6,0,61967.0,1,2.4,77.0,3,56.8,1,0,4.8,2.15,1.98,0,0,1,0,0,0,1,0,0,1,0
20.8,0,137462.0,1,3.46,77.6,1,39.7,1,0,6.4,2.06,2.24,0,0,1,0,0,0,0,0,0,0,0
24.0,0,25000.0,1,3.89,72.1,4,22.8,0,0,6.5,2.86,3.2,0,1,0,0,0,0,0,1,0,0,0
17.0,0,39654.0,1,3.02,69.6,4,13.8,0,1,3.5,1.91,2.19,0,0,1,0,1,0,0,0,1,0,0
17.9,1,37762.0,1,4.49,92.2,2,32.6,1,1,6.7,1.8,1.62,1,0,0,0,0,0,0,0,0,0,0
22.5,0,32313.0,1,3.71,84.2,3,17.6,0,0,6.3,2.54,2.68,0,0,0,0,0,0,1,0,0,0,0
21.0,1,29740.5,1,4.0,71.3,2,21.2,0,0,5.5,3.44,3.72,1,0,0,1,0,0,0,1,1,0,0
22.3,1,39628.0,1,4.49,81.0,3,18.4,1,0,4.7,4.0,3.94,0,0,0,1,0,0,0,0,0,0,0
21.1,0,25000.0,1,4.78,97.1,2,23.0,1,0,4.7,2.69,2.97,0,1,0,0,1,0,0,0,0,0,0
22.3,0,65508.0,1,3.26,96.1,6,47.5,1,0,5.2,2.83,2.7,0,0,0,1,0,0,1,0,0,1,0
19.2,0,33557.0,1,5.67,81.9,1,18.4,0,1,3.8,1.57,1.41,0,0,0,0,1,0,0,0,0,1,0
22.3,1,25000.0,1,4.33,81.8,4,24.9,1,0,4.3,2.92,2.66,0,0,0,1,0,0,1,0,1,0,0
23.2,0,128788.0,1,5.71,80.2,3,12.8,1,1,5.9,2.55,2.4,0,0,1,0,0,0,0,1,0,0,0
23.7,0,27730.0,1,5.14,73.1,1,9.5,0,1,4.5,4.0,4.0,0,0,0,0,0,0,0,1,1,0,0
25.4,1,34647.0,1,3.73,78.7,0,26.6,0,1,7.1,2.84,2.9,0,0,0,0,0,1,0,0,0,1,0
21.5,0,33033.0,1,3.21,79.5,3,32.5,1,0,5.3,1.91,1.74,0,0,0,1,0,0,0,1,0,0,0
21.6,1,27503.0,0,4.13,64.3,6,16.2,0,1,4.6,3.71,3.56,0,0,1,0,0,0,0,0,0,0,0
17.6,1,38917.0,1,3.63,63.8,0,11.8,1,0,6.1,3.74,3.65,0,1,0,0,0,0,0,1,1,0,0
19.8,0,25000.0,1,3.08,81.5,3,7.5,0,0,4.8,1.61,1.55,0,0,0,1,0,0,0,0,0,1,0
20.6,1,42528.0,1,2.62,88.7,1,31.7,1,0,4.1,3.18,3.37,0,0,0,1,1,0,0,0,0,0,0
23.3,1,25000.0,1,6.5,75.8,1,41.2,0,0,4.9,2.81,3.15,0,0,1,0,0,0,0,1,1,0,0
19.7,1,25000.0,1,2.24,96.0,0,12.9,0,0,1.8,2.71,2.72,0,0,1,0,0,0,1,0,0,0,0
22.8,1,88915.0,0,1.5,79.8,1,22.2,1,0,2.0,2.07,1.98,0,0,0,0,0,0,0,1,0,0,0
21.0,1,25000.0,1,4.5,75.2,4,43.0,1,0,3.8,4.0,3.42,0,0,0,0,0,0,0,1,1,0,0
20.6,1,25000.0,1,3.06,70.6,1,27.4,1,0,3.4,2.6,2.78,0,0,1,0,1,0,0,0,1,0,0
21.5,1,25000.0,1,3.61,82.8,0,28.8,1,1,6.7,1.37,0.71,1,0,0,0,0,1,0,0,0,1,0
20.1,1,84460.0,1,2.22,65.9,3,34.6,1,1,7.8,0.78,0.91,1,0,0,0,0,0,1,0,1,0,0
20.1,1,25000.0,1,4.53,76.0,0,24.7,1,0,6.1,1.57,1.09,0,0,1,0,0,0,0,1,0,1,0
17.2,1,25000.0,1,4.37,82.4,3,20.7,1,1,2.1,4.0,3.88,0,0,0,0,0,0,1,0,0,0,0
20.5,0,25000.0,1,5.24,70.8,1,33.7,1,1,3.0,3.99,3.74,0,1,0,0,0,0,0,1,0,0,0
19.9,0,25223.0,1,4.72,77.8,4,13.4,0,0,6.1,1.84,2.19,0,0,0,0,0,1,0,0,0,0,1
19.9,1,25000.0,1,3.62,82.2,0,10.7,0,0,5.2,3.49,3.3,0,0,1,0,0,1,0,0,0,0,0
21.9,0,29740.5,1,4.0,57.3,1,21.7,1,0,5.5,1.31,1.08,1,0,0,1,0,0,0,1,0,0,0
22.4,0,90552.0,1,2.96,87.2,2,38.5,0,0,4.0,3.73,3.67,0,0,1,0,0,0,0,0,0,0,0
21.5,0,25000.0,1,2.9,89.5,3,43.9,0,0,3.6,2.77,2.43,0,0,1,0,1,0,0,0,1,0,0
23.2,1,27964.0,1,2.57,73.9,4,24.3,0,0,8.1,2.06,2.25,0,1,0,0,0,0,0,0,1,0,0
22.3,0,36430.0,1,5.68,80.4,4,40.0,0,1,6.8,1.54,1.62,1,0,0,1,0,0,0,0,1,0,0
20.4,1,25000.0,1,5.81,81.0,0,46.6,0,1,5.0,1.42,1.86,0,1,0,0,0,1,0,0,0,1,0
20.0,1,29740.5,1,4.0,84.8,3,30.5,0,1,5.5,1.48,1.11,0,0,0,0,0,0,1,0,0,0,0
21.7,1,25000.0,1,5.05,79.6,4,37.6,1,1,5.8,2.06,2.12,0,0,0,1,0,0,0,1,1,0,0
22.3,1,37219.0,1,4.34,76.2,2,52.4,1,1,5.6,0.86,0.77,1,0,0,0,0,0,1,0,1,0,0
24.1,0,27867.0,1,3.24,73.5,1,21.5,1,0,8.8,1.82,1.3,1,1,0,0,0,0,1,0,1,0,0
23.6,0,25000.0,1,4.12,88.7,2,27.1,0,0,8.0,1.91,1.42,0,1,0,0,1,0,0,0,0,1,0
19.8,0,65099.0,1,1.45,77.4,1,49.2,0,0,8.2,1.41,1.28,0,0,0,1,0,1,0,0,0,0,0
20.8,1,102978.0,1,1.96,75.8,1,18.7,1,0,6.1,0.0,0.46,1,0,0,1,0,1,0,0,1,0,0
22.5,1,26741.0,1,4.55,90.4,1,31.9,1,1,4.9,4.0,4.0,0,1,0,0,0,0,0,1,0,0,0
23.3,1,25000.0,1,5.23,83.2,4,22.5,0,0,3.3,4.0,4.0,0,0,0,0,0,0,0,1,0,0,0
23.1,1,73395.0,1,5.18,73.8,2,46.4,1,1,3.7,2.02,1.47,1,1,0,0,0,0,0,1,1,0,0
20.9,0,92432.0,1,2.63,80.4,4,15.8,0,0,7.3,1.28,1.29,1,1,0,0,0,0,0,0,0,0,0
18.2,0,26869.0,1,5.15,74.2,3,29.2,0,0,3.2,2.68,2.83,0,1,0,0,0,1,0,0,0,1,0
18.8,0,26077.0,1,4.86,72.6,1,17.4,0,1,5.2,2.66,2.85,0,1,0,0,0,0,0,0,0,0,0
21.6,0,28341.0,1,4.6,77.6,2,12.4,1,1,3.0,2.12,2.5,0,1,0,0,0,0,0,0,0,0,0
21.8,1,25000.0,1,3.82,80.4,0,7.2,0,0,5.3,1.7,1.16,0,0,0,1,0,0,1,0,1,0,0
18.6,1,25000.0,0,3.32,77.1,3,28.0,1,1,3.6,0.49,0.7,1,0,0,0,0,1,0,0,1,0,0
21.1,1,83197.0,1,4.95,86.3,6,35.8,0,0,6.7,2.68,2.16,0,1,0,0,0,0,1,0,0,0,0
22.4,1,26871.0,1,5.04,87.2,1,30.2,0,0,5.1,4.0,4.0,0,0,0,0,0,1,0,0,1,0,0
18.5,0,25000.0,0,3.73,76.3,3,32.8,0,1,4.0,2.14,2.56,1,1,0,0,0,0,1,0,0,0,0
23.4,1,40055.0,1,4.56,80.6,1,24.8,0,1,3.8,2.02,1.39,0,0,0,0,0,0,1,0,1,0,0
20.2,1,25000.0,1,4.6,78.2,1,41.8,1,0,5.7,1.23,1.3,0,1,0,0,0,0,1,0,1,0,0
23.8,0,28570.0,1,3.87,74.1,6,38.7,0,0,5.6,2.89,3.03,0,0,1,0,1,0,0,0,0,0,0
19.8,0,25000.0,1,3.1,83.3,2,31.5,1,0,4.5,0.52,0.03,1,1,0,0,0,0,0,0,0,0,0
18.7,1,25000.0,0,4.09,67.0,4,32.5,0,0,4.9,0.0,0.13,1,0,1,0,0,0,0,1,0,0,0
20.0,0,46286.0,1,5.13,74.3,0,24.4,1,0,4.6,3.88,3.73,0,0,0,1,0,0,0,1,0,1,0
20.8,1,31873.0,1,2.87,72.7,1,53.3,0,1,1.6,3.11,3.15,0,0,1,0,0,0,1,0,0,1,0
20.1,0,25000.0,1,5.51,74.8,1,39.7,0,0,5.4,2.45,2.55,0,0,0,0,0,0,0,1,0,1,0
20.5,1,31943.0,1,3.04,73.3,1,28.8,0,0,2.7,2.74,2.96,0,0,1,0,0,0,0,0,0,0,0
21.7,1,25000.0,1,6.36,69.1,0,27.9,0,0,3.9,4.0,3.97,0,0,1,0,0,1,0,0,0,0,0
20.6,0,25000.0,1,5.04,79.7,1,25.3,1,1,6.1,1.61,1.94,0,0,0,0,0,0,0,0,1,0,0
20.9,1,59780.0,1,3.43,79.0,1,26.4,0,0,5.1,3.24,2.96,0,0,0,1,0,0,1,0,0,1,0
17.2,0,47559.0,1,2.24,81.9,1,33.0,0,0,8.3,1.76,1.68,1,0,0,1,0,1,0,0,1,0,0
21.9,0,29740.5,1,4.0,83.9,3,9.5,0,1,5.5,0.88,1.34,0,0,0,1,1,0,0,0,0,0,0
20.8,1,32422.0,1,3.6,85.2,0,27.0,0,0,4.8,4.0,3.83,0,0,0,1,1,0,0,0,1,0,0
24.5,0,29740.5,1,4.0,60.6,3,28.4,0,0,5.5,2.7,2.62,0,0,1,0,0,0,1,0,0,0,0
18.9,0,29740.5,1,4.0,82.5,3,29.9,1,1,5.5,1.34,0.98,0,0,1,0,1,0,0,0,0,0,0
17.0,1,25000.0,1,4.04,79.9,3,32.1,0,0,7.4,2.36,2.18,0,0,1,0,1,0,0,0,0,0,0
22.4,0,49886.0,1,3.88,81.1,5,30.4,0,0,6.7,0.68,0.47,1,1,0,0,0,1,0,0,0,0,0
21.8,0,36759.0,1,2.98,78.3,1,34.9,1,0,8.0,2.21,2.6,0,0,1,0,0,0,0,1,0,0,1
18.8,0,25391.0,1,5.37,75.6,1,28.4,0,0,2.6,2.53,2.56,0,0,0,0,0,0,0,1,0,0,0
17.6,0,25000.0,1,5.46,80.0,3,41.9,0,0,6.9,2.03,1.69,1,0,0,1,0,0,0,0,1,0,0
24.4,0,49251.0,1,4.02,78.2,0,37.9,0,1,3.7,2.5,2.5,0,1,0,0,1,0,0,0,0,1,0
24.1,0,27166.0,1,5.23,84.4,1,57.0,0,0,6.3,1.96,2.52,0,0,1,0,0,0,1,0,1,0,0
17.0,1,25000.0,1,4.83,89.6,1,38.4,0,0,5.1,3.98,3.82,0,1,0,0,0,0,0,1,0,1,0
20.0,1,25000.0,1,3.22,74.5,1,21.1,0,0,4.3,3.2,2.98,0,1,0,0,0,1,0,0,0,0,0
24.7,1,47170.0,1,4.56,77.7,5,28.1,0,0,7.6,1.71,1.69,1,0,0,1,1,0,0,0,0,0,1
20.0,1,25000.0,1,2.85,100.0,2,23.9,1,0,2.5,3.39,3.68,0,0,0,0,1,0,0,0,0,0,0
19.9,0,29740.5,1,4.0,67.4,0,30.1,0,0,5.5,1.68,1.78,1,0,0,1,0,0,0,1,0,0,0
20.4,0,56520.0,1,4.79,69.1,4,43.2,0,1,6.6,2.45,2.27,1,1,0,0,0,0,1,0,1,0,0
18.5,1,26878.0,1,4.67,90.4,0,26.1,0,0,5.8,2.48,2.35,0,1,0,0,0,0,0,1,1,0,0
17.2,1,35021.0,1,4.59,97.3,1,23.2,0,1,5.2,4.0,4.0,0,0,0,0,0,1,0,0,0,0,0
23.3,1,57072.0,1,4.18,93.6,0,36.2,0,0,4.8,2.99,2.84,0,0,1,0,0,1,0,0,0,0,0
17.0,1,50787.0,1,1.77,84.5,3,20.2,1,1,6.3,1.64,1.96,1,0,0,0,0,0,0,1,1,0,0
21.5,0,25000.0,1,2.05,78.6,2,19.5,1,0,3.0,3.53,3.64,0,0,1,0,1,0,0,0,1,0,0
23.0,0,27495.0,1,4.49,79.8,5,34.6,1,1,1.0,4.0,3.51,0,0,0,1,0,1,0,0,0,0,1
17.8,0,51167.0,0,4.96,85.2,2,8.5,0,0,5.7,3.22,3.45,0,1,0,0,0,0,1,0,0,0,0
19.0,1,52244.0,1,3.08,89.5,2,24.2,1,0,4.2,3.45,3.49,0,0,1,0,0,0,1,0,0,0,0
23.7,0,28203.0,1,6.2,86.3,0,40.3,0,0,3.9,4.0,3.92,0,1,0,0,0,1,0,0,0,0,1
22.2,0,28793.0,0,3.17,65.9,2,8.0,1,1,2.7,2.4,2.39,0,0,0,0,1,0,0,0,0,0,0
19.6,0,34913.0,1,5.54,72.6,0,8.9,1,1,7.7,1.83,2.07,0,0,0,1,0,0,1,0,1,0,0
23.6,0,67517.0,1,1.84,84.2,2,12.8,0,0,8.8,2.3,2.55,0,0,0,0,1,0,0,0,0,0,0
23.7,1,56418.0,1,2.92,70.9,1,5.0,0,1,5.4,1.42,1.42,0,0,1,0,0,0,1,0,0,0,1
21.6,1,45073.0,1,4.45,66.8,2,52.8,1,1,5.2,1.49,1.62,0,1,0,0,0,1,0,0,1,0,0
19.0,0,25000.0,1,3.59,89.0,4,31.4,0,0,6.3,2.34,2.31,0,0,0,0,0,0,1,0,0,0,0
20.1,0,25213.0,1,5.07,84.1,5,22.0,0,1,6.2,2.71,3.02,0,0,0,0,1,0,0,0,1,0,0
21.6,0,26020.0,1,4.34,94.4,1,14.5,0,1,4.6,2.92,3.32,0,0,0,0,1,0,0,0,1,0,0
20.6,1,69640.0,1,5.88,89.8,2,56.4,0,0,7.7,1.68,1.92,0,0,1,0,0,1,0,0,0,0,0
23.1,0,25763.0,1,3.35,77.0,6,37.9,1,1,7.5,1.36,1.66,1,1,0,0,0,1,0,0,1,0,0
17.6,1,63074.0,0,2.58,84.0,1,28.5,1,1,6.8,2.59,2.42,0,0,0,0,0,0,1,0,0,0,0
17.7,0,25000.0,1,3.71,75.7,0,44.6,0,0,8.7,2.0,1.89,0,0,0,1,0,0,1,0,0,0,0
21.4,0,25000.0,1,3.47,69.1,1,34.7,1,1,6.9,3.72,3.69,0,0,0,0,0,0,0,0,1,0,0
19.9,0,39691.0,0,3.13,91.6,3,24.0,0,1,4.3,3.37,3.41,0,0,1,0,0,0,0,0,1,0,0
19.6,0,76183.0,1,2.87,80.4,4,22.7,1,0,5.6,2.44,2.14,0,0,1,0,1,0,0,0,0,0,0
17.1,1,26185.0,1,2.14,92.8,3,22.9,1,0,7.2,1.01,1.01,1,0,0,1,0,1,0,0,0,0,0
21.0,1,25000.0,1,5.68,82.9,2,17.8,0,1,3.6,2.05,2.33,0,1,0,0,0,0,0,1,0,0,0
20.9,1,25000.0,1,2.07,84.2,0,43.3,0,0,5.0,3.39,3.54,0,1,0,0,1,0,0,0,0,0,0
22.4,1,35553.0,1,3.89,86.6,0,23.8,1,0,2.7,2.06,2.23,0,0,0,1,1,0,0,0,0,0,1
21.2,0,25000.0,1,4.17,80.5,3,46.2,1,0,9.1,1.0,0.98,1,1,0,0,0,0,1,0,0,1,0
20.7,1,25000.0,0,4.47,80.1,1,20.1,0,0,6.2,3.34,3.11,0,0,0,0,0,1,0,0,0,1,0
23.6,0,29954.0,1,3.94,83.9,2,22.8,0,1,6.6,2.15,2.58,1,0,1,0,1,0,0,0,0,0,0
18.1,1,25000.0,1,2.13,92.0,3,24.6,1,0,2.8,3.64,3.7,0,1,0,0,1,0,0,0,0,0,0
22.2,0,25000.0,1,2.97,86.0,5,19.2,0,1,7.5,2.67,2.61,0,0,0,0,1,0,0,0,0,0,0
17.3,0,25000.0,1,3.93,82.1,1,23.0,0,0,6.1,1.98,1.84,0,0,0,0,0,0,1,0,0,0,0
19.2,1,29740.5,1,4.0,63.7,2,36.6,0,0,5.5,2.56,1.84,0,0,0,0,0,0,0,0,0,0,0
18.3,1,25000.0,1,2.44,81.1,0,44.4,0,0,6.3,0.71,0.32,0,1,0,0,0,0,1,0,1,0,0
22.7,1,25000.0,1,4.82,75.1,3,33.6,0,0,3.7,2.99,3.08,0,0,0,1,0,1,0,0,0,1,0
20.9,0,39407.0,1,2.83,74.1,4,15.7,0,1,5.6,1.82,2.07,0,0,0,1,1,0,0,0,0,0,0
21.0,0,60957.0,1,6.17,80.1,0,22.8,0,1,6.9,2.69,3.02,0,0,0,0,0,0,1,0,0,0,0
18.6,1,25000.0,1,1.5,82.0,0,23.1,1,0,5.9,0.46,0.18,1,0,0,0,0,0,1,0,1,0,0
20.3,0,25000.0,1,4.69,87.8,1,50.4,0,1,2.2,2.68,2.37,0,0,0,1,0,0,1,0,0,0,0
19.3,1,25000.0,1,4.18,73.0,0,41.8,0,1,6.0,2.4,2.36,1,0,0,1,0,0,1,0,0,0,0
21.8,0,25000.0,1,3.77,82.1,3,44.6,0,0,7.0,1.8,2.04,1,0,1,0,0,0,1,0,1,0,0
18.8,1,25000.0,0,4.8,85.4,2,21.5,0,0,5.1,2.4,2.57,0,0,0,1,1,0,0,0,0,0,0
23.9,0,25000.0,1,3.05,74.1,1,14.7,0,1,6.4,1.71,1.37,1,0,1,0,0,0,0,1,0,0,0
17.3,0,25000.0,1,3.58,78.3,2,36.9,1,0,6.5,0.17,0.18,1,0,0,0,0,0,0,0,1,0,0
19.2,0,79157.0,1,2.58,88.1,2,24.5,0,1,1.9,2.22,2.06,0,1,0,0,0,0,0,1,1,0,0
24.7,1,25000.0,1,5.74,81.5,3,33.5,0,0,7.8,3.65,3.94,0,0,0,0,1,0,0,0,0,1,0
20.0,1,25000.0,1,3.29,65.9,4,34.9,1,1,4.5,1.9,1.95,0,0,0,1,0,0,0,0,0,0,0
18.1,0,25000.0,1,3.25,88.2,1,25.3,0,0,4.2,2.95,2.96,0,0,0,1,0,1,0,0,0,1,0
21.5,1,25000.0,1,5.7,82.7,0,42.0,1,1,4.2,3.46,3.52,0,0,0,1,0,0,0,0,0,0,0
20.0,1,30813.0,1,1.78,69.2,1,12.5,0,0,7.7,0.7,0.57,0,0,1,0,1,0,0,0,1,0,0
19.2,0,28882.0,1,6.15,75.0,3,31.3,0,0,8.2,2.71,2.71,0,0,0,1,0,0,0,0,0,0,0
18.6,1,30746.0,1,3.86,81.0,0,38.1,1,0,6.4,3.58,3.88,0,0,1,0,1,0,0,0,1,0,0
27.1,1,29015.0,1,5.32,84.5,1,50.4,0,0,4.6,3.14,3.19,0,0,1,0,0,1,0,0,0,0,0
20.4,0,25000.0,1,4.67,90.2,3,31.6,0,1,10.0,3.97,3.43,0,0,0,0,0,0,1,0,0,0,0
17.0,1,25000.0,1,1.46,74.8,2,45.1,0,0,5.5,0.92,0.95,0,0,1,0,0,1,0,0,0,1,0
24.3,1,28430.0,1,4.87,78.4,2,44.3,0,0,4.3,2.67,2.72,0,0,1,0,0,1,0,0,0,1,0
22.3,0,54795.0,0,2.61,89.1,1,58.0,1,0,7.3,2.62,2.52,0,0,0,1,0,0,0,1,1,0,0
19.3,0,88274.0,1,3.68,90.4,4,33.9,1,0,5.3,2.26,2.36,0,1,0,0,0,0,0,1,1,0,0
18.9,1,25776.0,1,6.21,79.4,2,54.6,1,1,9.3,0.55,0.51,0,0,0,0,0,0,0,0,0,0,0
22.5,0,27508.0,1,3.27,77.7,1,39.7,0,0,4.0,2.52,2.63,0,0,1,0,0,0,0,1,0,0,0
20.5,0,40145.0,1,5.45,86.0,4,11.6,0,0,5.2,1.29,1.39,1,0,1,0,0,0,0,1,0,0,0
17.0,1,72834.0,1,2.75,65.4,0,30.3,0,1,8.3,0.89,0.68,0,0,0,0,0,0,0,0,0,0,0
24.9,1,25000.0,1,5.91,81.9,1,19.0,0,0,6.4,2.69,3.05,0,0,0,1,0,0,1,0,0,0,0
20.0,1,45053.0,0,3.85,81.8,2,48.4,0,1,5.0,0.0,0.34,0,0,0,1,0,0,0,1,0,0,0
24.3,0,25000.0,1,4.57,78.3,2,32.0,0,1,3.8,2.48,3.45,0,0,0,1,0,0,0,1,0,1,0
23.8,0,36240.0,1,3.88,85.8,3,14.2,0,0,3.5,2.23,1.59,0,0,1,0,0,0,0,1,0,0,0
18.8,1,53229.0,1,4.03,90.7,1,40.6,1,0,3.2,2.76,2.79,0,0,1,0,1,0,0,0,1,0,0
23.3,0,25000.0,1,2.24,74.2,1,45.9,1,0,7.2,2.4,2.67,1,0,1,0,0,0,0,0,0,0,0
19.6,0,25000.0,1,3.34,76.2,3,25.2,1,0,6.9,1.86,1.72,0,1,0,0,1,0,0,0,0,1,0
17.0,1,29740.5,1,4.0,87.3,1,24.6,0,1,5.5,4.0,4.0,0,0,0,0,0,0,0,0,0,0,0
20.1,0,43032.0,1,2.3,70.4,5,32.4,0,1,3.5,3.48,3.47,0,0,1,0,0,1,0,0,0,0,0
21.9,1,55358.0,1,4.1,77.7,2,8.3,1,1,5.0,2.23,2.38,0,0,0,0,0,0,0,0,1,0,0
20.0,0,49467.0,1,5.82,99.3,1,38.5,1,0,6.1,2.4,2.35,0,0,1,0,0,0,0,0,1,0,0
20.3,0,25000.0,0,2.84,83.5,4,50.3,0,0,7.8,0.82,1.45,0,0,0,0,0,0,0,0,1,0,0
23.5,0,111248.0,0,6.18,79.7,4,22.2,0,0,6.1,2.87,2.82,0,1,0,0,0,0,1,0,1,0,0
21.2,0,32278.0,1,3.82,68.2,1,52.1,0,0,5.7,1.24,1.11,1,1,0,0,1,0,0,0,1,0,0
19.1,0,25000.0,1,3.41,62.7,2,41.9,0,1,3.8,2.57,3.15,0,1,0,0,1,0,0,0,1,0,0
22.5,0,25099.0,1,3.65,90.5,1,29.1,0,0,7.1,1.01,1.21,0,0,1,0,0,0,0,0,1,0,0
21.4,0,25000.0,1,6.92,72.7,1,37.6,1,0,5.0,1.55,1.55,0,1,0,0,0,0,0,1,0,1,0
17.0,0,47913.0,1,4.49,82.4,1,49.2,1,0,3.0,2.69,2.42,1,1,0,0,0,1,0,0,1,0,0
21.9,0,25000.0,1,4.49,92.2,1,31.7,1,0,3.9,3.2,2.78,0,1,0,0,0,1,0,0,0,0,0
21.9,1,57491.0,1,4.8,78.0,0,34.7,1,0,6.7,1.66,1.51,0,1,0,0,0,1,0,0,0,0,0
21.0,0,41559.0,1,2.29,78.3,1,23.6,0,0,6.8,2.76,2.53,0,0,0,1,0,0,0,1,0,0,0
23.0,0,25000.0,0,5.43,87.6,2,28.6,1,1,1.0,3.84,4.0,0,0,0,1,0,0,0,1,0,0,0
19.5,0,27331.0,1,2.92,92.8,0,38.4,0,0,5.3,1.62,1.86,1,0,0,0,0,0,0,0,0,0,0
21.7,0,25000.0,1,2.76,88.8,1,27.8,0,0,3.2,2.39,2.62,0,0,0,1,0,0,0,0,0,1,0
17.6,1,33218.0,1,3.39,93.8,2,24.0,1,0,6.2,1.18,1.17,1,0,1,0,0,0,0,1,0,0,0
21.9,1,25000.0,1,3.69,63.5,1,43.8,1,0,6.6,0.59,0.52,0,0,0,1,0,0,0,1,1,0,0
25.3,1,31091.0,1,4.0,85.4,6,35.8,0,1,3.6,2.92,2.43,0,1,0,0,0,0,1,0,0,0,0
18.8,0,25251.0,1,3.6,92.3,3,24.2,0,0,5.5,1.69,1.4,0,0,0,1,0,0,0,0,1,0,0
19.3,0,27137.0,1,3.28,85.6,3,51.0,1,1,7.0,2.61,3.06,1,0,1,0,0,0,1,0,0,0,0
19.4,0,101780.0,1,3.15,80.8,3,55.4,0,1,7.3,1.38,1.37,1,0,0,0,0,0,0,0,0,1,0
21.3,1,25000.0,1,4.05,72.2,1,42.2,0,0,4.0,2.51,3.08,0,0,1,0,0,0,0,1,0,0,0
18.7,0,25000.0,1,1.71,76.1,2,15.7,0,1,7.4,1.05,0.79,1,0,0,1,0,1,0,0,1,0,0
21.9,0,54693.0,1,4.03,94.0,2,34.9,0,0,6.0,2.46,2.54,0,0,0,0,0,0,0,0,1,0,0
22.9,0,54436.0,1,5.65,81.7,2,37.1,0,1,4.6,2.93,2.77,0,0,0,0,0,0,0,0,1,0,0
22.2,1,25000.0,0,4.4,77.0,1,11.0,1,0,5.3,1.51,1.0,1,1,0,0,0,0,0,1,0,1,0
17.1,0,25000.0,1,4.96,69.6,2,44.3,1,1,6.9,0.87,0.38,1,0,1,0,0,0,0,1,0,0,0
23.2,0,38618.0,1,5.79,85.7,0,32.5,0,0,6.9,3.16,3.2,0,0,1,0,0,0,0,1,1,0,0
23.1,0,40722.0,1,4.81,75.6,2,43.5,0,1,7.1,0.55,0.35,1,1,0,0,0,0,0,1,0,1,0
22.8,0,29648.0,1,3.25,81.7,2,26.3,1,0,4.3,1.92,1.62,0,0,1,0,1,0,0,0,1,0,0
21.8,0,30052.0,1,3.35,95.8,3,35.8,0,0,5.9,4.0,3.88,0,0,0,1,0,0,1,0,0,1,0
21.5,1,25000.0,1,4.15,88.4,5,36.4,1,0,5.1,2.79,2.63,0,0,1,0,0,0,0,0,0,0,0
23.3,1,25000.0,0,2.4,92.5,4,32.3,0,1,5.9,0.73,0.93,0,0,0,0,0,0,0,1,0,0,0
25.2,0,101692.0,1,7.28,83.1,0,35.9,0,0,4.6,3.8,3.99,0,0,1,0,0,1,0,0,1,0,0
18.9,1,25000.0,1,4.01,87.7,2,28.4,1,0,8.4,3.3,3.14,0,0,0,1,0,0,1,0,0,1,0
23.4,1,33054.0,1,5.95,92.6,1,15.8,0,0,5.5,3.37,3.65,0,1,0,0,0,0,0,1,1,0,0
20.8,1,27030.0,1,3.79,75.4,4,5.5,0,0,5.2,2.95,2.87,0,0,0,1,0,0,1,0,0,0,0
20.7,0,50936.0,0,4.09,81.7,3,22.6,1,0,6.3,2.58,2.24,0,0,0,1,1,0,0,0,0,0,0
17.6,0,31855.0,1,3.94,76.5,1,39.5,0,0,7.5,3.42,3.5,0,0,1,0,0,0,0,0,1,0,0
20.4,1,32600.0,0,5.66,77.1,3,17.5,1,1,5.6,1.25,1.14,0,1,0,0,1,0,0,0,1,0,0
18.8,0,29740.5,0,4.0,65.8,2,42.7,0,0,5.5,4.0,3.84,0,0,1,0,0,0,0,0,0,0,0
20.0,0,25000.0,0,2.1,74.4,0,46.7,0,1,7.1,1.85,2.01,1,0,0,1,0,0,0,0,0,1,0
18.6,1,46480.0,1,3.68,79.0,1,35.7,0,0,8.6,1.17,0.97,0,1,0,0,0,0,0,1,1,0,0
20.0,1,44038.0,1,4.55,87.5,1,28.0,1,0,8.1,2.14,2.04,0,0,0,1,0,0,1,0,1,0,0
20.1,0,25000.0,1,1.73,81.2,1,42.3,0,1,3.7,2.26,2.41,0,0,0,1,0,0,0,1,0,0,0
21.2,0,25000.0,1,3.18,75.8,6,43.9,1,0,6.9,1.81,1.62,1,0,0,0,0,0,1,0,1,0,0
17.4,1,32079.0,1,4.55,88.3,2,27.3,0,0,5.4,3.83,3.52,0,0,0,0,0,0,1,0,0,1,0
17.8,1,25000.0,1,3.36,74.7,2,31.0,1,0,7.8,1.27,0.82,1,0,0,1,1,0,0,0,0,0,1
21.8,1,25000.0,1,4.03,73.2,1,20.2,0,0,8.8,1.3,1.79,1,0,1,0,0,0,0,0,0,0,0
19.2,1,85485.0,1,4.65,91.6,1,33.4,0,0,1.2,4.0,4.0,0,0,0,0,0,1,0,0,0,1,0
23.4,1,70759.0,1,3.32,88.8,1,5.2,1,0,5.5,1.48,1.84,0,0,0,1,0,0,0,1,0,0,0
21.5,0,39829.0,1,2.76,79.3,3,26.5,1,1,4.7,0.73,0.27,1,0,0,1,0,1,0,0,0,0,0
22.3,0,35753.0,1,2.72,97.2,3,19.8,1,0,4.2,2.8,2.54,0,1,0,0,1,0,0,0,0,1,0
24.1,0,25000.0,1,1.09,77.5,2,28.9,0,0,3.8,2.86,2.93,0,1,0,0,1,0,0,0,0,0,0
20.3,1,25000.0,1,4.7,87.5,2,20.5,0,0,4.7,4.0,3.76,0,0,1,0,0,0,0,0,1,0,0
19.7,0,25000.0,1,3.79,69.4,1,7.0,0,0,5.0,2.48,2.32,0,0,1,0,0,0,1,0,0,0,0
22.9,1,25000.0,1,5.57,73.9,0,22.2,1,1,4.9,2.64,2.68,0,1,0,0,0,0,0,0,0,0,0
22.1,1,25000.0,1,4.84,90.2,1,24.3,1,0,1.9,4.0,3.21,0,0,1,0,1,0,0,0,0,0,0
20.6,0,29740.5,1,4.0,93.4,2,42.8,0,0,5.5,3.08,3.32,0,0,0,0,1,0,0,0,0,0,0
24.1,0,25000.0,1,4.46,80.8,4,22.3,0,0,7.4,0.72,0.21,1,0,1,0,0,0,0,0,0,0,0
20.5,1,25000.0,0,1.75,100.0,0,19.8,0,0,4.5,4.0,3.62,0,1,0,0,0,0,0,1,1,0,0
21.1,0,46338.0,1,4.47,92.5,1,15.7,0,1,2.5,3.52,3.56,0,0,0,0,0,1,0,0,0,0,0
21.0,0,25000.0,1,3.73,76.4,1,43.7,0,0,5.7,2.29,1.87,0,0,1,0,1,0,0,0,1,0,0
18.9,0,25000.0,0,3.07,79.0,1,27.3,1,0,7.4,3.39,3.09,1,0,0,1,0,0,0,1,0,0,1
21.2,0,25000.0,1,3.45,70.9,5,33.3,1,1,5.8,3.22,3.49,0,0,0,0,0,0,1,0,0,0,1
24.1,0,30741.0,1,4.86,78.5,2,11.5,1,0,4.2,2.32,2.35,0,0,0,1,1,0,0,0,0,0,0
22.0,0,25000.0,1,3.26,83.9,1,8.9,0,0,3.6,1.16,0.83,0,0,0,1,1,0,0,0,0,0,0
21.1,0,25000.0,1,3.69,82.3,0,19.2,1,0,6.8,1.07,1.11,1,0,0,0,0,0,0,1,1,0,0
20.6,1,25000.0,1,4.74,82.2,2,49.5,0,0,5.1,3.3,3.13,0,0,0,1,0,0,1,0,1,0,0
21.7,1,25000.0,1,3.67,90.0,2,16.9,0,1,4.6,0.75,0.66,1,0,0,0,0,0,0,0,0,0,1
22.6,0,42851.0,1,4.23,83.3,2,22.5,0,0,4.4,3.74,3.86,0,1,0,0,0,1,0,0,0,0,0
22.3,0,25000.0,1,3.86,87.5,2,30.2,1,0,5.9,2.88,3.11,1,1,0,0,0,0,0,1,1,0,0
20.3,1,43106.0,1,5.44,85.6,0,22.5,0,0,5.7,2.86,2.14,0,0,0,0,1,0,0,0,1,0,0
21.7,0,25000.0,1,4.22,84.3,2,35.7,1,1,5.6,2.79,2.66,0,0,0,0,0,0,0,0,0,0,0
22.1,1,25000.0,1,1.87,89.4,3,20.0,0,1,3.8,2.54,2.43,0,0,0,0,0,0,0,1,0,0,0
18.8,0,26037.0,1,5.04,88.4,1,16.8,1,0,3.7,2.92,3.52,0,0,1,0,1,0,0,0,1,0,0
21.4,1,27537.0,1,3.16,73.0,2,62.6,1,0,4.3,1.4,1.53,0,0,1,0,0,0,1,0,0,0,0
17.0,1,46752.0,1,3.33,96.6,3,18.8,0,1,6.0,1.77,1.53,0,1,0,0,0,0,1,0,0,0,0
22.1,0,25000.0,1,3.72,83.0,3,39.5,0,0,6.5,2.78,3.0,1,1,0,0,0,0,1,0,1,0,0
22.5,1,46539.0,1,6.86,74.4,0,18.7,0,0,8.1,3.13,3.17,0,0,1,0,0,0,1,0,0,0,0
22.6,1,37234.0,1,4.68,81.5,1,11.5,1,1,4.0,3.1,2.91,0,0,1,0,0,0,0,1,1,0,0
20.1,0,27886.0,1,6.5,84.1,2,28.9,0,1,6.8,2.19,2.32,0,1,0,0,0,0,0,1,0,1,0
21.7,0,25000.0,0,4.08,86.7,1,13.9,0,0,2.4,4.0,3.99,0,0,1,0,0,1,0,0,0,0,0
24.1,0,46823.0,1,4.95,89.7,0,25.3,0,0,6.1,2.09,2.34,0,0,0,0,0,1,0,0,1,0,0
24.1,0,25000.0,1,6.33,88.1,1,20.4,0,0,2.8,4.0,4.0,0,0,0,0,0,0,1,0,0,0,0
20.9,1,29355.0,1,5.07,96.7,3,45.0,0,0,3.3,2.59,2.37,0,0,0,1,0,0,1,0,1,0,0
21.3,0,28786.0,1,4.54,82.8,1,11.5,1,0,6.9,2.62,2.79,0,0,1,0,1,0,0,0,0,0,0
23.4,0,26258.0,1,2.22,80.7,1,38.1,0,0,5.8,3.32,3.76,0,0,0,1,0,0,0,0,0,0,0
17.7,0,25000.0,1,2.68,70.3,0,33.4,0,0,4.9,1.19,1.6,0,0,0,1,1,0,0,0,1,0,0
20.3,0,25000.0,1,4.39,89.8,2,27.3,1,0,3.0,4.0,4.0,0,1,0,0,0,0,0,0,1,0,0
23.9,0,25000.0,0,5.32,86.9,5,20.9,1,0,6.2,3.07,3.19,0,0,1,0,1,0,0,0,0,0,0
23.1,0,69029.0,1,3.82,77.5,0,32.1,1,0,5.7,1.75,2.04,0,0,1,0,0,0,1,0,0,0,0
21.8,1,25000.0,1,4.88,83.9,2,32.7,0,1,6.8,1.36,1.49,0,0,0,0,0,0,0,1,0,0,0
17.7,1,27533.0,0,2.9,81.9,2,34.7,0,1,2.4,2.58,2.85,0,0,0,1,0,0,0,0,0,0,0
20.9,0,27432.0,1,3.17,83.4,2,26.8,0,0,6.6,2.3,2.35,0,0,1,0,0,1,0,0,0,0,0
19.7,0,57375.0,1,4.62,79.8,2,16.3,0,0,4.5,1.55,1.45,0,0,1,0,0,0,0,0,0,0,1
21.7,0,94837.0,1,4.08,82.9,5,40.5,1,0,6.0,3.45,3.92,0,0,0,1,0,1,0,0,1,0,0
19.2,0,32725.0,0,3.51,69.8,3,30.0,0,0,5.4,0.92,0.77,0,0,0,0,0,1,0,0,1,0,0
18.7,1,27060.0,1,3.31,78.8,2,22.6,1,0,4.0,3.74,3.75,0,0,0,0,0,0,0,0,0,0,0
17.0,0,25000.0,1,2.05,84.5,2,18.0,0,0,4.8,2.25,2.48,1,0,0,0,0,0,1,0,0,0,0
23.7,1,25000.0,1,3.97,76.4,2,41.1,0,1,3.9,2.61,2.99,0,0,0,1,0,0,1,0,0,0,0
20.1,1,25000.0,1,2.1,85.1,4,46.6,0,0,4.6,3.07,3.14,0,0,0,1,0,1,0,0,0,1,0
21.3,1,25000.0,1,3.6,98.5,1,36.9,0,0,3.9,4.0,4.0,0,0,1,0,1,0,0,0,1,0,0
21.0,0,25000.0,1,3.78,72.8,4,37.7,1,1,6.2,2.06,2.08,1,0,0,0,0,0,0,0,0,0,0
18.7,1,56800.0,1,5.86,67.3,2,44.1,1,0,4.0,3.07,2.57,0,0,0,1,1,0,0,0,0,0,0
18.2,0,38325.0,1,2.63,91.6,1,25.7,0,1,6.5,2.22,2.04,0,1,0,0,1,0,0,0,0,0,0
18.8,1,25566.0,1,4.62,98.7,1,55.6,1,1,10.0,1.47,1.11,0,0,0,0,0,0,0,0,0,0,0
19.4,1,57851.0,0,4.23,85.0,0,17.3,1,1,5.0,2.43,2.91,0,0,0,1,1,0,0,0,0,0,0
21.8,0,25000.0,1,2.63,82.1,3,27.1,1,1,2.7,0.69,0.19,0,0,1,0,0,0,1,0,0,0,0
19.2,0,25000.0,1,4.08,76.8,5,20.7,0,0,9.3,2.26,2.4,1,1,0,0,0,0,1,0,0,0,0
24.8,1,25000.0,1,2.28,86.3,0,30.8,1,0,6.1,1.64,1.28,0,0,0,0,0,1,0,0,1,0,0
23.3,1,47316.0,1,4.08,81.9,0,50.8,0,0,5.3,1.22,0.84,0,0,1,0,0,1,0,0,0,0,0
22.8,0,25000.0,1,3.72,88.8,2,27.1,0,0,4.8,2.34,2.18,0,1,0,0,0,0,0,0,0,0,1
20.7,1,30014.0,1,5.15,68.3,2,35.1,1,0,3.6,2.66,2.65,0,0,0,0,1,0,0,0,1,0,0
24.3,0,54260.0,1,3.07,84.6,2,5.0,1,0,4.9,1.61,1.08,0,0,1,0,0,0,0,0,0,0,0
20.5,1,67678.0,0,1.11,75.3,0,35.1,0,1,4.1,4.0,3.88,0,0,0,1,0,1,0,0,0,1,0
20.9,1,29217.0,1,3.25,89.6,1,42.0,0,1,4.1,4.0,3.96,0,1,0,0,0,0,0,0,0,0,0
21.4,1,37442.0,1,4.81,72.8,0,31.5,1,1,6.6,2.71,2.76,0,0,0,0,1,0,0,0,1,0,0
22.5,0,25000.0,0,4.19,87.0,2,17.2,0,0,7.2,3.71,3.79,0,0,1,0,0,1,0,0,0,1,0
22.4,0,81636.0,1,3.26,77.3,0,15.6,1,0,5.1,3.44,3.24,0,1,0,0,0,1,0,0,0,0,0
20.0,1,26912.0,1,5.57,78.5,3,23.3,1,0,6.4,2.37,2.59,0,0,0,0,0,0,0,1,0,1,0
19.8,0,31200.0,1,3.64,88.8,1,15.5,0,1,9.3,2.03,1.97,1,0,1,0,0,0,0,0,0,0,0
22.4,0,25000.0,1,5.02,75.6,5,48.9,1,0,4.0,2.75,2.83,0,1,0,0,0,0,0,0,0,0,0
22.6,0,61056.0,1,4.03,70.0,1,35.6,0,0,2.6,2.56,2.45,0,0,1,0,0,1,0,0,0,0,0
20.1,1,33515.0,1,4.87,82.6,1,47.3,1,1,7.0,3.36,3.5,0,1,0,0,0,0,0,1,1,0,0
17.5,1,46937.0,1,5.0,76.7,3,26.5,1,0,4.2,2.15,2.07,0,1,0,0,0,1,0,0,0,0,0
20.5,0,36768.0,1,5.74,71.0,1,20.8,1,0,4.6,1.92,1.55,0,0,0,1,0,1,0,0,1,0,0
22.4,1,26050.0,1,2.98,84.8,0,21.6,1,1,5.7,2.24,1.64,0,1,0,0,0,0,1,0,0,1,0
25.0,1,51932.0,1,4.74,84.3,0,24.5,0,1,7.7,2.67,1.91,0,0,1,0,0,0,0,1,0,0,0
18.4,0,36578.0,1,2.4,82.9,3,24.1,1,0,5.7,2.85,3.0,0,0,0,0,0,1,0,0,0,0,0
20.1,1,25000.0,1,4.73,86.1,1,44.7,0,0,1.7,2.36,2.16,0,1,0,0,0,0,0,1,0,0,0
20.1,1,25000.0,0,1.81,66.0,4,41.0,0,0,6.1,2.27,2.21,1,1,0,0,0,0,0,0,0,1,0
24.0,1,32510.0,1,6.5,75.9,0,33.3,0,0,5.9,3.25,3.32,0,0,1,0,0,0,0,1,0,0,0
20.9,0,51250.0,1,4.43,84.2,2,10.1,0,1,4.0,3.25,4.0,0,0,0,0,0,0,0,0,0,0,0
19.0,1,29740.5,1,4.0,90.3,1,33.5,0,0,5.5,4.0,3.76,0,0,0,0,0,0,0,1,0,0,0
22.2,0,29740.5,1,4.0,83.9,3,26.3,1,0,5.5,2.18,2.36,0,0,0,0,0,0,0,1,0,1,0
20.1,0,30194.0,1,5.32,91.3,3,46.9,1,1,1.4,4.0,3.56,0,0,1,0,0,0,0,0,1,0,0
18.3,0,29740.5,0,4.0,76.6,1,40.7,1,1,5.5,2.46,3.01,0,0,0,0,0,0,0,1,0,0,1
19.0,1,35504.0,1,3.7,77.1,1,31.7,0,0,3.1,2.47,3.03,0,0,1,0,0,0,0,0,0,1,0
24.8,1,54480.0,1,3.43,79.0,1,5.0,1,0,3.2,2.79,2.78,0,0,1,0,0,1,0,0,0,0,0
21.8,0,29740.5,1,4.0,66.3,2,28.4,0,0,5.5,1.78,1.67,1,0,1,0,0,0,1,0,0,0,0
21.2,1,25000.0,1,6.25,67.8,4,22.2,0,1,5.2,1.66,2.04,0,1,0,0,1,0,0,0,0,1,0
20.5,0,25000.0,1,3.87,81.8,3,34.9,0,0,6.1,2.87,3.12,1,0,0,1,1,0,0,0,0,1,0
21.6,1,29740.5,1,4.0,81.7,2,16.3,1,0,5.5,2.52,2.6,1,0,1,0,1,0,0,0,0,0,0
21.6,0,53869.0,1,5.24,77.1,2,33.1,0,0,2.7,3.07,3.43,0,0,0,1,0,0,0,0,0,0,0
21.6,1,32404.0,1,0.83,75.8,1,5.0,0,1,4.5,1.83,2.11,0,0,1,0,0,1,0,0,0,0,1
21.3,0,25000.0,1,3.89,84.2,0,13.4,1,0,5.1,4.0,4.0,0,0,0,1,1,0,0,0,1,0,0
22.9,1,25000.0,1,3.63,86.7,2,19.4,0,0,5.3,2.11,1.92,0,0,1,0,0,1,0,0,0,0,0
21.1,1,45022.0,1,4.2,83.2,0,23.4,0,0,6.4,1.18,1.22,0,0,1,0,1,0,0,0,0,0,0
18.8,0,25000.0,1,5.05,83.1,5,34.7,1,1,7.2,1.51,1.44,1,1,0,0,1,0,0,0,0,0,0
19.7,0,31913.0,1,5.27,81.7,1,10.1,0,0,6.2,2.31,1.7,0,0,1,0,0,0,1,0,0,0,0
17.0,0,56345.0,1,3.69,82.1,0,22.3,0,0,8.7,3.06,2.96,0,1,0,0,0,0,0,0,0,0,0
25.5,0,25000.0,1,3.81,87.4,1,22.6,1,0,6.3,1.98,2.1,0,0,1,0,0,0,0,0,0,0,0
22.9,0,25000.0,0,4.03,95.0,3,38.3,1,0,4.5,2.11,2.09,1,0,0,0,0,0,0,1,1,0,0
19.2,1,25000.0,1,4.98,93.9,1,27.7,0,1,7.8,3.46,3.83,0,0,0,1,0,0,1,0,0,1,0
20.4,1,36800.0,1,5.49,73.3,3,18.4,0,0,3.3,3.38,3.07,0,0,0,1,0,0,0,1,0,0,0
19.6,0,47275.0,1,2.17,65.1,1,17.1,0,0,6.5,0.37,0.56,1,0,1,0,0,0,0,1,1,0,0
24.4,1,25000.0,1,4.49,86.2,1,23.4,0,0,5.2,2.04,1.95,0,1,0,0,0,0,1,0,0,1,0
17.9,0,29634.0,1,3.74,82.2,4,10.2,1,0,4.0,4.0,3.67,0,0,0,0,0,0,0,1,0,0,0
21.3,1,50091.0,1,6.66,81.5,1,49.5,1,1,5.9,3.81,3.99,0,1,0,0,0,0,1,0,0,1,0
20.8,1,25000.0,1,2.57,85.0,3,29.9,0,0,5.0,3.64,3.35,0,0,1,0,0,0,1,0,0,1,0
22.8,1,28606.0,0,2.49,80.0,0,19.0,0,0,2.2,1.47,0.94,0,1,0,0,1,0,0,0,0,1,0
20.8,0,25000.0,1,3.23,69.0,4,17.3,1,0,5.8,0.18,0.5,0,0,0,0,0,0,1,0,0,0,1
17.1,0,25000.0,1,4.77,72.9,2,15.5,1,0,3.6,2.53,2.73,0,0,1,0,0,0,1,0,0,0,0
20.4,1,25000.0,1,4.79,73.4,2,34.5,0,0,5.7,0.0,0.0,1,0,0,0,0,0,0,0,0,0,0
18.9,1,68572.0,1,3.29,87.3,1,10.2,0,0,5.3,1.42,1.46,0,0,0,1,0,1,0,0,0,0,1
21.2,0,25000.0,1,5.32,97.1,0,27.9,0,0,6.3,1.96,1.8,0,1,0,0,0,0,0,1,0,1,0
24.2,1,25000.0,0,3.43,78.2,6,36.9,1,0,1.4,3.34,3.98,0,1,0,0,0,0,0,1,1,0,0
17.2,0,29740.5,1,4.0,100.0,2,23.0,0,0,5.5,3.78,4.0,0,1,0,0,0,0,0,1,0,0,0
19.2,0,25000.0,1,2.19,66.8,1,17.9,1,1,5.7,0.0,0.01,1,0,0,1,0,1,0,0,0,0,0
19.8,0,25000.0,1,2.75,77.9,0,40.1,0,1,10.0,1.87,2.08,0,0,1,0,0,0,1,0,0,0,0
20.2,0,73585.0,1,3.46,83.5,1,16.4,0,0,5.7,2.39,2.1,0,0,0,0,0,1,0,0,0,0,0
22.6,1,88009.0,1,3.92,61.6,3,26.7,0,0,4.7,3.74,4.0,0,1,0,0,0,0,0,0,1,0,0
20.6,0,25000.0,1,2.91,94.2,0,31.4,1,1,7.1,1.26,1.46,1,1,0,0,0,0,0,1,0,0,0
21.9,0,56411.0,1,2.89,76.5,4,22.8,0,0,4.4,1.58,1.88,0,0,0,0,0,0,0,0,1,0,0
19.6,0,36814.0,0,4.59,82.3,2,15.6,0,0,6.3,2.11,2.43,0,0,1,0,0,0,1,0,0,0,0
21.5,1,25000.0,0,5.06,85.6,2,23.3,0,1,5.6,3.6,3.59,0,0,0,1,0,0,0,1,0,1,0
22.7,0,25000.0,1,2.99,69.3,6,34.1,0,1,7.4,1.59,1.52,0,0,1,0,0,0,1,0,1,0,0
19.4,0,75407.0,1,2.26,100.0,1,21.3,1,1,6.7,0.64,0.2,0,0,0,1,0,1,0,0,1,0,0
22.7,0,25000.0,1,4.13,83.1,2,35.5,0,0,4.6,3.6,3.68,0,0,1,0,1,0,0,0,0,0,0
21.1,1,116845.0,0,4.6,79.3,3,26.9,0,0,2.8,1.97,2.07,0,0,0,0,0,1,0,0,1,0,0
23.3,1,25000.0,1,2.64,73.1,1,22.7,1,1,3.6,2.09,2.1,0,0,0,0,0,0,0,1,0,0,0
20.6,0,76764.0,1,6.18,83.6,2,21.3,0,0,6.0,2.54,2.4,0,0,0,1,0,0,0,0,1,0,0
21.8,1,25000.0,1,2.86,69.4,4,32.8,0,0,5.4,1.12,0.94,1,1,0,0,0,0,0,1,0,0,0
20.9,1,48047.0,1,3.66,83.1,1,43.5,0,0,5.5,2.24,2.26,0,0,1,0,1,0,0,0,1,0,0
20.8,0,68667.0,1,3.68,93.2,2,31.5,1,0,6.0,3.47,3.37,0,0,0,1,0,0,0,0,0,0,0
21.6,1,68458.0,1,2.94,91.3,0,18.4,1,1,4.0,4.0,3.55,0,0,1,0,0,1,0,0,0,1,0
22.2,1,25000.0,1,6.36,77.6,1,43.1,0,0,5.3,4.0,3.77,0,0,1,0,0,0,1,0,1,0,0
18.3,1,25000.0,1,2.79,79.8,3,19.4,0,0,5.5,2.33,2.52,0,0,1,0,0,0,0,1,0,1,0
24.2,1,28319.0,1,6.26,86.3,0,50.7,1,0,2.9,3.79,4.0,0,0,1,0,0,1,0,0,0,0,0
17.0,1,25000.0,1,3.61,91.5,3,28.1,0,1,4.4,3.4,3.12,0,0,0,1,1,0,0,0,0,1,0
19.5,1,34323.0,1,3.61,94.3,1,19.5,1,1,6.2,1.94,1.71,1,0,0,0,0,0,1,0,0,1,0
20.8,1,25000.0,1,3.16,95.0,1,36.7,0,0,6.8,1.52,1.91,0,0,0,0,0,1,0,0,0,0,0
21.9,0,56933.0,1,4.89,74.5,0,26.3,1,1,4.0,3.95,3.64,0,0,0,0,0,0,1,0,0,0,0
24.5,0,25000.0,1,6.58,88.0,4,35.3,0,0,6.4,4.0,4.0,0,0,1,0,0,0,1,0,1,0,0
17.0,1,25000.0,1,3.27,70.9,0,31.1,1,1,4.4,2.07,2.23,0,0,1,0,0,0,1,0,0,0,0
19.9,1,68909.0,1,3.61,78.3,0,13.4,0,0,3.9,2.66,3.1,0,0,0,0,0,0,0,0,0,0,0
17.0,1,33191.0,1,5.9,72.6,1,29.2,0,1,8.9,2.54,2.64,0,1,0,0,0,0,0,1,0,0,0
21.1,0,30257.0,1,2.55,72.8,1,36.0,1,0,4.8,0.92,0.54,1,0,0,1,0,0,0,0,0,1,0
21.6,0,57333.0,1,2.98,83.9,3,31.4,1,1,2.8,3.53,3.58,0,0,0,0,0,0,0,0,1,0,0
24.5,1,50159.0,1,5.78,76.5,2,45.1,1,1,4.7,3.61,3.44,0,0,0,0,0,0,0,0,0,0,0
21.3,1,25000.0,0,4.55,84.3,2,33.7,0,0,5.0,4.0,3.6,0,0,0,0,0,0,0,1,0,1,0
23.3,0,25000.0,1,2.88,72.3,0,27.1,0,1,7.1,1.2,1.33,0,0,1,0,0,0,0,1,0,0,0
22.3,0,25000.0,1,4.81,85.9,4,32.5,0,1,4.9,2.85,2.91,0,1,0,0,0,0,0,1,1,0,0
20.0,1,25000.0,1,2.0,78.6,0,24.1,1,1,6.2,2.32,2.32,0,0,0,1,1,0,0,0,1,0,0
17.9,0,42073.0,1,5.41,79.7,2,34.3,1,1,7.4,0.09,0.0,1,0,0,0,1,0,0,0,0,0,0
21.6,0,37621.0,0,1.44,71.6,2,34.3,0,0,4.4,3.23,3.28,0,0,0,0,0,0,1,0,0,1,0
17.7,0,46934.0,1,2.67,90.2,1,15.1,0,0,6.0,3.12,3.23,0,1,0,0,0,1,0,0,0,1,0
23.8,1,29740.5,1,4.0,68.1,2,39.3,0,0,5.5,3.51,3.17,0,0,0,0,0,0,0,1,0,0,1
20.6,0,47320.0,1,2.36,86.3,0,56.8,0,0,5.9,2.18,2.61,0,0,0,0,0,0,1,0,0,0,0
23.6,1,49915.0,1,4.01,71.8,1,36.6,0,1,5.7,1.31,1.35,0,0,1,0,0,0,1,0,0,0,1
19.9,0,25000.0,1,4.74,87.4,2,5.6,1,0,5.8,2.54,2.28,0,0,0,1,0,0,0,1,0,0,0
21.6,0,25000.0,0,3.04,82.3,2,24.9,0,1,5.0,1.89,1.74,1,0,0,1,0,0,0,1,1,0,0
21.5,1,53037.0,1,3.85,78.0,3,14.6,0,0,5.5,0.5,0.0,1,0,0,0,0,0,1,0,0,1,0
20.9,0,25000.0,1,5.09,93.0,3,26.5,0,1,5.0,1.39,1.35,0,0,0,1,0,1,0,0,0,1,0
20.0,1,31414.0,1,4.58,85.3,1,38.2,0,0,9.7,1.65,2.03,1,0,0,1,0,0,0,0,0,0,0
21.9,1,40606.0,0,5.97,85.6,3,21.4,0,0,6.6,4.0,4.0,0,0,1,0,0,0,1,0,1,0,0
19.0,1,38782.0,1,2.91,66.3,5,52.6,0,0,5.5,2.8,3.35,0,0,0,1,0,0,0,1,0,1,0
18.3,0,37096.0,1,2.71,90.6,2,5.0,1,0,4.9,2.6,2.65,0,0,1,0,1,0,0,0,0,0,0
23.7,1,42589.0,0,5.71,85.6,3,27.0,0,0,7.3,0.0,0.0,1,0,0,0,0,0,1,0,1,0,0
22.6,0,33138.0,1,4.49,91.9,2,34.6,0,1,4.0,3.76,3.77,0,1,0,0,1,0,0,0,0,0,0
21.1,1,25000.0,1,3.67,77.3,4,15.4,0,0,3.2,2.43,2.56,0,0,0,1,0,0,0,1,0,0,0
24.7,1,40303.0,1,3.24,76.3,0,16.9,1,0,3.1,3.93,4.0,0,0,0,0,0,0,0,1,0,0,0
20.4,1,35272.0,1,5.06,94.9,2,39.1,0,0,7.8,1.05,1.24,1,0,0,0,0,1,0,0,0,1,0
23.9,0,25000.0,1,3.5,89.7,4,53.1,1,0,7.7,2.65,2.42,1,1,0,0,0,0,1,0,0,1,0
21.4,1,68039.0,1,5.01,70.6,2,54.6,1,0,5.8,2.98,2.68,0,1,0,0,0,1,0,0,0,1,0
18.7,1,40958.0,1,5.65,82.1,0,25.8,0,0,4.5,4.0,3.86,0,0,0,1,0,0,0,0,0,0,0
25.1,1,25000.0,1,4.14,90.2,1,46.2,0,0,4.5,2.74,2.47,0,0,0,1,0,0,0,0,0,1,0
23.2,1,25000.0,1,2.24,83.4,1,29.2,1,1,9.2,0.0,0.15,0,0,0,1,0,0,0,1,0,0,0
20.7,0,25000.0,0,4.74,77.6,3,41.0,0,0,5.3,1.73,1.89,0,1,0,0,0,0,0,0,0,0,0
22.6,0,25000.0,1,5.44,76.6,1,27.5,0,1,6.1,1.41,1.26,0,1,0,0,0,0,0,1,0,0,0
20.1,1,35448.0,1,5.56,82.5,0,16.4,0,0,4.7,3.08,2.72,0,0,0,1,0,1,0,0,0,0,1
22.8,1,25000.0,0,4.21,90.2,0,49.2,1,1,5.7,2.2,2.72,0,1,0,0,0,0,0,1,0,1,0
17.0,0,58506.0,1,1.77,74.0,2,52.4,1,0,6.2,2.15,2.82,1,1,0,0,0,0,0,0,1,0,0
18.8,1,55686.0,0,3.41,64.9,3,25.0,1,0,8.8,0.0,0.86,1,0,0,0,0,0,1,0,0,0,0
23.2,0,43113.0,1,3.35,78.8,1,41.2,1,0,5.3,2.4,2.15,0,0,1,0,1,0,0,0,0,0,0
20.5,1,30532.0,1,5.11,85.6,0,28.3,0,1,6.4,3.06,3.67,0,0,0,0,0,1,0,0,0,0,0
21.5,1,52181.0,1,4.54,87.4,1,56.2,0,0,4.9,3.11,3.08,0,0,0,0,1,0,0,0,0,0,0
18.0,0,25196.0,0,5.17,73.9,0,12.1,1,0,5.8,0.42,0.42,1,0,0,0,0,0,0,1,0,1,0
25.1,0,25000.0,1,3.12,84.2,1,27.9,1,0,6.1,1.59,1.76,0,0,1,0,0,1,0,0,1,0,0
23.6,1,60722.0,1,4.28,76.9,1,12.6,0,0,5.1,4.0,3.93,0,1,0,0,0,0,0,1,0,0,0
20.6,1,35973.0,1,1.02,87.9,2,11.0,0,1,5.9,2.39,2.19,0,0,0,0,0,1,0,0,1,0,0
20.1,1,25000.0,0,3.47,80.9,0,28.6,0,0,4.2,1.98,2.24,0,1,0,0,0,1,0,0,1,0,0
23.3,0,25000.0,1,2.07,88.7,2,24.6,0,0,6.4,2.62,2.45,1,1,0,0,0,0,0,0,1,0,0
25.4,0,25000.0,1,6.26,82.5,4,17.9,1,1,5.6,3.16,3.45,0,0,1,0,0,0,0,0,1,0,0
23.1,1,100038.0,1,4.61,86.0,1,40.0,0,0,4.5,3.38,3.43,0,0,1,0,0,0,0,1,0,0,0
25.8,1,29806.0,1,4.55,78.5,1,45.6,1,0,5.3,0.77,0.85,0,1,0,0,0,0,0,0,0,0,0
19.0,1,32685.0,1,2.41,76.3,1,36.2,0,1,7.9,1.15,1.33,1,1,0,0,0,0,0,0,1,0,0
19.2,1,45832.0,1,3.83,79.7,3,7.5,1,0,5.3,1.99,1.52,1,1,0,0,1,0,0,0,1,0,0
18.4,1,25000.0,1,4.86,86.9,3,34.1,0,1,6.3,1.13,0.74,0,0,0,0,1,0,0,0,1,0,0
22.0,0,57407.0,1,2.87,100.0,1,34.0,0,0,6.3,4.0,3.76,0,0,0,1,0,1,0,0,0,0,0
21.4,1,25000.0,1,3.41,92.1,2,19.9,0,0,6.5,3.24,3.02,1,0,1,0,0,1,0,0,0,1,0
20.7,1,89144.0,1,5.44,94.2,3,34.2,1,1,3.5,4.0,3.13,0,0,0,1,0,1,0,0,1,0,0
22.8,0,25000.0,1,2.61,81.2,2,23.9,0,0,3.6,2.51,2.55,0,0,1,0,1,0,0,0,1,0,0
23.7,1,55414.0,1,3.44,77.7,0,20.2,1,0,4.2,2.12,2.0,0,1,0,0,0,0,0,1,0,1,0
17.6,1,25000.0,1,2.94,64.4,1,15.8,0,0,6.6,0.85,1.2,0,0,1,0,1,0,0,0,1,0,0
19.7,1,25000.0,1,4.44,77.2,3,40.0,0,0,6.0,1.51,1.59,0,1,0,0,0,1,0,0,0,0,0
22.8,1,25000.0,1,5.01,71.0,2,45.5,1,1,5.9,0.54,0.86,1,0,1,0,0,0,1,0,0,0,0
20.0,0,25000.0,1,6.09,88.1,3,28.3,1,1,5.3,3.5,3.81,0,0,0,0,1,0,0,0,0,1,0
19.2,0,42639.0,1,4.51,80.4,0,41.8,1,0,3.1,4.0,4.0,0,0,0,0,0,1,0,0,0,0,0
23.2,1,35874.0,1,5.62,71.4,1,48.3,0,1,4.4,2.89,3.39,0,0,0,0,0,0,0,0,0,0,0
18.2,1,25000.0,0,4.48,86.4,3,31.6,0,1,5.9,2.13,2.32,1,1,0,0,1,0,0,0,1,0,0
20.3,1,29449.0,1,2.22,84.5,2,29.1,1,1,5.2,2.48,2.02,0,0,1,0,0,1,0,0,1,0,0
21.7,0,48237.0,1,4.05,72.9,1,35.6,0,1,5.8,1.5,1.47,0,0,1,0,1,0,0,0,0,0,0
19.7,0,25000.0,1,4.07,94.1,2,19.9,1,1,2.7,3.25,3.58,0,0,0,1,0,1,0,0,1,0,0
22.7,1,25000.0,1,5.39,76.0,3,36.6,1,1,5.5,2.49,2.6,0,0,1,0,0,0,0,1,0,1,0
19.7,1,25000.0,1,3.88,86.8,1,31.8,1,1,1.7,1.96,1.79,1,0,0,0,0,0,0,1,0,0,0
24.1,1,30159.0,1,3.52,81.0,0,14.3,1,1,3.2,1.96,2.13,0,0,0,0,0,0,0,0,0,0,0
20.7,0,28705.0,1,2.89,95.2,5,14.5,0,1,3.8,1.54,1.08,0,0,1,0,0,1,0,0,1,0,0
22.5,0,50695.0,1,3.66,89.4,0,18.2,0,1,2.2,4.0,3.81,0,0,0,0,0,0,0,1,0,0,0
22.6,0,39590.0,1,3.88,73.2,0,36.2,1,0,4.1,2.11,2.1,0,0,0,1,0,0,0,1,1,0,0
19.6,1,45161.0,1,4.78,96.6,5,26.0,1,0,6.0,0.92,0.66,1,0,1,0,0,1,0,0,0,0,0
17.0,0,25000.0,1,2.94,71.9,4,29.7,1,0,7.6,0.49,0.39,1,0,1,0,0,0,0,1,0,0,0
21.8,0,32432.0,1,7.04,73.5,2,46.4,1,0,4.5,4.0,3.84,0,0,0,0,0,0,0,0,1,0,0
21.2,0,25000.0,1,2.82,95.0,1,35.3,1,0,4.3,2.93,2.91,0,0,0,0,0,1,0,0,0,0,0
22.2,1,71485.0,1,2.34,81.8,5,22.3,1,0,5.3,1.12,0.83,1,1,0,0,0,0,1,0,1,0,0
20.5,0,33012.0,0,4.66,84.5,3,18.2,1,0,5.0,3.46,3.74,0,0,0,0,0,0,0,1,0,0,0
20.1,1,25000.0,1,2.34,85.4,2,33.7,0,0,3.7,1.72,1.7,0,1,0,0,0,0,0,1,1,0,0
25.4,0,49588.0,1,4.03,73.4,3,18.3,1,1,6.5,2.14,2.04,0,1,0,0,1,0,0,0,0,1,0
17.8,1,41688.0,1,3.1,97.0,0,45.0,0,0,5.0,2.27,2.51,0,0,0,1,0,0,0,1,1,0,0
22.6,0,25000.0,1,4.85,99.6,4,32.9,1,0,4.3,2.47,2.73,0,0,0,0,0,1,0,0,1,0,0
19.7,0,25000.0,1,4.2,67.1,2,31.6,0,0,4.5,2.31,1.81,0,0,1,0,0,1,0,0,0,0,0
20.3,1,25000.0,1,5.48,78.4,1,18.5,0,0,9.7,0.0,0.0,1,0,0,0,0,0,0,1,0,0,0
20.3,0,62098.0,1,4.55,87.4,2,37.4,0,0,6.9,2.8,3.39,0,1,0,0,0,0,1,0,0,0,0
19.2,1,33589.0,1,4.06,81.1,1,43.5,1,1,4.9,0.96,0.87,1,0,0,1,0,0,0,0,1,0,0
22.3,1,45985.0,1,4.27,77.7,5,28.4,1,0,1.1,2.26,2.62,0,0,0,1,0,1,0,0,1,0,0
24.1,1,25000.0,1,2.74,86.5,2,41.1,0,0,2.4,2.67,3.28,0,0,0,0,0,0,1,0,0,0,0
22.0,1,36347.0,1,3.09,87.3,4,25.1,0,0,5.7,2.43,2.03,0,1,0,0,0,1,0,0,0,0,0
21.2,0,64992.0,1,4.29,95.5,1,29.3,1,1,5.0,2.54,2.8,0,0,0,0,0,1,0,0,0,0,1
18.8,1,25000.0,1,4.77,68.1,0,55.0,0,0,3.4,2.91,3.11,0,0,1,0,0,0,0,0,0,0,0
22.1,0,31860.0,1,3.58,73.9,1,25.5,0,0,5.3,2.71,3.1,0,0,1,0,0,1,0,0,1,0,0
25.7,0,25000.0,1,3.72,76.0,2,36.5,0,0,4.2,1.87,2.08,0,1,0,0,0,0,0,0,0,1,0
20.2,0,25000.0,1,3.49,100.0,0,25.3,1,0,4.3,1.88,1.81,0,0,1,0,0,0,0,1,0,0,0
20.2,0,25000.0,1,4.49,94.1,2,33.4,1,0,5.2,2.37,1.93,0,0,1,0,0,0,0,1,0,0,0
19.8,1,25000.0,1,4.01,84.2,2,38.4,0,0,3.7,1.43,1.29,1,0,0,1,0,0,1,0,0,0,0
19.9,0,65722.0,1,4.8,81.3,0,19.2,0,0,3.0,3.72,3.96,0,1,0,0,0,0,0,1,0,0,0
17.0,1,25000.0,1,3.2,85.5,1,21.5,1,0,3.1,3.09,2.9,0,0,0,1,0,0,0,1,0,0,0
21.9,0,47671.0,1,3.93,91.4,3,36.8,0,1,4.8,3.31,3.75,0,1,0,0,0,0,0,1,0,0,0
19.1,0,33260.0,1,5.96,80.0,1,31.9,0,0,2.7,2.43,2.44,1,0,0,0,0,0,1,0,0,0,0
17.5,0,30288.0,1,6.65,84.2,4,44.1,1,0,9.4,1.91,2.15,1,0,1,0,1,0,0,0,0,0,0
22.7,1,72526.0,1,3.69,79.3,4,33.2,0,0,7.2,0.97,0.95,1,0,0,0,1,0,0,0,0,0,0
18.6,0,25000.0,1,5.71,70.8,2,52.3,1,1,6.8,2.63,2.91,0,0,0,0,0,0,1,0,1,0,0
20.3,0,26431.0,1,5.65,67.7,2,38.4,0,0,3.9,2.34,2.08,1,0,0,1,0,0,0,0,1,0,0
24.2,0,25000.0,1,5.07,76.5,2,52.5,1,0,4.0,2.14,2.37,0,0,1,0,0,0,1,0,0,1,0
17.9,1,25000.0,0,1.69,79.0,1,50.3,0,0,3.0,1.36,1.2,1,1,0,0,0,0,0,1,1,0,0
17.6,0,25000.0,1,2.15,85.5,2,22.3,1,1,8.8,0.81,1.01,0,0,0,1,0,0,0,0,1,0,0
21.6,1,30042.0,1,3.34,84.1,2,47.8,0,1,7.9,0.93,0.86,1,1,0,0,0,0,1,0,0,0,1
23.5,0,25000.0,1,3.35,70.9,4,41.3,0,0,6.7,1.02,0.78,1,1,0,0,0,0,1,0,1,0,0
17.5,0,50918.0,1,2.81,82.1,2,40.4,0,0,5.3,4.0,4.0,0,0,1,0,0,0,0,0,1,0,0
21.9,1,26152.0,0,4.72,77.6,2,44.2,0,1,4.8,2.99,2.62,0,0,1,0,0,0,0,0,0,0,0
22.3,1,25000.0,1,4.8,80.0,3,26.3,1,0,6.4,1.79,1.92,0,0,0,0,0,0,1,0,0,0,0
17.0,0,25000.0,1,6.33,82.6,1,33.9,0,0,8.4,1.48,1.8,0,0,0,1,0,0,0,0,0,1,0
22.8,1,28026.0,1,3.21,92.2,0,25.0,1,1,6.7,0.78,0.13,1,0,0,1,0,0,1,0,1,0,0
22.9,1,25000.0,1,3.15,78.3,2,57.7,0,0,3.5,2.54,2.96,0,0,0,1,0,0,1,0,0,0,0
20.3,0,25000.0,1,4.24,95.4,0,21.0,0,0,4.1,2.49,2.49,0,0,1,0,1,0,0,0,0,0,0
23.8,0,53826.0,1,2.33,71.6,0,14.7,0,0,6.3,1.1,1.04,0,0,1,0,0,0,0,1,0,1,0
23.5,0,25000.0,1,6.43,75.0,2,20.2,1,1,3.9,2.59,2.94,0,1,0,0,0,0,0,0,0,1,0
21.2,1,25000.0,1,3.54,81.2,0,29.3,1,0,4.7,2.88,2.73,0,0,0,1,0,0,0,0,0,0,0
20.0,1,38470.0,1,3.9,72.6,4,29.3,1,0,8.2,0.33,0.21,0,1,0,0,0,0,0,0,0,1,0
18.9,0,35999.0,1,4.18,71.4,1,40.7,0,0,4.9,0.92,1.41,0,0,0,1,0,1,0,0,0,0,0
20.9,0,25000.0,0,3.81,82.6,1,30.4,1,0,2.7,3.03,2.88,0,0,0,1,0,0,1,0,0,0,0
22.3,0,46770.0,1,3.64,71.4,2,24.1,1,1,10.0,0.75,0.86,1,0,0,0,0,1,0,0,0,0,0
20.3,0,41052.0,1,7.06,74.3,3,35.8,0,0,7.5,1.67,1.31,0,0,0,0,0,0,0,0,1,0,0
17.0,1,33083.0,1,4.11,81.3,3,44.0,0,1,5.4,3.53,3.49,0,1,0,0,1,0,0,0,1,0,0
23.8,1,25000.0,1,4.63,95.6,2,32.5,1,0,5.5,3.01,3.09,0,0,0,0,0,0,0,1,0,1,0
21.4,0,25000.0,1,3.36,80.5,0,40.4,0,1,1.7,3.36,3.07,0,0,0,1,1,0,0,0,0,0,0
20.2,0,26342.0,1,4.8,83.0,2,31.0,1,0,4.8,2.61,2.4,0,0,1,0,0,0,1,0,0,1,0
22.9,0,25000.0,1,4.04,72.8,2,26.9,1,0,4.2,3.01,2.75,0,0,0,0,0,1,0,0,0,1,0
24.4,0,29040.0,1,4.32,73.6,0,38.4,0,1,5.7,1.29,1.52,0,0,1,0,0,1,0,0,0,1,0
17.0,0,50780.0,0,4.62,63.7,3,32.7,0,0,8.4,0.05,0.0,1,0,0,0,0,1,0,0,0,0,0
22.0,0,50303.0,1,5.15,74.1,3,42.1,0,0,6.3,2.4,1.77,0,0,1,0,0,1,0,0,1,0,0
17.9,1,25000.0,1,4.91,88.1,2,48.5,0,0,9.2,2.62,2.5,1,0,1,0,0,0,0,1,1,0,0
22.1,0,56300.0,1,3.97,77.4,3,28.6,0,1,3.0,3.16,3.07,0,0,0,0,0,0,1,0,0,0,0
21.3,0,93297.0,1,4.01,83.2,2,37.8,1,1,2.7,2.92,2.66,0,0,1,0,1,0,0,0,0,1,0
22.4,1,25000.0,1,2.55,83.8,2,42.8,0,0,7.7,1.68,1.59,0,1,0,0,0,0,0,1,0,1,0
19.9,0,45022.0,1,3.77,87.9,1,34.9,0,0,5.7,1.97,2.42,0,0,0,0,0,0,0,1,1,0,0
17.0,1,25000.0,1,4.14,95.3,3,36.1,1,1,6.3,2.61,2.84,0,1,0,0,0,0,0,0,1,0,0
20.0,0,25000.0,0,5.19,86.9,2,31.7,1,0,5.5,2.1,2.33,0,1,0,0,0,0,0,0,1,0,0
21.9,1,31403.0,0,0.92,80.1,3,33.1,1,1,5.9,1.87,1.55,1,0,0,1,0,1,0,0,0,0,0
23.2,0,25000.0,0,4.4,88.4,1,36.3,0,0,6.7,2.26,2.46,0,0,0,0,1,0,0,0,0,1,0
18.4,0,101065.0,1,3.0,84.4,3,22.7,0,0,6.0,2.79,3.22,0,0,0,1,0,1,0,0,0,1,0
23.3,0,42562.0,1,5.01,64.1,1,9.6,0,0,4.5,1.56,1.64,0,0,0,0,0,0,0,1,0,0,0
19.6,0,53077.0,0,5.73,72.4,0,28.9,0,1,9.7,0.94,1.14,0,1,0,0,0,0,0,0,0,0,0
21.8,0,29219.0,1,3.94,80.2,1,28.0,0,0,5.7,2.71,2.64,0,0,0,1,1,0,0,0,1,0,0
19.9,1,25000.0,1,5.87,77.3,2,49.4,0,1,5.1,4.0,3.99,0,0,0,1,0,0,0,1,1,0,0
21.4,1,25000.0,1,5.13,81.0,2,33.6,0,0,4.9,1.25,1.33,1,0,1,0,0,0,1,0,0,0,0
23.0,0,34635.0,1,4.18,62.6,1,36.7,0,0,6.1,0.0,0.13,1,0,1,0,0,0,0,1,1,0,0
18.3,1,25000.0,1,1.92,88.7,3,25.1,0,0,5.1,2.27,1.91,0,0,1,0,0,0,0,0,1,0,0
19.5,1,44476.0,1,4.5,81.6,2,22.8,1,0,1.8,3.88,4.0,0,0,0,0,0,1,0,0,0,0,0
21.4,1,45563.0,1,2.92,91.7,3,20.0,1,1,5.0,3.67,3.59,0,0,0,1,0,0,0,1,0,1,0
26.3,1,29822.0,1,0.5,82.2,3,14.9,0,0,3.6,0.28,0.4,1,0,0,1,0,0,0,0,0,0,0
19.1,0,25000.0,1,2.57,83.6,1,38.7,1,0,6.0,1.35,1.28,1,0,1,0,1,0,0,0,0,0,0
25.5,0,83189.0,1,5.75,73.7,3,33.7,1,0,5.4,0.57,0.49,0,0,0,1,0,0,0,1,1,0,0
25.4,1,26171.0,1,4.17,72.4,2,47.7,0,1,4.3,2.22,1.68,0,0,1,0,0,1,0,0,1,0,0
20.8,0,151080.0,1,5.6,83.1,2,36.6,0,1,7.2,2.55,2.32,0,0,0,1,0,1,0,0,0,0,0
20.3,1,43981.0,1,6.05,82.0,2,32.9,1,1,5.4,2.51,2.51,0,0,0,0,0,0,0,0,0,0,0
19.5,0,26213.0,1,4.36,68.9,2,6.2,0,1,4.8,0.36,0.84,1,0,1,0,0,1,0,0,0,1,0
20.8,1,38898.0,1,3.25,89.5,1,52.9,0,1,4.8,1.95,2.31,0,0,1,0,0,0,1,0,1,0,0
17.9,0,25000.0,1,2.63,82.4,4,30.5,0,1,4.8,2.23,2.47,0,0,0,0,0,0,1,0,0,1,0
20.8,1,55033.0,1,3.92,78.0,2,5.0,0,0,6.4,0.0,0.19,1,0,1,0,0,0,1,0,1,0,0
24.3,1,138713.0,1,2.84,75.0,1,32.7,0,1,4.1,3.84,3.97,0,0,1,0,0,1,0,0,1,0,0
19.7,0,25000.0,1,2.53,88.1,2,20.3,1,0,5.6,2.81,2.12,1,0,0,1,0,0,0,1,1,0,0
20.5,1,25023.0,0,3.16,76.4,1,19.8,1,1,4.6,3.75,3.9,0,0,0,0,1,0,0,0,0,0,0
17.3,0,27912.0,1,3.65,83.9,1,33.2,1,0,4.3,3.49,3.73,0,0,0,1,0,0,0,1,0,0,0
21.8,0,50269.0,1,3.69,80.7,2,23.0,1,1,6.4,2.55,2.08,1,0,0,1,1,0,0,0,0,0,1
21.6,1,105197.0,0,3.88,77.8,2,42.3,0,1,3.8,3.08,3.05,1,0,0,1,0,0,1,0,0,1,0
21.1,0,29740.5,1,4.0,71.6,1,28.6,0,0,5.5,3.92,3.96,0,1,0,0,0,1,0,0,0,0,1
20.5,1,29740.5,1,4.0,92.4,1,34.8,0,0,5.5,0.2,0.17,0,1,0,0,1,0,0,0,0,1,0
20.4,0,32934.0,1,4.98,74.0,2,36.8,1,0,7.9,1.84,2.98,0,1,0,0,0,0,1,0,1,0,0
22.1,0,38982.0,1,4.93,75.1,3,33.0,1,1,2.3,3.1,2.74,0,0,0,1,0,1,0,0,1,0,0
20.9,1,36205.0,1,5.3,92.7,0,32.6,1,0,7.3,2.63,2.78,0,0,1,0,0,0,1,0,1,0,0
21.7,0,61832.0,1,3.85,81.2,4,31.7,0,0,5.0,1.76,1.46,0,0,0,1,0,1,0,0,1,0,0
21.5,1,25000.0,1,2.39,84.6,2,47.9,0,0,2.3,3.25,3.54,0,0,1,0,0,0,1,0,0,1,0
23.5,0,48580.0,1,3.69,94.1,0,40.1,0,0,4.3,4.0,4.0,0,0,0,1,0,0,1,0,1,0,0
22.5,1,25000.0,1,2.74,93.9,3,21.7,0,0,6.4,1.95,2.1,0,0,0,0,1,0,0,0,1,0,0
21.4,1,25067.0,1,5.04,77.6,1,16.7,0,0,5.3,1.57,2.08,0,0,0,0,0,0,0,1,0,0,0
24.3,0,25000.0,1,2.08,91.2,3,20.5,0,0,7.9,3.18,2.8,0,0,0,1,1,0,0,0,0,0,0
21.9,1,31344.0,1,4.44,69.2,1,35.1,1,0,4.9,2.95,3.07,0,0,0,1,1,0,0,0,0,1,0
23.9,0,29740.5,1,4.0,52.900000000000006,0,16.7,0,0,5.5,0.0,0.02,1,0,1,0,1,0,0,0,0,0,0
22.3,0,58646.0,1,4.95,82.4,0,22.2,0,0,5.2,1.26,1.2,0,0,1,0,0,1,0,0,0,0,0
17.0,0,25000.0,1,4.35,81.3,0,13.9,0,0,3.7,2.08,2.0,0,0,0,1,1,0,0,0,1,0,0
23.9,0,25000.0,1,3.94,87.2,2,41.2,0,1,5.4,2.11,2.38,0,0,1,0,0,0,0,0,1,0,0
21.3,1,25000.0,0,2.58,86.3,1,38.0,0,0,5.1,2.66,2.95,0,0,1,0,0,0,1,0,1,0,0
20.9,1,53987.0,1,6.22,87.5,3,40.5,1,0,5.7,3.78,3.46,0,0,1,0,1,0,0,0,0,0,0
21.6,0,25000.0,1,3.93,94.8,3,24.3,0,0,5.6,0.51,0.78,1,0,0,0,0,1,0,0,0,0,0
20.2,0,37749.0,1,3.54,97.7,2,8.9,1,0,5.5,3.32,3.16,0,0,1,0,0,1,0,0,0,0,0
21.5,1,25000.0,1,4.15,89.0,2,20.0,0,0,5.7,2.78,2.82,0,0,0,1,0,0,0,1,0,0,0
19.7,1,48754.0,0,5.47,81.8,4,13.8,1,0,7.5,1.6,2.27,0,0,0,1,0,0,0,0,0,0,0
23.8,0,25888.0,1,3.67,80.4,1,13.7,0,0,3.7,2.75,3.06,0,0,0,0,0,1,0,0,0,0,0
20.8,0,156156.0,0,5.5,81.9,1,43.6,1,1,4.2,2.77,2.75,0,1,0,0,0,0,0,1,0,0,0
20.2,0,92862.0,1,4.27,77.4,3,27.0,1,1,8.1,2.24,2.33,0,0,1,0,0,0,0,0,1,0,0
19.0,0,25000.0,1,4.95,89.4,2,33.5,0,0,7.8,3.17,3.1,0,1,0,0,0,1,0,0,0,0,0
21.6,1,25000.0,0,4.33,90.3,2,43.2,0,0,6.0,0.46,0.31,1,0,0,0,0,0,0,1,0,0,0
21.4,0,194735.0,1,4.88,76.9,1,17.8,0,0,9.1,0.0,0.03,1,0,1,0,0,1,0,0,0,0,0
21.9,0,25000.0,0,5.14,80.7,3,37.4,1,0,6.4,3.16,3.59,1,1,0,0,0,1,0,0,0,0,0
18.7,1,28767.0,1,4.56,67.8,7,12.6,0,0,8.9,0.62,0.56,1,0,0,1,0,0,0,1,0,1,0
17.5,1,30136.0,1,6.07,81.3,1,33.0,1,0,8.1,3.5,3.63,0,0,0,0,0,0,0,1,0,0,0
22.4,1,29691.0,1,3.85,82.3,1,42.8,0,0,8.4,0.91,1.4,1,0,0,1,0,0,1,0,0,1,0
24.3,0,25000.0,0,5.54,73.1,1,16.3,1,0,3.4,3.01,3.12,0,0,0,0,0,0,1,0,1,0,0
18.7,1,40053.0,1,3.19,77.8,2,39.9,0,0,6.7,2.42,2.33,0,0,0,0,0,0,1,0,0,0,0
24.5,1,25000.0,1,4.53,72.8,2,32.7,1,0,5.4,1.06,0.8,1,0,1,0,0,0,0,1,0,0,1
21.6,1,70375.0,1,2.92,69.4,1,24.5,1,1,3.1,1.38,0.75,0,0,1,0,0,0,0,0,0,0,0
21.0,1,25000.0,0,2.94,93.9,0,15.6,0,1,7.9,3.25,3.84,0,0,0,0,1,0,0,0,0,0,0
20.1,1,30813.0,1,5.71,69.4,1,32.9,0,0,7.6,0.47,0.18,1,0,0,0,0,0,0,0,0,0,0
18.0,0,25000.0,1,6.71,82.9,0,35.9,1,0,5.2,2.3,1.83,0,0,0,1,0,0,0,0,1,0,0
23.2,1,25000.0,1,3.79,89.8,4,26.2,1,0,4.4,4.0,3.89,0,1,0,0,0,0,0,1,0,1,0
19.3,0,25000.0,1,2.69,93.4,4,18.2,0,1,5.6,2.26,2.39,0,1,0,0,0,0,0,0,0,0,0
19.3,0,25000.0,1,3.99,73.5,1,39.1,0,1,2.2,3.28,2.7,0,0,0,1,0,0,0,1,1,0,0
23.2,0,71642.0,1,3.0,92.2,5,44.2,0,0,3.1,1.94,2.22,0,1,0,0,0,0,0,1,0,1,0
17.0,0,29017.0,1,5.69,83.3,0,41.4,1,0,5.0,1.76,1.66,0,0,1,0,0,0,1,0,1,0,0
17.6,1,64566.0,1,4.78,86.6,1,49.1,1,1,6.6,0.47,0.71,1,1,0,0,0,0,1,0,1,0,0
21.0,1,25000.0,1,4.76,96.1,1,22.2,1,0,5.2,2.5,2.12,0,0,1,0,0,0,0,0,0,0,0
21.6,1,42773.0,1,3.85,86.9,0,13.0,0,1,4.5,2.93,2.54,0,0,0,0,0,0,0,0,0,1,0
22.1,0,25000.0,1,3.07,74.6,0,34.9,0,0,4.0,2.45,2.23,0,0,1,0,0,1,0,0,0,0,0
20.3,1,25000.0,1,5.37,65.6,3,25.2,0,0,9.9,0.79,1.32,1,1,0,0,1,0,0,0,1,0,0
26.6,0,25000.0,1,3.86,87.1,4,41.9,0,0,3.6,3.21,3.11,1,0,1,0,0,0,0,1,0,0,0
20.5,0,36368.0,1,2.65,85.3,4,17.6,1,0,2.2,3.65,3.36,0,0,1,0,0,0,1,0,0,0,0
20.5,0,34796.0,1,6.02,75.6,2,18.4,0,0,4.5,1.69,1.26,0,0,0,0,0,1,0,0,1,0,0
19.2,0,47400.0,1,7.21,83.5,2,30.8,0,0,6.4,4.0,4.0,0,0,0,0,0,0,0,1,0,0,0
21.3,0,29740.5,0,4.0,71.2,0,32.1,0,0,5.5,1.04,1.09,1,0,1,0,0,0,0,1,1,0,0
22.4,1,100280.0,1,4.46,84.9,1,38.1,0,1,4.1,3.31,3.42,0,1,0,0,0,0,1,0,0,1,0
23.6,0,33045.0,1,6.36,71.3,1,28.8,0,0,5.8,1.97,1.88,1,0,1,0,0,0,0,1,0,1,0
17.7,1,53911.0,1,3.61,91.7,3,7.0,0,0,7.5,1.6,2.08,0,1,0,0,0,0,0,0,1,0,0
20.5,0,25000.0,1,5.46,98.8,6,71.4,0,1,5.9,3.67,3.4,0,0,0,0,0,1,0,0,0,0,0
22.0,0,29740.5,0,4.0,84.3,4,30.4,1,1,5.5,4.0,4.0,0,0,0,0,0,0,0,0,0,1,0
22.3,1,45735.0,1,4.63,85.1,3,64.7,0,0,5.8,1.86,1.98,1,0,0,0,0,1,0,0,1,0,0
21.0,0,28184.0,1,2.75,86.7,3,28.5,0,1,4.2,1.48,1.56,0,0,0,0,0,0,0,1,1,0,0
22.2,1,48983.0,1,3.67,84.2,1,17.4,1,0,6.3,3.24,3.91,0,0,0,0,1,0,0,0,1,0,0
19.2,0,36745.0,1,1.84,73.2,0,26.2,0,1,7.4,1.01,1.0,0,0,1,0,0,0,1,0,0,1,0
24.4,0,25000.0,1,4.64,93.3,2,43.2,0,1,7.9,3.82,4.0,0,0,0,0,0,0,0,1,0,0,0
23.2,0,56647.0,0,4.52,85.6,2,37.4,0,0,6.3,0.26,0.0,0,0,0,0,0,0,1,0,0,0,0
18.0,1,25000.0,1,2.67,86.5,1,33.7,0,1,5.5,1.73,1.67,0,1,0,0,0,0,0,0,0,0,0
18.6,1,43269.0,1,6.85,90.1,2,29.3,0,0,8.9,1.31,1.34,1,1,0,0,0,0,1,0,1,0,0
18.7,0,64149.0,1,4.1,89.7,2,31.6,0,1,5.7,3.04,2.71,0,0,1,0,0,1,0,0,0,0,0
22.5,0,25000.0,0,3.82,91.9,1,28.2,1,0,4.6,3.5,3.72,0,0,1,0,0,0,0,1,0,0,0
18.2,1,59492.0,0,2.73,85.6,0,44.4,1,1,4.3,3.88,3.65,0,0,1,0,0,0,0,0,0,0,0
20.3,1,37744.0,0,5.02,75.1,4,41.0,1,1,4.1,3.02,2.84,0,0,1,0,0,1,0,0,0,0,1
22.0,1,49571.0,1,2.83,85.3,2,18.7,1,0,4.6,2.3,2.37,1,1,0,0,0,0,1,0,0,1,0
20.9,0,25000.0,1,4.99,81.8,1,12.3,0,0,9.0,3.13,2.92,0,1,0,0,0,0,1,0,0,1,0
21.6,1,33812.0,1,2.86,75.0,4,15.3,0,1,4.1,0.19,0.02,0,1,0,0,0,0,0,0,1,0,0
18.7,1,25000.0,1,4.57,93.6,0,25.7,1,1,8.2,3.73,3.4,0,0,0,1,0,1,0,0,0,1,0
22.3,0,83015.0,1,3.75,80.8,1,32.7,0,0,5.1,2.31,2.29,0,1,0,0,0,0,0,0,0,0,0
19.7,1,25000.0,1,5.02,83.8,3,29.3,0,0,7.4,1.65,1.95,1,1,0,0,0,0,1,0,1,0,0
20.3,0,25000.0,1,2.31,76.2,0,37.6,1,0,3.6,1.91,2.02,1,0,1,0,0,0,0,0,1,0,0
21.5,1,25000.0,1,4.59,81.6,4,29.8,1,0,5.5,2.61,2.65,0,0,0,1,1,0,0,0,1,0,0
21.2,1,44570.0,1,2.72,89.4,0,49.1,0,1,2.6,3.15,3.11,0,0,0,0,1,0,0,0,1,0,0
21.1,1,94312.0,1,3.16,98.4,0,36.1,0,0,5.5,2.52,2.65,0,1,0,0,1,0,0,0,0,1,0
19.3,1,44044.0,1,4.75,70.3,1,30.2,1,1,6.9,1.82,2.35,0,0,0,0,0,0,0,0,0,0,0
20.3,1,175742.0,1,4.06,82.2,4,11.9,1,1,7.2,1.71,1.61,0,0,0,0,0,0,0,0,0,1,0
21.0,1,25000.0,1,4.49,57.0,3,34.2,0,0,5.5,3.44,3.52,0,0,1,0,0,0,1,0,0,0,0
18.0,1,25000.0,1,4.98,78.6,3,36.0,1,0,4.9,2.23,1.82,0,1,0,0,1,0,0,0,0,0,0
20.0,0,25000.0,1,4.22,82.9,0,21.4,0,0,5.7,1.8,1.54,0,1,0,0,0,0,1,0,0,1,0
21.9,1,31976.0,1,3.82,83.3,2,16.1,1,0,4.5,4.0,3.89,0,1,0,0,1,0,0,0,0,0,0
18.2,0,25000.0,1,2.7,95.1,3,43.1,0,0,4.5,0.88,1.03,0,1,0,0,0,1,0,0,1,0,0
23.5,0,29740.5,1,4.0,80.2,4,18.4,0,0,5.5,3.62,3.39,0,0,0,1,0,1,0,0,1,0,0
23.8,1,43144.0,0,4.71,94.5,1,32.0,0,0,5.9,3.49,2.8,0,1,0,0,0,0,0,0,0,0,0
18.3,1,29740.5,1,4.0,84.0,2,30.4,1,0,5.5,2.01,1.81,0,0,0,0,1,0,0,0,0,1,0
24.0,0,25000.0,1,3.58,77.9,1,35.4,1,1,7.8,1.7,1.26,0,0,1,0,0,0,0,0,0,0,0
20.7,1,25000.0,0,4.27,83.5,0,18.5,0,1,4.9,2.04,1.64,0,1,0,0,0,0,0,0,0,0,0
21.9,1,25000.0,1,3.99,83.0,4,28.6,1,0,4.0,2.57,2.77,0,0,0,1,0,0,1,0,1,0,0
19.9,1,54503.0,1,4.69,83.6,1,18.4,0,1,4.2,3.85,4.0,0,0,1,0,0,0,0,0,0,0,1
23.0,0,25000.0,0,3.25,76.4,0,30.9,0,1,2.8,2.6,2.49,0,1,0,0,1,0,0,0,1,0,0
21.9,0,25000.0,1,6.18,76.3,2,36.0,0,1,6.8,0.65,0.71,1,0,0,1,0,0,1,0,0,0,0
19.2,1,42151.0,1,4.9,91.1,0,40.7,1,0,3.0,3.29,3.6,0,0,0,0,0,0,0,0,0,0,0
18.4,0,48090.0,0,1.65,90.4,1,47.9,0,0,1.4,3.25,3.07,0,0,0,0,0,0,0,0,1,0,0
17.8,0,70069.0,1,4.37,75.4,0,26.8,0,1,6.8,1.49,1.25,0,1,0,0,1,0,0,0,0,0,0
21.4,1,39398.0,1,5.05,80.9,3,26.6,1,0,6.7,2.78,2.59,0,0,0,0,0,0,1,0,0,0,0
22.3,0,32152.0,1,2.28,85.1,2,45.3,1,0,3.6,3.8,4.0,0,0,0,1,0,0,0,1,0,1,0
22.4,0,41983.0,1,5.43,88.5,2,36.9,1,1,6.0,2.69,2.4,1,0,0,0,0,0,1,0,0,1,0
20.7,0,25325.0,1,4.82,83.5,2,44.8,0,0,3.1,2.43,1.84,0,0,0,1,1,0,0,0,0,0,1
18.5,1,25214.0,0,2.3,91.2,2,53.4,0,0,5.3,2.27,2.36,0,0,0,0,1,0,0,0,1,0,0
19.5,0,25000.0,1,3.78,81.4,2,19.9,0,0,6.1,1.33,1.68,1,0,0,1,0,0,0,1,1,0,0
23.5,0,50820.0,1,2.51,94.4,2,39.7,0,0,6.7,0.98,0.72,1,1,0,0,1,0,0,0,1,0,0
19.9,0,33755.0,1,5.09,100.0,2,22.8,0,1,6.2,2.96,3.27,0,1,0,0,0,1,0,0,1,0,0
21.3,0,47393.0,1,2.68,82.6,2,48.8,0,0,2.1,2.36,2.69,0,0,0,0,0,1,0,0,0,0,0
18.6,1,25000.0,1,2.79,85.0,2,15.7,0,0,6.0,3.46,3.26,0,0,1,0,0,1,0,0,0,0,0
21.7,0,29740.5,1,4.0,59.5,4,41.0,0,1,5.5,1.26,1.03,1,1,0,0,1,0,0,0,1,0,0
20.0,0,25000.0,1,6.69,80.6,0,23.4,0,1,6.2,3.02,3.23,0,0,1,0,0,0,0,1,0,1,0
23.3,1,73190.0,1,5.59,83.4,4,36.7,1,0,3.0,4.0,4.0,0,0,0,0,0,0,0,1,1,0,0
22.7,1,42982.0,1,2.71,87.6,2,45.2,1,1,4.2,1.91,2.19,0,0,1,0,0,1,0,0,0,0,0
19.9,1,34219.0,1,2.41,80.4,3,22.3,0,0,4.6,1.21,1.55,1,0,1,0,0,0,0,0,0,0,0
20.7,0,25000.0,1,3.23,88.0,4,12.4,0,0,1.3,4.0,4.0,0,0,0,1,0,1,0,0,0,0,0
19.8,0,37734.0,1,2.18,79.0,1,26.9,1,1,5.7,1.42,1.6,0,1,0,0,0,0,1,0,0,0,0
17.9,1,25000.0,1,5.02,90.1,0,25.4,0,0,4.9,2.3,2.51,0,0,0,1,0,0,0,1,0,0,0
19.1,1,28006.0,1,4.86,85.3,2,14.6,0,0,5.0,4.0,4.0,0,0,0,0,1,0,0,0,0,0,0
21.4,0,25000.0,1,5.19,85.0,2,5.9,0,0,5.3,2.65,1.95,0,0,0,0,0,0,0,0,0,0,0
21.7,0,115832.0,1,4.06,78.3,0,44.6,1,0,4.2,2.24,2.8,0,0,1,0,0,0,0,1,1,0,0
21.3,1,71824.0,0,4.16,81.3,2,47.9,0,0,7.0,1.75,1.59,0,0,0,1,0,0,0,0,0,1,0
20.3,1,56265.0,1,2.61,79.0,1,22.8,0,1,5.8,1.96,2.13,0,0,1,0,1,0,0,0,0,0,0
23.1,1,25000.0,1,4.36,89.0,7,26.5,0,0,4.5,2.55,2.8,0,0,0,1,0,0,0,0,1,0,0
21.1,0,49936.0,1,5.64,71.2,4,39.7,0,0,6.3,2.28,1.93,0,0,1,0,1,0,0,0,1,0,0
22.5,0,33276.0,1,3.44,76.3,2,39.9,0,1,6.1,1.26,1.45,0,0,0,1,0,1,0,0,1,0,0
17.1,0,61950.0,1,4.53,91.7,0,51.3,0,1,3.8,2.1,1.7,0,0,0,0,1,0,0,0,0,1,0
17.0,1,36078.0,1,4.09,83.5,1,37.5,0,0,5.2,4.0,4.0,1,1,0,0,0,0,0,1,0,0,0
21.6,0,29613.0,1,3.31,91.8,5,17.7,0,0,5.2,3.76,3.65,0,1,0,0,0,0,0,1,0,0,0
17.9,0,34210.0,1,4.67,88.6,4,39.5,1,0,4.4,2.68,2.68,0,0,1,0,0,1,0,0,0,0,0
20.5,1,25000.0,1,6.36,89.5,2,21.6,1,1,3.1,4.0,3.95,0,1,0,0,0,0,0,0,1,0,0
20.3,1,25000.0,1,5.79,85.4,3,29.2,1,1,4.4,3.37,3.15,0,0,1,0,0,0,1,0,0,0,0
24.5,0,37198.0,1,2.91,76.7,4,43.4,0,0,7.8,0.56,0.9,1,1,0,0,0,1,0,0,1,0,0
21.9,0,58902.0,1,4.15,82.6,4,19.1,1,0,4.3,2.65,2.67,0,0,0,1,1,0,0,0,1,0,0
21.4,1,25000.0,1,4.95,72.0,2,29.1,1,0,7.1,1.15,1.11,0,0,0,1,0,0,0,1,0,0,0
22.8,1,29013.0,1,4.11,80.7,1,15.3,0,0,5.4,3.71,3.94,0,0,1,0,0,0,1,0,1,0,0
21.8,0,25000.0,1,2.33,77.6,1,18.1,0,1,5.8,1.64,1.64,0,0,0,1,0,0,0,0,1,0,0
20.0,0,71367.0,1,3.02,67.1,0,23.4,0,0,3.3,1.43,1.42,0,0,1,0,0,0,0,1,0,0,1
23.4,0,58003.0,1,4.82,85.4,1,49.6,0,1,7.6,1.78,1.99,1,0,0,0,0,1,0,0,0,1,0
18.6,1,43970.0,1,6.51,84.6,1,30.4,1,1,9.2,2.04,1.75,1,0,0,0,1,0,0,0,0,1,0
21.7,1,29740.5,1,4.0,92.1,2,61.7,0,1,5.5,3.06,3.21,0,0,0,1,0,1,0,0,0,1,0
17.6,1,75473.0,1,2.76,72.2,3,41.5,1,0,7.8,0.94,1.19,1,0,0,1,0,1,0,0,0,1,0
21.4,0,25000.0,0,5.47,90.6,1,41.8,0,1,3.2,1.58,1.54,0,0,0,1,0,0,0,1,0,1,0
21.4,0,25000.0,1,4.3,63.4,0,16.9,1,1,5.4,2.04,1.73,1,0,0,1,0,1,0,0,0,0,0
24.7,0,56213.0,1,3.49,80.8,0,28.2,1,1,3.4,4.0,3.88,0,0,0,1,0,0,0,0,0,0,0
17.6,1,53992.0,1,3.75,97.8,0,16.3,1,1,6.2,3.28,2.95,0,0,0,1,0,0,0,0,0,0,0
19.7,0,25000.0,1,3.82,81.8,2,26.3,0,1,5.1,2.79,2.87,0,0,0,0,1,0,0,0,0,0,0
22.8,0,25000.0,1,4.98,76.1,1,24.5,0,0,5.4,2.39,2.41,0,0,1,0,1,0,0,0,0,1,0
21.7,0,81917.0,1,4.3,81.3,2,29.5,1,1,7.9,2.51,2.77,0,0,0,0,1,0,0,0,0,0,1
21.4,0,38063.0,1,2.01,88.8,1,39.9,0,1,7.7,3.13,3.17,0,0,1,0,0,0,1,0,0,1,0
18.9,0,47681.0,1,3.83,79.7,1,26.9,0,0,5.2,1.75,1.83,0,0,1,0,0,0,0,0,1,0,0
19.7,0,25000.0,1,6.39,85.1,1,40.1,0,0,7.5,3.95,3.8,0,0,0,0,1,0,0,0,0,0,0
23.7,1,44090.0,1,5.44,85.0,4,12.4,0,1,7.6,1.81,1.08,1,0,0,0,0,0,0,1,1,0,0
20.9,0,25000.0,1,5.63,86.4,3,35.4,1,0,7.5,3.25,3.12,0,1,0,0,0,1,0,0,1,0,0
21.8,1,25000.0,1,2.91,90.3,1,24.8,1,0,5.8,2.8,2.29,0,0,1,0,0,0,0,0,0,0,0
20.7,0,45986.0,1,4.47,97.8,0,33.0,1,0,6.1,2.96,2.99,0,0,0,1,0,0,0,1,0,0,0
18.4,0,70310.0,1,5.23,82.7,0,40.4,0,0,5.0,0.44,1.03,0,0,1,0,0,0,1,0,0,0,0
23.1,1,25533.0,0,4.1,84.6,3,12.7,1,0,9.7,0.0,0.0,1,1,0,0,0,0,1,0,0,1,0
22.1,0,25000.0,1,5.54,72.5,2,47.6,1,0,6.2,2.42,2.61,1,1,0,0,0,1,0,0,0,1,0
26.1,0,82993.0,1,2.89,89.6,0,27.7,0,0,5.4,3.77,4.0,0,0,1,0,0,0,1,0,0,0,0
18.8,0,26453.0,1,4.28,92.9,4,52.3,1,1,6.4,3.61,3.46,0,1,0,0,1,0,0,0,1,0,0
22.8,0,28582.0,1,3.23,87.5,2,30.9,0,0,6.0,2.84,3.45,0,0,1,0,0,0,0,0,0,1,0
18.1,0,82156.0,0,5.92,70.9,5,45.9,0,0,9.2,1.42,1.96,1,1,0,0,0,0,0,0,1,0,0
21.3,0,25000.0,0,3.93,78.8,2,30.7,0,0,5.5,0.82,0.56,1,0,0,1,0,1,0,0,1,0,0
23.1,1,25000.0,1,3.73,82.4,0,33.2,0,1,6.9,1.81,1.66,0,0,0,0,0,0,0,0,0,0,0
17.0,1,48499.0,0,2.52,75.1,6,31.4,1,0,5.3,2.19,2.5,1,1,0,0,0,0,1,0,0,0,0
20.5,1,25000.0,1,5.08,99.2,2,27.4,0,0,2.5,4.0,3.62,0,0,0,1,0,0,0,0,1,0,0
19.8,0,27262.0,1,4.57,85.3,3,26.9,0,0,5.5,2.93,2.52,0,0,0,0,0,0,0,0,0,1,0
19.5,1,25000.0,1,3.98,89.5,0,32.7,0,0,7.0,1.11,0.59,0,1,0,0,0,0,1,0,0,0,0
21.8,0,33231.0,1,4.78,89.6,2,36.6,0,0,5.7,3.99,3.9,0,1,0,0,0,1,0,0,1,0,0
23.5,1,30973.0,1,5.39,82.9,3,32.8,0,1,3.4,2.33,2.6,0,0,0,0,0,0,0,0,0,0,0
20.7,0,53147.0,1,4.26,72.4,4,36.2,1,0,8.4,0.52,0.04,1,0,0,1,0,0,0,0,0,0,0
21.5,1,49730.0,1,4.58,88.3,3,11.8,1,1,3.4,3.34,3.16,0,0,0,1,0,0,0,0,0,0,0
21.3,0,41395.0,0,4.7,98.1,1,40.8,0,0,4.1,4.0,3.97,0,0,0,1,0,1,0,0,0,0,1
21.0,0,37668.0,1,1.71,79.0,2,21.1,1,1,3.5,2.38,2.72,0,0,1,0,1,0,0,0,0,0,1
18.6,0,28454.0,1,4.61,77.5,3,10.2,0,0,3.6,4.0,3.48,0,0,1,0,0,0,0,1,0,0,0
23.4,0,42862.0,1,1.87,88.7,3,52.2,0,1,5.6,1.88,2.34,1,1,0,0,0,1,0,0,0,0,0
21.6,0,25000.0,1,4.01,89.4,0,46.9,0,1,6.6,1.41,0.69,1,0,0,0,0,0,1,0,0,0,0
21.9,0,25000.0,1,4.73,91.2,2,29.9,0,1,4.4,4.0,4.0,0,0,1,0,0,1,0,0,1,0,0
19.2,0,59704.0,1,1.63,80.9,0,42.8,0,0,6.5,1.65,1.58,1,0,0,1,0,1,0,0,0,0,1
20.0,1,44556.0,1,4.07,80.9,0,26.0,0,0,6.9,1.61,1.71,0,0,0,0,1,0,0,0,0,0,0
20.6,0,27551.0,1,3.54,61.0,1,24.4,0,0,4.9,2.6,2.82,0,0,0,0,0,0,1,0,0,1,0
17.6,0,56655.0,1,3.68,82.4,3,22.9,0,0,2.8,4.0,3.98,1,0,0,1,0,0,1,0,0,0,0
17.3,1,25000.0,0,5.01,77.5,1,22.3,0,0,8.2,0.94,0.33,1,0,0,0,0,0,0,0,1,0,0
19.7,0,25000.0,1,6.47,64.3,1,26.9,0,1,4.3,2.5,2.65,0,0,0,0,0,0,0,1,0,0,0
22.1,0,25000.0,1,4.96,97.2,1,21.4,1,0,1.5,3.85,3.93,0,0,0,1,0,0,0,1,0,1,0
19.6,0,41797.0,1,4.03,83.9,1,5.0,0,0,4.8,3.1,3.26,0,0,0,0,0,0,0,1,0,0,0
18.8,0,25000.0,1,2.25,67.7,1,27.8,0,0,6.6,1.25,1.03,0,0,1,0,0,0,1,0,0,1,0
19.2,1,25000.0,1,5.78,85.0,1,18.4,0,0,6.8,2.98,3.14,0,1,0,0,1,0,0,0,0,1,0
20.0,1,35377.0,1,3.79,96.9,1,33.6,0,0,3.5,3.5,3.16,0,0,0,0,0,0,0,0,1,0,0
20.2,1,25000.0,1,1.81,91.6,5,27.1,0,0,2.2,2.89,2.88,0,0,0,0,0,0,1,0,0,0,0
25.8,1,25000.0,0,2.5,89.7,0,37.6,1,1,6.1,1.92,1.96,0,1,0,0,0,0,0,0,1,0,0
23.3,0,25000.0,1,2.35,72.1,5,30.2,1,1,6.4,1.07,0.93,1,0,1,0,0,0,0,0,0,0,0
23.3,1,42765.0,1,2.55,77.6,1,14.8,0,0,7.5,0.95,0.88,1,0,0,0,0,0,0,0,0,0,0
23.6,0,25000.0,1,5.32,75.1,2,14.8,0,0,7.3,1.5,1.72,0,0,0,1,0,1,0,0,0,0,0
18.8,0,25000.0,1,4.26,82.1,2,15.1,1,0,5.8,1.8,1.82,1,0,1,0,1,0,0,0,1,0,0
18.3,0,25000.0,1,4.7,88.2,2,19.6,0,0,3.8,2.55,2.06,0,0,0,0,1,0,0,0,0,1,0
18.6,1,25000.0,1,0.5,85.5,0,21.6,1,0,4.6,1.63,1.64,0,0,0,1,0,0,0,1,0,0,0
23.9,1,25000.0,1,5.0,74.7,2,41.0,0,0,5.1,1.93,1.56,0,0,0,1,0,1,0,0,0,0,0
19.8,1,95361.0,1,4.82,80.5,1,32.2,0,1,3.9,2.03,1.69,0,0,0,0,0,0,0,0,0,0,0
18.2,1,25000.0,0,1.67,90.3,0,7.7,0,0,7.4,2.16,2.57,0,0,0,0,0,0,0,1,0,0,0
20.1,0,25000.0,0,2.38,86.1,1,19.5,1,0,7.4,2.87,2.6,0,0,0,1,0,0,1,0,1,0,0
20.5,0,31702.0,0,5.48,85.2,0,29.6,0,0,3.0,3.77,3.68,0,0,0,1,0,0,0,0,1,0,0
21.6,1,25000.0,1,3.22,75.0,2,17.9,0,0,4.9,3.09,3.06,0,0,1,0,0,0,1,0,1,0,0
21.6,0,33768.0,1,5.31,83.3,2,31.0,0,1,9.2,1.93,2.16,0,1,0,0,1,0,0,0,1,0,0
19.2,1,25000.0,1,4.01,72.9,0,19.9,0,0,7.6,1.56,1.19,0,0,0,0,0,1,0,0,0,0,0
22.5,0,74463.0,1,3.33,75.4,1,28.4,0,1,5.8,2.27,2.7,0,0,0,0,0,1,0,0,1,0,0
19.6,1,25000.0,1,3.82,70.2,3,23.2,1,0,7.5,0.76,0.5,1,0,1,0,0,0,0,1,0,0,1
20.7,0,25000.0,1,1.41,95.8,3,31.3,1,1,8.5,1.15,1.19,1,0,0,0,0,0,0,0,0,1,0
22.5,1,25000.0,1,4.5,96.2,0,47.3,0,1,5.7,2.6,2.05,0,0,0,1,0,0,0,0,0,0,0
19.6,1,37493.0,1,2.44,74.0,2,40.7,1,0,3.1,0.02,0.0,1,0,0,1,0,0,1,0,0,1,0
19.7,1,27702.0,1,1.62,75.8,5,17.0,1,0,7.0,2.7,2.7,1,0,0,0,1,0,0,0,0,1,0
22.3,1,46690.0,1,2.07,79.5,6,60.1,0,0,7.1,1.94,1.64,0,0,0,0,1,0,0,0,0,0,0
19.1,0,40177.0,1,2.82,91.7,1,44.2,0,0,3.7,4.0,4.0,0,1,0,0,0,0,0,1,0,0,0
20.2,1,25000.0,1,4.76,86.9,0,21.8,0,0,6.0,1.81,0.71,0,0,1,0,0,1,0,0,1,0,0
22.2,0,25000.0,0,2.96,93.1,3,19.6,1,0,4.1,2.77,2.77,0,0,0,1,0,0,1,0,1,0,0
25.5,0,25000.0,1,4.98,95.5,3,34.1,0,0,2.5,2.81,3.06,1,0,0,1,0,0,0,1,1,0,0
22.3,0,92098.0,1,5.15,85.9,0,38.5,1,1,5.9,1.68,1.78,0,1,0,0,0,0,1,0,0,0,0
22.0,0,45003.0,0,5.25,84.4,0,51.2,0,1,8.1,0.61,1.36,0,1,0,0,1,0,0,0,0,0,0
22.2,1,92504.0,1,6.39,92.9,3,36.1,1,1,6.1,3.56,3.33,0,0,0,0,0,0,0,1,0,0,0
18.6,0,49240.0,0,4.61,90.6,3,22.0,0,1,5.8,4.0,3.83,0,1,0,0,1,0,0,0,1,0,0
21.3,0,28620.0,1,4.76,90.6,0,23.9,0,0,3.1,3.64,3.59,0,0,1,0,0,0,0,1,1,0,0
20.9,0,25000.0,1,3.16,85.8,0,37.5,0,0,6.6,1.62,1.24,0,0,0,0,1,0,0,0,0,1,0
21.7,0,33554.0,1,0.99,90.3,2,13.9,1,0,4.5,2.35,2.66,0,0,0,1,0,0,0,1,0,1,0
21.3,0,28666.0,1,4.42,79.6,4,47.9,0,0,4.1,3.54,2.89,0,0,0,0,0,1,0,0,0,0,0
21.8,1,28108.0,1,2.22,77.5,0,23.5,0,1,7.1,2.04,1.88,0,1,0,0,0,0,1,0,0,0,1
20.3,0,26227.0,1,2.18,79.3,2,41.5,1,1,3.3,2.03,2.31,0,0,0,0,1,0,0,0,0,0,0
21.1,0,25000.0,1,2.49,100.0,2,44.4,0,1,5.1,2.2,2.39,0,1,0,0,1,0,0,0,1,0,0
18.3,1,63355.0,1,4.84,73.7,1,66.7,1,0,3.4,3.67,3.63,0,0,0,0,0,0,0,0,0,0,0
20.3,0,28846.0,1,5.26,89.5,1,26.3,0,0,5.0,1.93,1.76,0,0,0,1,0,0,0,0,0,0,0
24.1,1,25000.0,1,4.21,97.8,1,26.7,1,1,1.6,4.0,4.0,0,0,0,1,0,0,0,0,0,1,0
21.7,1,39698.0,1,2.56,85.2,3,26.0,1,0,6.5,3.01,2.7,0,0,0,1,0,0,1,0,0,1,0
21.0,0,25000.0,1,3.63,79.5,0,32.1,0,0,6.2,2.95,3.06,0,0,1,0,0,0,0,1,0,0,0
25.2,0,41659.0,1,5.83,86.4,0,22.3,1,0,9.4,2.45,2.36,0,0,0,0,0,0,1,0,0,0,1
18.0,0,50463.0,1,3.66,78.1,1,44.5,1,1,5.9,1.67,1.34,1,1,0,0,0,0,0,0,1,0,0
18.6,0,54818.0,0,3.35,74.7,4,42.1,0,1,3.9,2.04,1.95,0,0,0,0,0,0,0,0,1,0,0
24.8,1,26996.0,1,5.76,92.8,0,26.9,1,0,7.3,2.28,2.31,0,0,1,0,1,0,0,0,1,0,0
21.1,0,25000.0,1,6.96,92.3,2,21.5,0,0,7.2,2.58,2.64,1,0,0,0,0,0,1,0,0,1,0
20.5,1,25000.0,1,3.57,79.5,1,24.8,0,0,7.9,1.85,2.01,1,0,1,0,0,0,0,1,0,0,0
18.4,1,25000.0,1,1.88,78.1,2,24.4,0,1,2.0,2.08,1.67,0,0,0,1,0,1,0,0,0,1,0
22.0,1,29427.0,1,4.1,83.7,2,35.9,0,0,4.2,3.07,2.96,0,0,0,0,0,0,0,1,1,0,0
22.2,0,26223.0,1,3.56,81.2,0,32.3,0,1,3.9,1.91,2.14,0,0,0,0,1,0,0,0,0,0,0
18.6,1,25000.0,1,5.92,75.5,1,39.9,0,0,8.3,3.41,3.52,0,0,1,0,0,0,0,1,0,0,0
20.7,0,25000.0,0,2.33,69.8,5,47.8,1,1,6.9,0.85,0.75,1,1,0,0,0,0,0,0,0,1,0
20.3,0,27854.0,1,2.81,70.3,2,33.6,1,1,7.5,1.72,2.27,0,0,0,1,0,0,1,0,0,0,1
21.6,1,25000.0,1,3.52,72.4,3,37.1,0,0,3.5,3.1,2.86,0,0,0,1,1,0,0,0,0,0,1
18.5,0,25000.0,1,4.9,73.7,4,59.5,0,0,5.7,2.55,2.79,0,0,1,0,0,1,0,0,0,0,0
23.8,1,48940.0,1,2.62,83.7,0,36.8,1,0,2.6,0.94,0.95,1,1,0,0,0,0,0,0,0,1,0
23.0,1,86099.0,1,5.39,75.6,4,24.1,0,0,3.5,2.36,2.25,0,0,0,0,0,0,0,0,0,0,0
20.2,0,52974.0,1,3.36,75.8,2,29.2,1,0,5.7,2.73,2.46,1,0,0,1,0,0,1,0,0,1,0
20.5,0,25000.0,0,2.03,72.0,4,10.0,0,0,5.9,1.66,1.45,1,1,0,0,0,0,0,0,1,0,0
20.7,0,28850.0,1,2.9,72.1,3,36.5,0,1,6.2,1.09,0.49,0,0,0,1,0,1,0,0,1,0,0
19.3,0,74926.0,1,2.22,71.9,2,23.4,0,0,4.3,0.21,0.0,1,0,0,1,0,0,0,0,0,0,1
20.0,0,29740.5,1,4.0,66.4,3,19.3,1,0,5.5,3.41,3.59,0,1,0,0,0,0,0,1,0,1,0
20.4,0,47551.0,1,6.5,90.3,3,19.6,0,0,5.5,1.58,2.24,0,0,0,1,0,1,0,0,0,0,0
24.5,1,25000.0,1,4.18,94.0,1,43.7,1,1,8.3,2.19,2.16,0,0,1,0,0,0,1,0,0,0,0
23.1,1,81668.0,1,5.38,82.4,3,26.9,0,1,4.7,4.0,4.0,0,1,0,0,0,0,0,0,0,0,0
23.1,1,25000.0,1,3.47,90.5,2,39.2,0,1,2.2,4.0,4.0,0,0,0,0,0,0,1,0,0,0,1
21.8,1,113258.0,1,4.79,75.7,3,34.6,0,1,6.6,2.2,2.04,0,0,0,1,0,1,0,0,0,0,0
18.5,1,83854.0,1,2.95,86.5,4,32.4,1,0,6.1,0.21,0.29,0,0,0,0,0,0,0,1,0,0,0
20.9,0,27893.0,0,6.23,75.0,2,25.4,0,0,3.9,2.46,2.52,0,0,0,0,1,0,0,0,1,0,0
23.1,0,25000.0,1,3.67,85.5,2,35.9,0,0,4.9,3.49,3.58,0,0,0,0,0,0,0,1,0,0,0
18.2,0,33419.0,1,2.9,75.4,3,24.9,0,1,5.8,1.88,1.45,0,1,0,0,1,0,0,0,1,0,0
22.4,1,26686.0,1,2.34,76.1,0,31.9,1,0,4.8,3.44,3.79,0,1,0,0,0,1,0,0,1,0,0
26.1,1,25000.0,0,2.51,81.6,0,43.3,1,0,3.5,3.01,3.01,0,0,0,1,1,0,0,0,0,0,0
23.3,1,25000.0,1,2.34,95.0,0,45.8,0,1,5.1,2.81,2.81,0,1,0,0,0,0,1,0,1,0,0
24.1,0,29740.5,1,4.0,88.8,3,24.8,0,0,5.5,3.15,2.99,0,0,0,0,0,1,0,0,0,0,0
21.5,1,25000.0,1,3.72,76.2,0,34.5,0,0,4.8,4.0,4.0,0,1,0,0,0,0,0,1,0,0,0
23.1,0,41398.0,1,3.62,73.6,2,37.0,0,1,5.9,1.72,1.65,0,0,0,1,0,1,0,0,0,1,0
19.4,0,53887.0,0,8.28,75.5,1,32.8,0,1,5.2,2.86,2.68,0,1,0,0,0,1,0,0,0,0,0
22.8,0,46370.0,1,5.98,87.2,2,39.2,0,0,3.3,4.0,3.98,0,0,1,0,1,0,0,0,1,0,0
22.4,1,36513.0,1,2.37,83.7,3,39.3,1,1,5.3,3.13,2.97,1,0,0,0,0,0,0,0,0,0,0
21.6,0,25000.0,0,5.75,87.2,0,52.1,0,1,4.7,3.84,3.3,0,0,0,0,0,0,0,0,0,0,0
23.9,0,33632.0,1,3.54,77.9,5,55.9,0,1,6.9,2.1,2.19,0,0,0,0,0,0,0,1,0,0,0
19.8,0,47842.0,1,3.83,84.7,4,28.0,0,0,7.7,2.0,2.11,0,0,0,0,0,0,0,1,0,0,1
20.6,1,25000.0,1,3.23,84.2,1,49.9,0,0,7.1,2.92,3.59,0,1,0,0,0,1,0,0,0,0,0
21.2,1,31933.0,1,3.8,92.1,1,35.3,1,0,4.2,3.59,3.36,1,0,0,1,0,0,0,0,0,0,0
18.7,1,29740.5,1,4.0,79.6,2,27.9,0,0,5.5,4.0,3.84,0,0,0,1,0,0,0,1,0,0,0
21.5,0,80613.0,1,3.56,89.2,4,37.3,1,0,2.8,4.0,3.91,0,1,0,0,0,0,0,1,1,0,0
17.2,1,49559.0,1,3.46,92.1,0,27.2,1,0,5.8,1.18,0.92,1,0,0,0,1,0,0,0,0,0,0
23.3,0,42851.0,1,4.61,81.8,3,29.5,1,1,4.2,1.8,1.27,0,0,1,0,0,0,0,1,0,0,0
21.1,1,25000.0,1,4.65,76.4,1,16.8,1,0,3.5,2.75,2.78,0,1,0,0,0,0,1,0,1,0,0
19.9,1,32982.0,1,4.18,81.8,2,31.0,0,1,9.0,0.75,0.29,1,0,1,0,0,0,1,0,0,1,0
19.2,1,27092.0,1,5.93,80.9,2,41.2,0,0,6.4,2.79,2.87,0,0,0,0,0,1,0,0,0,0,0
20.5,1,26952.0,1,5.39,80.4,7,38.6,1,0,6.1,2.0,2.04,1,0,0,1,0,0,1,0,0,0,0
22.5,0,25000.0,0,5.71,81.9,1,34.4,0,1,6.0,3.79,3.78,0,0,0,0,0,0,0,0,0,1,0
22.2,0,25000.0,0,3.03,80.6,3,50.8,1,0,8.4,0.76,0.81,1,0,0,1,0,0,0,0,0,1,0
19.4,0,29740.5,1,4.0,63.3,2,55.6,1,1,5.5,1.74,2.25,0,0,0,0,0,0,0,0,1,0,0
19.1,0,58024.0,1,4.36,81.0,1,36.0,0,0,6.6,2.54,2.52,0,0,0,1,0,0,0,0,1,0,0
22.4,0,25000.0,1,4.54,88.4,0,49.2,1,0,7.1,2.6,2.58,0,0,0,0,0,0,0,1,0,0,0
19.4,0,25000.0,1,2.7,75.1,4,34.2,0,0,8.8,1.54,2.02,0,0,0,1,0,1,0,0,1,0,0
21.1,1,86565.0,1,4.43,92.8,0,31.1,1,0,5.5,2.48,3.21,1,0,1,0,0,1,0,0,0,1,0
21.3,0,25000.0,1,1.76,90.7,5,41.5,0,1,7.7,2.1,2.02,1,0,0,1,0,0,0,0,1,0,0
21.7,0,27522.0,1,3.56,82.7,0,29.2,1,0,2.2,4.0,3.64,0,0,1,0,0,0,0,0,1,0,0
22.9,0,27746.0,1,2.31,62.9,1,5.0,1,0,9.3,1.22,1.38,1,1,0,0,0,1,0,0,1,0,0
18.2,0,25000.0,1,4.54,64.6,3,26.9,1,0,6.3,0.44,0.37,1,0,0,0,1,0,0,0,1,0,0
17.0,0,41902.0,1,5.03,82.9,3,11.9,0,0,6.9,1.53,1.58,1,0,1,0,0,0,0,1,0,1,0
19.8,0,25000.0,1,1.29,87.4,1,25.3,1,1,3.2,3.35,2.81,0,0,0,0,0,0,0,0,1,0,0
25.0,1,29201.0,1,0.5,96.2,2,23.5,1,0,3.1,2.07,1.38,0,0,0,1,0,0,1,0,1,0,0
25.4,1,38817.0,1,6.06,78.8,2,23.5,1,0,4.3,0.47,0.45,1,0,0,0,0,0,1,0,0,0,0
25.0,0,95371.0,1,2.48,77.9,4,17.4,0,0,5.5,1.68,0.71,1,0,0,1,0,0,0,0,0,0,0
20.6,0,25000.0,1,3.29,72.3,2,15.6,1,1,5.0,1.43,1.39,1,0,0,0,0,0,0,1,0,1,0
17.1,1,49961.0,1,2.63,86.8,0,22.2,1,0,4.8,0.77,0.43,0,0,1,0,0,1,0,0,0,0,1
17.0,1,50073.0,1,5.51,82.1,0,25.5,0,0,5.1,2.31,2.19,0,0,1,0,0,1,0,0,0,0,0
19.6,1,25000.0,0,5.22,78.2,3,26.4,1,1,1.3,3.55,3.48,1,1,0,0,0,1,0,0,0,0,0
20.6,0,42604.0,0,3.55,82.2,0,33.1,0,1,6.3,1.57,1.41,1,1,0,0,0,0,0,1,0,1,0
23.9,1,79703.0,1,4.88,81.2,4,38.5,0,1,5.2,1.7,1.9,0,0,1,0,0,0,0,1,0,1,0
22.9,0,25000.0,1,4.36,89.7,3,17.9,1,0,7.2,3.09,3.33,1,1,0,0,0,0,1,0,0,0,0
21.5,1,34368.0,1,4.4,78.6,3,19.5,0,1,4.6,1.85,2.13,0,1,0,0,0,0,0,1,0,1,0
19.0,1,37907.0,1,4.82,82.0,1,50.0,1,0,4.8,1.33,1.01,0,1,0,0,0,0,0,1,0,1,0
18.9,0,40966.0,1,3.99,88.8,2,39.1,0,0,5.8,1.03,1.43,1,0,0,0,1,0,0,0,0,1,0
21.6,1,47173.0,1,3.33,79.9,1,20.7,0,0,6.7,2.49,2.68,0,1,0,0,1,0,0,0,0,0,1
22.5,1,32852.0,1,5.16,76.1,4,15.0,1,0,7.6,2.37,2.34,0,0,1,0,1,0,0,0,0,1,0
21.9,1,40460.0,1,4.21,71.8,1,24.0,1,1,5.4,2.38,2.6,0,0,0,0,0,1,0,0,0,0,0
18.7,1,25000.0,0,3.98,73.7,1,27.0,0,0,6.3,3.3,3.2,0,1,0,0,0,0,1,0,0,0,0
22.4,0,32807.0,1,4.14,76.9,2,38.2,0,0,5.6,2.17,2.31,1,1,0,0,1,0,0,0,0,0,0
21.9,1,25000.0,1,3.19,89.7,0,5.0,1,1,5.0,3.61,3.16,0,0,1,0,0,0,0,0,0,0,0
18.6,0,25000.0,1,2.29,76.1,3,18.4,0,0,2.0,3.01,2.99,0,0,0,0,1,0,0,0,1,0,0
19.3,1,25000.0,1,3.18,80.3,0,51.6,0,0,5.9,1.22,1.38,0,0,1,0,0,1,0,0,0,0,0
22.5,0,34950.0,1,4.29,73.8,2,30.2,1,0,3.9,3.51,3.6,0,0,0,1,0,0,1,0,1,0,0
20.5,0,38618.0,0,3.89,82.4,2,30.7,0,0,7.1,2.5,2.52,1,0,0,1,1,0,0,0,0,0,0
24.5,0,25000.0,1,2.58,84.3,1,23.2,1,0,3.9,2.28,2.16,0,1,0,0,0,0,1,0,1,0,0
22.1,0,25000.0,1,2.17,84.8,1,39.5,0,0,4.5,3.96,3.65,0,0,0,1,0,0,0,0,1,0,0
19.9,1,45926.0,0,2.42,96.0,1,8.4,1,0,4.0,3.5,3.27,0,1,0,0,0,0,0,1,0,1,0
21.0,1,40332.0,1,3.77,81.9,0,24.9,0,0,6.5,2.18,2.57,0,0,0,0,0,0,0,1,1,0,0
21.1,0,50628.0,1,6.08,84.3,0,5.0,0,1,5.0,3.44,2.63,0,0,0,1,0,1,0,0,0,1,0
19.4,1,67555.0,1,2.43,77.5,0,29.8,0,1,6.5,1.92,1.57,1,0,0,1,0,0,1,0,0,1,0
19.0,1,41058.0,1,4.93,99.4,1,24.6,0,1,1.0,4.0,3.85,0,0,1,0,0,1,0,0,1,0,0
22.5,1,25000.0,1,2.18,88.8,0,10.4,0,1,9.1,0.0,0.0,1,0,0,1,0,0,1,0,0,0,0
22.9,1,31854.0,1,5.0,89.1,2,42.1,0,0,3.7,3.36,3.12,0,0,0,1,1,0,0,0,0,0,0
22.3,0,80494.0,1,3.11,90.7,1,38.3,0,1,6.9,1.54,1.55,0,0,0,1,1,0,0,0,0,0,0
24.3,1,156165.0,1,3.88,88.0,2,42.4,0,1,6.4,2.71,2.49,0,0,1,0,0,1,0,0,0,1,0
19.8,1,39256.0,0,4.91,91.1,1,11.9,1,1,6.8,3.52,3.25,0,0,0,1,0,0,0,1,0,0,0
24.7,0,41000.0,1,4.11,80.5,5,18.0,1,0,4.0,1.51,1.12,1,0,0,1,0,0,0,0,0,0,0
19.0,1,45955.0,1,4.31,100.0,2,44.4,1,1,4.9,3.08,3.36,0,0,0,1,0,0,0,1,0,0,0
18.8,0,30160.0,1,4.13,69.6,2,39.7,0,0,6.2,1.07,1.6,1,0,0,0,0,1,0,0,0,0,1
17.1,1,59773.0,1,6.41,79.8,4,46.8,0,1,5.5,2.74,2.77,1,1,0,0,0,0,0,0,0,0,0
20.0,0,54439.0,1,2.34,95.9,2,27.1,0,0,3.9,4.0,3.75,0,0,0,0,0,0,1,0,0,0,0
19.9,1,36777.0,1,3.82,80.6,2,28.7,0,1,6.5,3.09,3.4,0,0,0,1,0,0,0,1,1,0,0
22.2,1,25000.0,1,4.01,87.3,1,37.4,1,1,9.6,0.71,0.47,1,1,0,0,0,1,0,0,0,0,0
21.5,1,25000.0,1,2.84,78.2,2,13.8,0,1,4.7,2.17,1.98,0,0,0,1,0,0,1,0,0,0,0
18.4,0,46141.0,1,5.04,85.6,1,32.3,0,0,6.4,3.01,2.75,0,1,0,0,0,0,0,1,0,0,0
20.1,0,33783.0,1,3.43,79.1,0,60.4,0,0,5.9,1.18,0.79,0,0,0,0,0,0,0,1,1,0,0
20.2,0,25000.0,1,5.06,91.3,3,25.7,0,0,4.8,1.01,1.01,0,1,0,0,0,0,0,1,0,0,0
17.1,1,25000.0,1,4.11,84.3,1,10.8,0,0,7.0,0.72,0.61,0,1,0,0,1,0,0,0,1,0,0
18.8,1,44217.0,1,3.53,68.0,3,34.9,0,1,6.9,2.59,2.73,0,1,0,0,0,0,0,1,1,0,0
19.3,1,25000.0,0,6.24,75.5,4,19.2,0,0,4.5,3.29,3.46,0,1,0,0,0,0,0,1,0,0,0
24.2,1,35589.0,1,1.62,74.2,0,28.7,0,0,8.1,0.0,0.13,1,0,0,0,0,0,0,0,0,0,1
21.4,1,49322.0,0,4.81,93.2,2,43.1,0,1,5.5,2.14,2.3,0,0,1,0,1,0,0,0,0,0,0
22.5,0,41354.0,1,5.82,72.1,3,36.7,1,0,7.4,3.13,3.43,1,0,0,1,1,0,0,0,1,0,0
17.7,0,25000.0,1,2.06,79.9,1,24.1,0,1,6.1,1.37,1.15,0,1,0,0,0,1,0,0,0,0,0
23.6,0,25000.0,1,3.96,98.9,3,40.1,0,0,5.6,1.43,1.93,0,1,0,0,0,0,0,0,0,0,0
23.9,0,42286.0,0,4.62,92.0,0,10.0,1,1,5.5,1.6,0.97,0,1,0,0,0,0,0,0,0,0,0
17.0,0,61103.0,1,2.87,75.2,3,32.4,0,1,6.7,3.09,3.09,1,0,0,0,1,0,0,0,0,1,0
19.4,1,25000.0,1,4.73,74.9,4,25.4,0,0,3.5,3.45,3.43,0,0,0,1,1,0,0,0,0,0,0
22.1,0,40302.0,1,5.85,74.2,1,5.0,0,1,6.2,3.35,3.34,0,0,0,0,0,1,0,0,1,0,0
22.4,0,76796.0,1,4.95,83.7,1,15.5,1,0,7.9,2.17,2.2,0,0,0,0,0,0,0,0,0,1,0
